{
    "0": [
        0.4888888888888889,
        0.3958333333333333,
        0.5952380952380952,
        0.6938935919615955,
        0.8428994816087272,
        1.1193362550136103
    ],
    "1": [
        0.5222222222222223,
        0.9583333333333334,
        0.023809523809523808,
        1.259740313077556,
        0.8976005373352774,
        1.1422964360284107
    ],
    "2": [
        0.5666666666666667,
        0.8936170212765957,
        0.20930232558139536,
        0.8012056259482209,
        0.8967653668208868,
        1.0921731396767407
    ],
    "3": [
        0.5111111111111111,
        1.0,
        0.022222222222222223,
        0.9418897965991269,
        0.9261302404034122,
        1.0497484108008053
    ],
    "4": [
        0.4444444444444444,
        0.6904761904761905,
        0.22916666666666666,
        0.6107457958503173,
        0.8671511307639452,
        1.1172803093662986
    ],
    "5": [
        0.6222222222222222,
        0.9824561403508771,
        0.0,
        1.5720767846923165,
        0.9201515999964976,
        1.1754155175665129
    ],
    "6": [
        0.5777777777777777,
        1.0,
        0.0,
        1.7484607719202154,
        0.8575783994845456,
        1.1305789178140042
    ],
    "7": [
        0.4444444444444444,
        0.5,
        0.4,
        0.6954578676952669,
        0.8860396298987725,
        1.0761582023758802
    ],
    "8": [
        0.4777777777777778,
        0.6097560975609756,
        0.3673469387755102,
        0.9308443178750212,
        0.9517746306255636,
        1.0996684803621701
    ],
    "9": [
        0.4444444444444444,
        1.0,
        0.0,
        0.8206880106893513,
        0.614238250602748,
        1.1823974075935249
    ],
    "10": [
        0.5,
        0.14893617021276595,
        0.8837209302325582,
        1.1211588015671423,
        0.9667946645033947,
        1.1272836103363235
    ],
    "11": [
        0.5666666666666667,
        0.7090909090909091,
        0.34285714285714286,
        1.2292409898807692,
        0.8966930841710028,
        1.112765044031118
    ]
}