{
    "0": [
        0.4777777777777778,
        0.20833333333333334,
        0.7857142857142857,
        1.106431494724413,
        0.9237196231755173,
        1.1174880511602239
    ],
    "1": [
        0.5333333333333333,
        1.0,
        0.0,
        1.2368427783198614,
        0.8976005373352774,
        1.1422964360284107
    ],
    "2": [
        0.5333333333333333,
        1.0,
        0.023255813953488372,
        0.7575948240872213,
        0.8967653668208868,
        1.0921731396767407
    ],
    "3": [
        0.5111111111111111,
        0.9333333333333333,
        0.08888888888888889,
        1.0320038380213696,
        0.9261302404034122,
        1.0497484108008053
    ],
    "4": [
        0.4222222222222222,
        0.8333333333333334,
        0.0625,
        0.6242275002206065,
        0.8671511307639452,
        1.1172803093662986
    ],
    "5": [
        0.36666666666666664,
        0.05263157894736842,
        0.9090909090909091,
        0.9674923282935806,
        0.981492462634456,
        1.0033877050466204
    ],
    "6": [
        0.5777777777777777,
        1.0,
        0.0,
        1.7484607719202154,
        0.8575783994845456,
        1.1305789178140042
    ],
    "7": [
        0.5666666666666667,
        0.025,
        1.0,
        1.0113950981979323,
        1,
        1.0113950981979323
    ],
    "8": [
        0.45555555555555555,
        0.9512195121951219,
        0.04081632653061224,
        0.9476926786679639,
        0.951386072544974,
        1.0996684803621701
    ],
    "9": [
        0.5666666666666667,
        0.2,
        0.86,
        1.037572952356382,
        0.9570618728694352,
        1.043755518853184
    ],
    "10": [
        0.5,
        0.0425531914893617,
        1.0,
        1.1291033726266877,
        1,
        1.1272836103363235
    ],
    "11": [
        0.6,
        0.9818181818181818,
        0.0,
        1.335728201210925,
        0.8966930841710028,
        1.112765044031118
    ]
}