{
    "0": [
        0.4444444444444444,
        0.2916666666666667,
        0.6190476190476191,
        0.5487432982560243,
        0.8428994816087272,
        1.1193362550136103
    ],
    "1": [
        0.5333333333333333,
        1.0,
        0.0,
        1.2368427783198614,
        0.8976005373352774,
        1.1422964360284107
    ],
    "2": [
        0.5222222222222223,
        0.9361702127659575,
        0.06976744186046512,
        0.8285748875486006,
        0.8967653668208868,
        1.0921731396767407
    ],
    "3": [
        0.5,
        0.8666666666666667,
        0.13333333333333333,
        0.928145356606085,
        0.9261302404034122,
        1.0497484108008053
    ],
    "4": [
        0.43333333333333335,
        0.6666666666666666,
        0.22916666666666666,
        0.6403163444105577,
        0.8671511307639452,
        1.1172803093662986
    ],
    "5": [
        0.6333333333333333,
        1.0,
        0.0,
        1.560999435928594,
        0.9201515999964976,
        1.1754155175665129
    ],
    "6": [
        0.5777777777777777,
        1.0,
        0.0,
        1.7484607719202154,
        0.8575783994845456,
        1.1305789178140042
    ],
    "7": [
        0.5888888888888889,
        0.125,
        0.96,
        1.0019179612601925,
        0.9419149156328538,
        1.0551183010109986
    ],
    "8": [
        0.45555555555555555,
        1.0,
        0.0,
        0.9674974095780186,
        0.951386072544974,
        1.0996684803621701
    ],
    "9": [
        0.5,
        0.825,
        0.24,
        0.8398377568829869,
        0.614238250602748,
        1.1823974075935249
    ],
    "10": [
        0.45555555555555555,
        0.19148936170212766,
        0.7441860465116279,
        1.1762097026275546,
        0.9667946645033947,
        1.1272836103363235
    ],
    "11": [
        0.45555555555555555,
        0.14545454545454545,
        0.9428571428571428,
        1.1610932593117866,
        0.9770436733019048,
        1.112765044031118
    ]
}