{
    "0": [
        0.4222222222222222,
        0.041666666666666664,
        0.8571428571428571,
        0.7787089790537605,
        0.9237196231755173,
        1.1042350595192174
    ],
    "1": [
        0.5333333333333333,
        0.9791666666666666,
        0.023809523809523808,
        1.0651117220360011,
        0.8976005373352774,
        1.1422964360284107
    ],
    "2": [
        0.4111111111111111,
        0.3191489361702128,
        0.5116279069767442,
        0.801515387471304,
        0.9360634122815932,
        1.0921731396767407
    ],
    "3": [
        0.5,
        0.6,
        0.4,
        1.1144463190095943,
        0.9588859105006234,
        1.0404580926767923
    ],
    "4": [
        0.4444444444444444,
        0.8809523809523809,
        0.0625,
        0.5442106373858012,
        0.8671511307639452,
        1.1172803093662986
    ],
    "5": [
        0.5444444444444444,
        0.7894736842105263,
        0.12121212121212122,
        1.5230380457280417,
        0.9201515999964976,
        1.1754155175665129
    ],
    "6": [
        0.5777777777777777,
        0.9230769230769231,
        0.10526315789473684,
        1.7027566291195282,
        0.8575783994845456,
        1.1305789178140042
    ],
    "7": [
        0.5666666666666667,
        0.3,
        0.78,
        0.9759818574542173,
        0.9213085471592081,
        1.0761582023758802
    ],
    "8": [
        0.4666666666666667,
        0.0975609756097561,
        0.7755102040816326,
        0.9667412398610831,
        0.9517746306255636,
        1.0485393324718126
    ],
    "9": [
        0.5333333333333333,
        0.5,
        0.56,
        1.1963718043805074,
        0.9441287787096084,
        1.1412883414010726
    ],
    "10": [
        0.5,
        0.0425531914893617,
        1.0,
        1.1291033726266877,
        1,
        1.1272836103363235
    ],
    "11": [
        0.43333333333333335,
        0.18181818181818182,
        0.8285714285714286,
        1.0361081301576982,
        0.8966930841710028,
        1.112765044031118
    ]
}