{
    "0": [
        0.5555555555555556,
        0.7916666666666666,
        0.2857142857142857,
        1.607106363385179,
        0.8447552001712682,
        1.2316190464924501
    ],
    "1": [
        0.5222222222222223,
        0.9583333333333334,
        0.023809523809523808,
        1.259740313077556,
        0.8976005373352774,
        1.1422964360284107
    ],
    "2": [
        0.5555555555555556,
        0.9574468085106383,
        0.11627906976744186,
        0.813685977630596,
        0.8967653668208868,
        1.0921731396767407
    ],
    "3": [
        0.4777777777777778,
        0.9333333333333333,
        0.022222222222222223,
        1.0004349749943668,
        0.9261302404034122,
        1.0497484108008053
    ],
    "4": [
        0.4444444444444444,
        0.7619047619047619,
        0.16666666666666666,
        0.6855042819048212,
        0.8671511307639452,
        1.1172803093662986
    ],
    "5": [
        0.5,
        0.6140350877192983,
        0.30303030303030304,
        1.4050121632776225,
        0.9201515999964976,
        1.1754155175665129
    ],
    "6": [
        0.6,
        0.5576923076923077,
        0.6578947368421053,
        1.741042838351263,
        0.8707473242818813,
        1.1305789178140042
    ],
    "7": [
        0.4888888888888889,
        0.65,
        0.36,
        0.8678110461802562,
        0.8860396298987725,
        1.0761582023758802
    ],
    "8": [
        0.4888888888888889,
        0.6341463414634146,
        0.3673469387755102,
        1.074924771203522,
        0.9539722791134384,
        1.0996684803621701
    ],
    "9": [
        0.4444444444444444,
        0.55,
        0.36,
        0.917568177944242,
        0.614238250602748,
        1.1823974075935249
    ],
    "10": [
        0.4444444444444444,
        0.3617021276595745,
        0.5348837209302325,
        1.1582781229134111,
        0.9667946645033947,
        1.1272836103363235
    ],
    "11": [
        0.5111111111111111,
        0.5636363636363636,
        0.42857142857142855,
        1.3050492380750849,
        0.8966930841710028,
        1.112765044031118
    ]
}