{
    "0": [
        0.43333333333333335,
        0.08333333333333333,
        0.8333333333333334,
        0.7321038804086502,
        0.8447552001712682,
        1.1174880511602239
    ],
    "1": [
        0.5333333333333333,
        1.0,
        0.0,
        1.2368427783198614,
        0.8976005373352774,
        1.1422964360284107
    ],
    "2": [
        0.5444444444444444,
        1.0,
        0.046511627906976744,
        0.8093413481898989,
        0.8967653668208868,
        1.0921731396767407
    ],
    "3": [
        0.4888888888888889,
        0.6444444444444445,
        0.3333333333333333,
        1.0769422271551599,
        0.9336788081825143,
        1.0404580926767923
    ],
    "4": [
        0.4666666666666667,
        0.42857142857142855,
        0.5,
        0.7550573310079681,
        0.8671511307639452,
        1.1172803093662986
    ],
    "5": [
        0.6222222222222222,
        0.9824561403508771,
        0.0,
        1.5720767846923165,
        0.9201515999964976,
        1.1754155175665129
    ],
    "6": [
        0.5,
        0.75,
        0.15789473684210525,
        1.5213983098936323,
        0.8575783994845456,
        1.1305789178140042
    ],
    "7": [
        0.45555555555555555,
        0.225,
        0.64,
        0.8348630980585944,
        0.8860396298987725,
        1.0761582023758802
    ],
    "8": [
        0.4666666666666667,
        0.6829268292682927,
        0.2857142857142857,
        0.8911051072242211,
        0.9517746306255636,
        1.0996684803621701
    ],
    "9": [
        0.4777777777777778,
        0.425,
        0.52,
        0.7657996891072886,
        0.614238250602748,
        1.1823974075935249
    ],
    "10": [
        0.5,
        0.2553191489361702,
        0.7674418604651163,
        1.1855262953991634,
        0.9861434128561005,
        1.1272836103363235
    ],
    "11": [
        0.4111111111111111,
        0.05454545454545454,
        0.9714285714285714,
        1.1229631719852757,
        0.9897010365783592,
        1.112765044031118
    ]
}