{
    "0": [
        0.4222222222222222,
        0.25,
        0.6190476190476191,
        0.5398143664716217,
        0.8428994816087272,
        1.1193362550136103
    ],
    "1": [
        0.5333333333333333,
        1.0,
        0.0,
        1.2368427783198614,
        0.8976005373352774,
        1.1422964360284107
    ],
    "2": [
        0.5333333333333333,
        1.0,
        0.023255813953488372,
        0.7575948240872213,
        0.8967653668208868,
        1.0921731396767407
    ],
    "3": [
        0.4888888888888889,
        0.8222222222222222,
        0.15555555555555556,
        0.9610278616494667,
        0.9261302404034122,
        1.0497484108008053
    ],
    "4": [
        0.5111111111111111,
        0.30952380952380953,
        0.6875,
        0.9458636881984154,
        0.8935441597545427,
        1.1172803093662986
    ],
    "5": [
        0.6333333333333333,
        1.0,
        0.0,
        1.560999435928594,
        0.9201515999964976,
        1.1754155175665129
    ],
    "6": [
        0.5777777777777777,
        1.0,
        0.0,
        1.7484607719202154,
        0.8575783994845456,
        1.1305789178140042
    ],
    "7": [
        0.4888888888888889,
        0.225,
        0.7,
        0.8528957113156522,
        0.8860396298987725,
        1.0761582023758802
    ],
    "8": [
        0.5555555555555556,
        0.0975609756097561,
        0.9387755102040817,
        0.9670563932599996,
        0.9749271881654102,
        1.0076449051588752
    ],
    "9": [
        0.5111111111111111,
        0.525,
        0.5,
        1.0647387438390281,
        0.9441287787096084,
        1.0695539808017047
    ],
    "10": [
        0.5,
        0.0425531914893617,
        1.0,
        1.1291033726266877,
        1,
        1.1272836103363235
    ],
    "11": [
        0.5888888888888889,
        0.9454545454545454,
        0.02857142857142857,
        1.3046587104952068,
        0.8966930841710028,
        1.112765044031118
    ]
}