{
    "0": [
        0.4666666666666667,
        0.2708333333333333,
        0.6904761904761905,
        0.6165325389042356,
        0.8428994816087272,
        1.1174880511602239
    ],
    "1": [
        0.5111111111111111,
        0.9583333333333334,
        0.0,
        1.191259816828102,
        0.8976005373352774,
        1.1422964360284107
    ],
    "2": [
        0.5111111111111111,
        0.7446808510638298,
        0.2558139534883721,
        0.9706097138889521,
        0.9029473490481763,
        1.0921731396767407
    ],
    "3": [
        0.5555555555555556,
        0.4222222222222222,
        0.6888888888888889,
        1.0657456490148274,
        0.9336788081825143,
        1.0404580926767923
    ],
    "4": [
        0.43333333333333335,
        0.8809523809523809,
        0.041666666666666664,
        0.5317318089106577,
        0.8671511307639452,
        1.1026824909934292
    ],
    "5": [
        0.4222222222222222,
        0.2807017543859649,
        0.6666666666666666,
        1.1229730262191162,
        0.981492462634456,
        1.0767682140985009
    ],
    "6": [
        0.5666666666666667,
        0.9230769230769231,
        0.07894736842105263,
        1.7185006581900726,
        0.8575783994845456,
        1.1305789178140042
    ],
    "7": [
        0.5888888888888889,
        0.175,
        0.92,
        0.9411976285317162,
        0.9419149156328538,
        1.0551183010109986
    ],
    "8": [
        0.5333333333333333,
        0.024390243902439025,
        0.9591836734693877,
        1.0125733326478035,
        0.9979389251012581,
        1.0076449051588752
    ],
    "9": [
        0.5555555555555556,
        0.05,
        0.96,
        1.0432354781113147,
        0.9917111238109931,
        1.035316283045291
    ],
    "10": [
        0.4666666666666667,
        0.3829787234042553,
        0.5581395348837209,
        1.1261998806674525,
        0.9667946645033947,
        1.1272836103363235
    ],
    "11": [
        0.5111111111111111,
        0.38181818181818183,
        0.7142857142857143,
        1.1886882202660656,
        0.8966930841710028,
        1.112765044031118
    ]
}