{
    "0": [
        0.43333333333333335,
        0.020833333333333332,
        0.9047619047619048,
        0.6915834580927956,
        0.8447552001712682,
        1
    ],
    "1": [
        0.4777777777777778,
        0.7291666666666666,
        0.19047619047619047,
        0.921793616521265,
        0.8976005373352774,
        1.1422964360284107
    ],
    "2": [
        0.5333333333333333,
        0.9787234042553191,
        0.046511627906976744,
        0.8093413481898989,
        0.8967653668208868,
        1.0921731396767407
    ],
    "3": [
        0.4777777777777778,
        0.37777777777777777,
        0.5777777777777777,
        1.0302961422165973,
        0.9641825459408555,
        1.0404580926767923
    ],
    "4": [
        0.45555555555555555,
        0.6904761904761905,
        0.25,
        0.6443475725844853,
        0.8671511307639452,
        1.1172803093662986
    ],
    "5": [
        0.5222222222222223,
        0.8070175438596491,
        0.030303030303030304,
        1.6107463731230636,
        0.9201515999964976,
        1.1754155175665129
    ],
    "6": [
        0.5777777777777777,
        1.0,
        0.0,
        1.7484607719202154,
        0.8575783994845456,
        1.1305789178140042
    ],
    "7": [
        0.4222222222222222,
        0.85,
        0.08,
        1.005794158194096,
        0.8860396298987725,
        1.1545703884307477
    ],
    "8": [
        0.4777777777777778,
        0.8536585365853658,
        0.16326530612244897,
        1.014091482544867,
        0.951386072544974,
        1.0996684803621701
    ],
    "9": [
        0.45555555555555555,
        0.95,
        0.06,
        0.8406143603169172,
        0.614238250602748,
        1.1823974075935249
    ],
    "10": [
        0.5,
        0.0425531914893617,
        1.0,
        1.1291033726266877,
        1,
        1.1272836103363235
    ],
    "11": [
        0.5666666666666667,
        0.7272727272727273,
        0.3142857142857143,
        1.2140480023322946,
        0.8966930841710028,
        1.112765044031118
    ]
}