{
    "0": [
        0.5666666666666667,
        0.7708333333333334,
        0.3333333333333333,
        1.704606774811082,
        0.8796590351586018,
        1.2316190464924501
    ],
    "1": [
        0.5333333333333333,
        1.0,
        0.0,
        1.2368427783198614,
        0.8976005373352774,
        1.1422964360284107
    ],
    "2": [
        0.6111111111111112,
        0.8936170212765957,
        0.3023255813953488,
        0.8762278113880191,
        0.8967653668208868,
        1.0921731396767407
    ],
    "3": [
        0.5444444444444444,
        0.9777777777777777,
        0.1111111111111111,
        1.1001072636795515,
        0.9336788081825143,
        1.0497484108008053
    ],
    "4": [
        0.5,
        0.47619047619047616,
        0.5208333333333334,
        0.803946795725601,
        0.8935441597545427,
        1.1172803093662986
    ],
    "5": [
        0.6333333333333333,
        1.0,
        0.0,
        1.560999435928594,
        0.9201515999964976,
        1.1754155175665129
    ],
    "6": [
        0.5666666666666667,
        0.9038461538461539,
        0.10526315789473684,
        1.7644604389976069,
        0.8575783994845456,
        1.1305789178140042
    ],
    "7": [
        0.6222222222222222,
        0.25,
        0.92,
        1.0540578827662686,
        0.9419149156328538,
        1.0551183010109986
    ],
    "8": [
        0.4888888888888889,
        0.14634146341463414,
        0.7755102040816326,
        0.9670010482547682,
        0.9696256965455654,
        1.0485393324718126
    ],
    "9": [
        0.5555555555555556,
        0.1,
        0.92,
        0.9856635686090522,
        0.949539875437737,
        1.0475966430219024
    ],
    "10": [
        0.5111111111111111,
        0.06382978723404255,
        1.0,
        1.1242435294492823,
        0.9956958385784468,
        1.1272836103363235
    ],
    "11": [
        0.5888888888888889,
        0.8,
        0.2571428571428571,
        1.293131607970204,
        0.8966930841710028,
        1.112765044031118
    ]
}