{
    "0": [
        0.4666666666666667,
        0.75,
        0.14285714285714285,
        0.7178545497270348,
        0.8428994816087272,
        1.2316190464924501
    ],
    "1": [
        0.5111111111111111,
        0.2916666666666667,
        0.7619047619047619,
        1.3392679041552509,
        0.9358864027538706,
        1.1422964360284107
    ],
    "2": [
        0.5333333333333333,
        0.5319148936170213,
        0.5348837209302325,
        0.8258364891866454,
        0.8967653668208868,
        1.0537517108668841
    ],
    "3": [
        0.4888888888888889,
        0.5777777777777777,
        0.4,
        0.8962687362155619,
        0.9261302404034122,
        1.0497484108008053
    ],
    "4": [
        0.5222222222222223,
        0.42857142857142855,
        0.6041666666666666,
        0.9227184875547478,
        0.911807536373567,
        1.061218017325207
    ],
    "5": [
        0.6444444444444445,
        0.9824561403508771,
        0.06060606060606061,
        1.590789212273983,
        0.9201515999964976,
        1.1754155175665129
    ],
    "6": [
        0.6,
        0.9807692307692307,
        0.07894736842105263,
        1.7972064946528692,
        0.8575783994845456,
        1.1305789178140042
    ],
    "7": [
        0.3888888888888889,
        0.3,
        0.46,
        0.961451550515779,
        0.8860396298987725,
        1.1545703884307477
    ],
    "8": [
        0.5222222222222223,
        0.4146341463414634,
        0.6122448979591837,
        1.0819236176415588,
        0.9539722791134384,
        1.0996684803621701
    ],
    "9": [
        0.5111111111111111,
        0.35,
        0.64,
        0.899209427145624,
        0.9441287787096084,
        1.0475966430219024
    ],
    "10": [
        0.5222222222222223,
        1.0,
        0.0,
        1.2414969434854326,
        0.9135810102599939,
        1.1272836103363235
    ],
    "11": [
        0.3888888888888889,
        0.0,
        1.0,
        1,
        1,
        1
    ]
}