{
    "0": [
        0.5666666666666667,
        0.875,
        0.21428571428571427,
        1.1561564820876387,
        0.8428994816087272,
        1.2316190464924501
    ],
    "1": [
        0.5444444444444444,
        0.3541666666666667,
        0.7619047619047619,
        1.3718471573792173,
        0.949454028674741,
        1.1422964360284107
    ],
    "2": [
        0.5333333333333333,
        0.48936170212765956,
        0.5813953488372093,
        0.9156325849456823,
        0.8967653668208868,
        1.085465458606541
    ],
    "3": [
        0.5222222222222223,
        0.5333333333333333,
        0.5111111111111111,
        1.2078602289212124,
        0.9641825459408555,
        1.0497484108008053
    ],
    "4": [
        0.5555555555555556,
        0.14285714285714285,
        0.9166666666666666,
        1.2029086625699381,
        0.951387060232398,
        1.1026824909934292
    ],
    "5": [
        0.5111111111111111,
        0.5789473684210527,
        0.3939393939393939,
        1.17121298521401,
        0.9201515999964976,
        1.0767682140985009
    ],
    "6": [
        0.5555555555555556,
        0.7692307692307693,
        0.2631578947368421,
        1.3202794985673305,
        0.8575783994845456,
        1.1305789178140042
    ],
    "7": [
        0.4111111111111111,
        0.75,
        0.14,
        0.8482035487939892,
        0.8860396298987725,
        1.1545703884307477
    ],
    "8": [
        0.4888888888888889,
        0.2926829268292683,
        0.6530612244897959,
        0.9150095245579042,
        0.9517746306255636,
        1.0518116263863733
    ],
    "9": [
        0.4777777777777778,
        0.525,
        0.44,
        0.9317614404158957,
        0.9102666786883837,
        1.0695539808017047
    ],
    "10": [
        0.4444444444444444,
        0.8085106382978723,
        0.046511627906976744,
        0.9820334028864829,
        0.9135810102599939,
        1.0759544369374359
    ],
    "11": [
        0.43333333333333335,
        0.4,
        0.4857142857142857,
        0.9202039618696775,
        0.8966930841710028,
        1.048539817428495
    ]
}