{
    "0": [
        0.45555555555555555,
        0.7291666666666666,
        0.14285714285714285,
        0.7224333847951698,
        0.8428994816087272,
        1.2316190464924501
    ],
    "1": [
        0.5111111111111111,
        0.5208333333333334,
        0.5,
        1.1298228133415444,
        0.8976005373352774,
        1.1422964360284107
    ],
    "2": [
        0.5111111111111111,
        0.19148936170212766,
        0.8604651162790697,
        1.075719050718371,
        0.9380556815520376,
        1.085465458606541
    ],
    "3": [
        0.5222222222222223,
        0.17777777777777778,
        0.8666666666666667,
        1.069313428043184,
        0.969124793782672,
        1.0312008864121507
    ],
    "4": [
        0.4666666666666667,
        0.6666666666666666,
        0.2916666666666667,
        0.6469013215529044,
        0.8671511307639452,
        1.1172803093662986
    ],
    "5": [
        0.3333333333333333,
        0.08771929824561403,
        0.7575757575757576,
        1.0236982971992077,
        0.9780040625231602,
        1.0767682140985009
    ],
    "6": [
        0.6111111111111112,
        1.0,
        0.07894736842105263,
        1.9342109822483329,
        0.8575783994845456,
        1.1305789178140042
    ],
    "7": [
        0.4666666666666667,
        0.675,
        0.3,
        1.02706565807898,
        0.9213085471592081,
        1.1545703884307477
    ],
    "8": [
        0.45555555555555555,
        0.8048780487804879,
        0.16326530612244897,
        0.9427186969033777,
        0.951386072544974,
        1.0996684803621701
    ],
    "9": [
        0.5555555555555556,
        0.475,
        0.62,
        1.0263889515889077,
        0.9441287787096084,
        1.0475966430219024
    ],
    "10": [
        0.5,
        0.3404255319148936,
        0.6744186046511628,
        1.173896301113266,
        0.9836560439473043,
        1.1272836103363235
    ],
    "11": [
        0.4888888888888889,
        0.2545454545454545,
        0.8571428571428571,
        1.2544471204532117,
        0.9398616925512996,
        1.112765044031118
    ]
}