{
    "0": [
        0.5666666666666667,
        0.8541666666666666,
        0.23809523809523808,
        1.6054449924178846,
        0.8447552001712682,
        1.2316190464924501
    ],
    "1": [
        0.5222222222222223,
        0.25,
        0.8333333333333334,
        1.2039764491157297,
        0.9637423772859813,
        1.0897668882566307
    ],
    "2": [
        0.5777777777777777,
        0.7872340425531915,
        0.3488372093023256,
        0.9169524642113922,
        0.8967653668208868,
        1.085465458606541
    ],
    "3": [
        0.5222222222222223,
        0.7777777777777778,
        0.26666666666666666,
        0.9768971115743238,
        0.9261302404034122,
        1.0497484108008053
    ],
    "4": [
        0.4777777777777778,
        0.40476190476190477,
        0.5416666666666666,
        0.636913373736229,
        0.8671511307639452,
        1.1172803093662986
    ],
    "5": [
        0.36666666666666664,
        0.0,
        1.0,
        1,
        1,
        1
    ],
    "6": [
        0.5888888888888889,
        0.9230769230769231,
        0.13157894736842105,
        1.8921350702986306,
        0.8575783994845456,
        1.1305789178140042
    ],
    "7": [
        0.5555555555555556,
        0.2,
        0.84,
        1.0319548143041621,
        0.8860396298987725,
        1.1545703884307477
    ],
    "8": [
        0.4777777777777778,
        0.975609756097561,
        0.061224489795918366,
        1.0854549262019093,
        0.951386072544974,
        1.0996684803621701
    ],
    "9": [
        0.5555555555555556,
        0.175,
        0.86,
        1.2096828946264655,
        0.9399775357549068,
        1.1823974075935249
    ],
    "10": [
        0.4888888888888889,
        0.8936170212765957,
        0.046511627906976744,
        1.0854424953003043,
        0.9135810102599939,
        1.078811281340542
    ],
    "11": [
        0.4222222222222222,
        0.07272727272727272,
        0.9714285714285714,
        1.0136948799156336,
        0.9398616925512996,
        1.0383465311660456
    ]
}