{
    "0": [
        0.5555555555555556,
        0.8958333333333334,
        0.16666666666666666,
        1.119805639530065,
        0.8428994816087272,
        1.2316190464924501
    ],
    "1": [
        0.5111111111111111,
        0.125,
        0.9523809523809523,
        1.0616693942926396,
        0.9068769836662509,
        1.0897668882566307
    ],
    "2": [
        0.4888888888888889,
        0.14893617021276595,
        0.8604651162790697,
        1.0509896233064298,
        0.9592102013492623,
        1.0537517108668841
    ],
    "3": [
        0.4888888888888889,
        0.6444444444444445,
        0.3333333333333333,
        0.9385574610379507,
        0.9261302404034122,
        1.0497484108008053
    ],
    "4": [
        0.4666666666666667,
        0.30952380952380953,
        0.6041666666666666,
        0.6316113383568818,
        0.8671511307639452,
        1.1172803093662986
    ],
    "5": [
        0.4222222222222222,
        0.21052631578947367,
        0.7878787878787878,
        0.9872570253963967,
        0.9201515999964976,
        1.0359036230261935
    ],
    "6": [
        0.6,
        0.8076923076923077,
        0.3157894736842105,
        2.108386196497172,
        0.8575783994845456,
        1.1305789178140042
    ],
    "7": [
        0.3888888888888889,
        0.575,
        0.24,
        0.7928581288625344,
        0.8860396298987725,
        1.1545703884307477
    ],
    "8": [
        0.5333333333333333,
        0.1951219512195122,
        0.8163265306122449,
        0.9300161167733237,
        0.9517746306255636,
        1.0510177227494786
    ],
    "9": [
        0.4777777777777778,
        0.4,
        0.54,
        0.7500780314670509,
        0.614238250602748,
        1.1823974075935249
    ],
    "10": [
        0.5222222222222223,
        1.0,
        0.0,
        1.2414969434854326,
        0.9135810102599939,
        1.1272836103363235
    ],
    "11": [
        0.5888888888888889,
        0.7090909090909091,
        0.4,
        1.2567760312701464,
        0.8966930841710028,
        1.112765044031118
    ]
}