{
    "0": [
        0.4111111111111111,
        0.4791666666666667,
        0.3333333333333333,
        0.571201197190115,
        0.8428994816087272,
        1.1199363948156908
    ],
    "1": [
        0.4777777777777778,
        0.08333333333333333,
        0.9285714285714286,
        1.0230343360015597,
        0.9358864027538706,
        1.066876746895579
    ],
    "2": [
        0.5666666666666667,
        0.5319148936170213,
        0.6046511627906976,
        0.8793285256399518,
        0.8967653668208868,
        1.085465458606541
    ],
    "3": [
        0.5666666666666667,
        0.5333333333333333,
        0.6,
        1.2603085286187732,
        0.9641825459408555,
        1.0497484108008053
    ],
    "4": [
        0.5333333333333333,
        0.42857142857142855,
        0.625,
        0.9023658262025706,
        0.911807536373567,
        1.061218017325207
    ],
    "5": [
        0.4777777777777778,
        0.3508771929824561,
        0.696969696969697,
        1.5383367739234135,
        0.9861612369586473,
        1.1754155175665129
    ],
    "6": [
        0.5777777777777777,
        0.9615384615384616,
        0.05263157894736842,
        1.7444046040194197,
        0.8575783994845456,
        1.1305789178140042
    ],
    "7": [
        0.4777777777777778,
        0.525,
        0.44,
        0.965583261560855,
        0.8860396298987725,
        1.1545703884307477
    ],
    "8": [
        0.5111111111111111,
        0.4634146341463415,
        0.5510204081632653,
        1.0261014462729527,
        0.9517746306255636,
        1.0996684803621701
    ],
    "9": [
        0.45555555555555555,
        0.85,
        0.14,
        0.7582046988896888,
        0.614238250602748,
        1.1823974075935249
    ],
    "10": [
        0.6111111111111112,
        0.7872340425531915,
        0.4186046511627907,
        1.3190005647551413,
        0.9135810102599939,
        1.1272836103363235
    ],
    "11": [
        0.4222222222222222,
        0.2909090909090909,
        0.6285714285714286,
        1.0183044741721146,
        0.9398616925512996,
        1.048539817428495
    ]
}