{
    "0": [
        0.5444444444444444,
        0.7916666666666666,
        0.2619047619047619,
        1.560778020701368,
        0.8447552001712682,
        1.2316190464924501
    ],
    "1": [
        0.45555555555555555,
        0.0,
        0.9761904761904762,
        1.0854244543378067,
        1,
        1.0854244543378067
    ],
    "2": [
        0.5,
        0.40425531914893614,
        0.6046511627906976,
        1.0439577138973026,
        0.9380556815520376,
        1.0921731396767407
    ],
    "3": [
        0.5666666666666667,
        0.8444444444444444,
        0.28888888888888886,
        0.9896691595618525,
        0.9261302404034122,
        1.0497484108008053
    ],
    "4": [
        0.5111111111111111,
        0.3333333333333333,
        0.6666666666666666,
        0.8760148006226226,
        0.911807536373567,
        1.061218017325207
    ],
    "5": [
        0.3888888888888889,
        0.05263157894736842,
        0.9696969696969697,
        0.9979058037789168,
        0.9901862735180618,
        1.0033877050466204
    ],
    "6": [
        0.4888888888888889,
        0.5576923076923077,
        0.39473684210526316,
        1.479727972052185,
        0.930098717169988,
        1.1305789178140042
    ],
    "7": [
        0.4111111111111111,
        0.75,
        0.14,
        0.8398631758044997,
        0.8860396298987725,
        1.1545703884307477
    ],
    "8": [
        0.4222222222222222,
        0.8780487804878049,
        0.04081632653061224,
        0.9716639922785348,
        0.951386072544974,
        1.0996684803621701
    ],
    "9": [
        0.4666666666666667,
        0.675,
        0.3,
        0.9059407486236779,
        0.9102666786883837,
        1.0695539808017047
    ],
    "10": [
        0.45555555555555555,
        0.425531914893617,
        0.4883720930232558,
        0.962133385735363,
        0.9135810102599939,
        1.0759544369374359
    ],
    "11": [
        0.4666666666666667,
        0.2909090909090909,
        0.7428571428571429,
        1.0713268404313916,
        0.9398616925512996,
        1.048539817428495
    ]
}