{
    "0": [
        0.4666666666666667,
        0.3333333333333333,
        0.6190476190476191,
        0.6631350523051083,
        0.8447552001712682,
        1.1174880511602239
    ],
    "1": [
        0.5111111111111111,
        0.4375,
        0.5952380952380952,
        1.2964253149347418,
        0.9068769836662509,
        1.1422964360284107
    ],
    "2": [
        0.5,
        0.2978723404255319,
        0.7209302325581395,
        0.9722636215402038,
        0.9029473490481763,
        1.0537517108668841
    ],
    "3": [
        0.5555555555555556,
        0.5555555555555556,
        0.5555555555555556,
        1.079448990994594,
        0.9489630275408387,
        1.0497484108008053
    ],
    "4": [
        0.5444444444444444,
        0.40476190476190477,
        0.6666666666666666,
        0.9556881260816964,
        0.9001306779661119,
        1.1026824909934292
    ],
    "5": [
        0.36666666666666664,
        0.0,
        1.0,
        1,
        1,
        1
    ],
    "6": [
        0.5888888888888889,
        0.9807692307692307,
        0.05263157894736842,
        1.5870597103914612,
        0.8575783994845456,
        1.1305789178140042
    ],
    "7": [
        0.5111111111111111,
        0.15,
        0.8,
        0.982759153717445,
        0.9694681754682821,
        1.0445942805401474
    ],
    "8": [
        0.5333333333333333,
        0.0975609756097561,
        0.8979591836734694,
        0.9856885123041976,
        0.9560672212093944,
        1.0364075305018494
    ],
    "9": [
        0.4666666666666667,
        0.575,
        0.38,
        0.8375089274508618,
        0.614238250602748,
        1.1823974075935249
    ],
    "10": [
        0.5888888888888889,
        0.5957446808510638,
        0.5813953488372093,
        1.1753083757950695,
        0.9135810102599939,
        1.078811281340542
    ],
    "11": [
        0.3888888888888889,
        0.0,
        1.0,
        1,
        1,
        1
    ]
}