{
    "0": [
        0.4444444444444444,
        0.14583333333333334,
        0.7857142857142857,
        0.6080415378640692,
        0.8428994816087272,
        1.1193362550136103
    ],
    "1": [
        0.5,
        0.375,
        0.6428571428571429,
        1.3298141335899323,
        0.8976005373352774,
        1.1422964360284107
    ],
    "2": [
        0.5444444444444444,
        0.6382978723404256,
        0.4418604651162791,
        0.933931541233782,
        0.8967653668208868,
        1.085465458606541
    ],
    "3": [
        0.5,
        0.6888888888888889,
        0.3111111111111111,
        1.177135638489755,
        0.9489630275408387,
        1.0497484108008053
    ],
    "4": [
        0.4222222222222222,
        0.4523809523809524,
        0.3958333333333333,
        0.6713656957990484,
        0.8935441597545427,
        1.061218017325207
    ],
    "5": [
        0.5333333333333333,
        0.49122807017543857,
        0.6060606060606061,
        1.3638496406413154,
        0.9510629311205345,
        1.1754155175665129
    ],
    "6": [
        0.5777777777777777,
        0.9615384615384616,
        0.05263157894736842,
        1.8138661618497007,
        0.8575783994845456,
        1.1305789178140042
    ],
    "7": [
        0.6444444444444445,
        0.625,
        0.66,
        1.4509975947899454,
        0.9289094236928562,
        1.1545703884307477
    ],
    "8": [
        0.5333333333333333,
        0.6585365853658537,
        0.42857142857142855,
        1.049768255645716,
        0.951386072544974,
        1.0833847541861696
    ],
    "9": [
        0.4777777777777778,
        0.425,
        0.52,
        0.832140144582739,
        0.9102666786883837,
        1.0475966430219024
    ],
    "10": [
        0.4777777777777778,
        0.0,
        1.0,
        1,
        1,
        1
    ],
    "11": [
        0.3888888888888889,
        0.03636363636363636,
        0.9428571428571428,
        0.9925307817856134,
        0.9856624098875701,
        1.0098903726328514
    ]
}