{
    "0": [
        0.4666666666666667,
        0.3125,
        0.6428571428571429,
        0.8025680109761725,
        0.8428994816087272,
        1.2316190464924501
    ],
    "1": [
        0.5111111111111111,
        0.6875,
        0.30952380952380953,
        0.974018972341602,
        0.8993958574636876,
        1.1422964360284107
    ],
    "2": [
        0.5333333333333333,
        0.2765957446808511,
        0.813953488372093,
        1.0937765145272356,
        0.9380556815520376,
        1.085465458606541
    ],
    "3": [
        0.6111111111111112,
        0.5777777777777777,
        0.6444444444444445,
        1.2422643530870163,
        0.9641825459408555,
        1.0404580926767923
    ],
    "4": [
        0.5222222222222223,
        0.5238095238095238,
        0.5208333333333334,
        0.9309459573999064,
        0.911807536373567,
        1.1026824909934292
    ],
    "5": [
        0.6333333333333333,
        1.0,
        0.0,
        1.560999435928594,
        0.9201515999964976,
        1.1754155175665129
    ],
    "6": [
        0.5888888888888889,
        0.8461538461538461,
        0.23684210526315788,
        1.6062722982834612,
        0.8575783994845456,
        1.1305789178140042
    ],
    "7": [
        0.4777777777777778,
        0.45,
        0.5,
        0.919335115090413,
        0.8860396298987725,
        1.1545703884307477
    ],
    "8": [
        0.4777777777777778,
        0.6097560975609756,
        0.3673469387755102,
        0.9347782832943362,
        0.9517746306255636,
        1.0996684803621701
    ],
    "9": [
        0.4222222222222222,
        0.725,
        0.18,
        0.7250709103676807,
        0.614238250602748,
        1.1823974075935249
    ],
    "10": [
        0.6,
        0.851063829787234,
        0.32558139534883723,
        1.4464802944978372,
        0.9372473116814342,
        1.1272836103363235
    ],
    "11": [
        0.43333333333333335,
        0.14545454545454545,
        0.8857142857142857,
        1.0581809784380016,
        0.9398616925512996,
        1.048539817428495
    ]
}