{
    "0": [
        0.5222222222222223,
        0.75,
        0.2619047619047619,
        0.9161838921107375,
        0.8428994816087272,
        1.1193362550136103
    ],
    "1": [
        0.5444444444444444,
        1.0,
        0.023809523809523808,
        1.3079436465313166,
        0.8976005373352774,
        1.1422964360284107
    ],
    "2": [
        0.5555555555555556,
        0.7446808510638298,
        0.3488372093023256,
        0.8806022913597723,
        0.8967653668208868,
        1.0921731396767407
    ],
    "3": [
        0.5111111111111111,
        0.8,
        0.2222222222222222,
        0.9663773406814175,
        0.9261302404034122,
        1.0497484108008053
    ],
    "4": [
        0.5111111111111111,
        0.8571428571428571,
        0.20833333333333334,
        0.5551873963224776,
        0.8671511307639452,
        1.1172803093662986
    ],
    "5": [
        0.3888888888888889,
        0.07017543859649122,
        0.9393939393939394,
        0.9693946083686186,
        0.981492462634456,
        1.0033877050466204
    ],
    "6": [
        0.4666666666666667,
        0.07692307692307693,
        1.0,
        1.0972724139562788,
        0.9667343450617607,
        1.1305789178140042
    ],
    "7": [
        0.5333333333333333,
        0.9,
        0.24,
        1.0245352036765702,
        0.8860396298987725,
        1.1545703884307477
    ],
    "8": [
        0.4888888888888889,
        0.4878048780487805,
        0.4897959183673469,
        0.7525339008710503,
        0.951386072544974,
        1.0437919307734291
    ],
    "9": [
        0.45555555555555555,
        0.825,
        0.16,
        0.7741182106501685,
        0.614238250602748,
        1.1823974075935249
    ],
    "10": [
        0.5,
        0.1702127659574468,
        0.8604651162790697,
        1.1999372257570364,
        0.9135810102599939,
        1.1272836103363235
    ],
    "11": [
        0.6111111111111112,
        0.8727272727272727,
        0.2,
        1.2239702736987792,
        0.8966930841710028,
        1.112765044031118
    ]
}