{
    "0": [
        0.5666666666666667,
        0.5416666666666666,
        0.5952380952380952,
        1.9818017180674585,
        0.9034652714751406,
        1.2316190464924501
    ],
    "1": [
        0.43333333333333335,
        0.7291666666666666,
        0.09523809523809523,
        0.9011822282589245,
        0.8976005373352774,
        1.1422964360284107
    ],
    "2": [
        0.5444444444444444,
        0.5319148936170213,
        0.5581395348837209,
        0.9811640232961006,
        0.8967653668208868,
        1.0921731396767407
    ],
    "3": [
        0.4666666666666667,
        0.8888888888888888,
        0.044444444444444446,
        0.9905582436954387,
        0.9261302404034122,
        1.0497484108008053
    ],
    "4": [
        0.45555555555555555,
        0.5476190476190477,
        0.375,
        0.673910747206262,
        0.8671511307639452,
        1.1172803093662986
    ],
    "5": [
        0.5222222222222223,
        0.543859649122807,
        0.48484848484848486,
        1.2738076190506493,
        0.9534713219780738,
        1.1754155175665129
    ],
    "6": [
        0.5666666666666667,
        0.9423076923076923,
        0.05263157894736842,
        1.7302730119161718,
        0.8575783994845456,
        1.1305789178140042
    ],
    "7": [
        0.4777777777777778,
        0.875,
        0.16,
        1.0006797970826515,
        0.8860396298987725,
        1.1545703884307477
    ],
    "8": [
        0.4444444444444444,
        0.8780487804878049,
        0.08163265306122448,
        1.0170279733343335,
        0.951386072544974,
        1.0996684803621701
    ],
    "9": [
        0.5666666666666667,
        0.725,
        0.44,
        1.374029652795633,
        0.9102666786883837,
        1.1823974075935249
    ],
    "10": [
        0.4666666666666667,
        0.44680851063829785,
        0.4883720930232558,
        1.0503488042167535,
        0.9135810102599939,
        1.1272836103363235
    ],
    "11": [
        0.5333333333333333,
        0.3090909090909091,
        0.8857142857142857,
        1.293049478968705,
        0.9786622155337532,
        1.112765044031118
    ]
}