{
    "0": [
        0.5333333333333333,
        0.4166666666666667,
        0.6666666666666666,
        1.4371717166857096,
        0.8428994816087272,
        1.1193362550136103
    ],
    "1": [
        0.4777777777777778,
        0.7291666666666666,
        0.19047619047619047,
        0.9582312646079184,
        0.8976005373352774,
        1.1422964360284107
    ],
    "2": [
        0.4444444444444444,
        0.10638297872340426,
        0.813953488372093,
        0.9621214405222229,
        0.9360634122815932,
        1.0537517108668841
    ],
    "3": [
        0.5,
        0.8222222222222222,
        0.17777777777777778,
        0.9980675002754291,
        0.9261302404034122,
        1.0497484108008053
    ],
    "4": [
        0.5111111111111111,
        0.30952380952380953,
        0.6875,
        0.6094706267719353,
        0.8671511307639452,
        1.1172803093662986
    ],
    "5": [
        0.43333333333333335,
        0.42105263157894735,
        0.45454545454545453,
        1.0853987799687255,
        0.9510629311205345,
        1.0338337391099
    ],
    "6": [
        0.5888888888888889,
        1.0,
        0.02631578947368421,
        1.7205636472751917,
        0.8575783994845456,
        1.1305789178140042
    ],
    "7": [
        0.4777777777777778,
        0.9,
        0.14,
        0.9870378939881245,
        0.8860396298987725,
        1.1545703884307477
    ],
    "8": [
        0.5111111111111111,
        0.8780487804878049,
        0.20408163265306123,
        1.0444264642849395,
        0.951386072544974,
        1.0996684803621701
    ],
    "9": [
        0.5666666666666667,
        0.525,
        0.6,
        1.370799557880741,
        0.9399775357549068,
        1.1823974075935249
    ],
    "10": [
        0.5222222222222223,
        0.19148936170212766,
        0.8837209302325582,
        1.2363433222684659,
        0.9135810102599939,
        1.1272836103363235
    ],
    "11": [
        0.5777777777777777,
        0.5818181818181818,
        0.5714285714285714,
        1.4381572614375282,
        0.9703375650076514,
        1.112765044031118
    ]
}