{
    "0": [
        0.43333333333333335,
        0.375,
        0.5,
        1.1947984648514896,
        0.8428994816087272,
        1.1193362550136103
    ],
    "1": [
        0.5,
        0.7291666666666666,
        0.23809523809523808,
        1.1029651947239496,
        0.8976005373352774,
        1.1422964360284107
    ],
    "2": [
        0.5555555555555556,
        0.6808510638297872,
        0.4186046511627907,
        0.9269059691072314,
        0.8967653668208868,
        1.0921731396767407
    ],
    "3": [
        0.4666666666666667,
        0.8888888888888888,
        0.044444444444444446,
        0.9905582436954387,
        0.9261302404034122,
        1.0497484108008053
    ],
    "4": [
        0.4666666666666667,
        0.8809523809523809,
        0.10416666666666667,
        0.6072165515138731,
        0.8671511307639452,
        1.1172803093662986
    ],
    "5": [
        0.37777777777777777,
        0.15789473684210525,
        0.7575757575757576,
        0.9989352728787467,
        0.981492462634456,
        1.0183483954699502
    ],
    "6": [
        0.4444444444444444,
        0.6538461538461539,
        0.15789473684210525,
        0.9702704664859491,
        0.8575783994845456,
        1.1305789178140042
    ],
    "7": [
        0.5111111111111111,
        0.925,
        0.18,
        0.9611756285058334,
        0.8860396298987725,
        1.1545703884307477
    ],
    "8": [
        0.45555555555555555,
        1.0,
        0.0,
        0.9674974095780186,
        0.951386072544974,
        1.0996684803621701
    ],
    "9": [
        0.5333333333333333,
        0.55,
        0.52,
        1.4377624609153579,
        0.9399775357549068,
        1.1823974075935249
    ],
    "10": [
        0.5222222222222223,
        0.23404255319148937,
        0.8372093023255814,
        1.1924183675491753,
        0.9135810102599939,
        1.1272836103363235
    ],
    "11": [
        0.4666666666666667,
        0.2727272727272727,
        0.7714285714285715,
        1.3348334723682942,
        0.9847707117429888,
        1.112765044031118
    ]
}