{
    "0": [
        0.5111111111111111,
        0.6458333333333334,
        0.35714285714285715,
        0.9287264327470705,
        0.8428994816087272,
        1.1193362550136103
    ],
    "1": [
        0.4666666666666667,
        0.7083333333333334,
        0.19047619047619047,
        1.0430344779371354,
        0.8976005373352774,
        1.1422964360284107
    ],
    "2": [
        0.4111111111111111,
        0.14893617021276595,
        0.6976744186046512,
        0.8691799156592358,
        0.9360634122815932,
        1.0537517108668841
    ],
    "3": [
        0.5333333333333333,
        0.5777777777777777,
        0.4888888888888889,
        0.9717900480193483,
        0.9261302404034122,
        1.0415837032379744
    ],
    "4": [
        0.5,
        0.7857142857142857,
        0.25,
        0.834600112443972,
        0.8671511307639452,
        1.1172803093662986
    ],
    "5": [
        0.5111111111111111,
        0.5789473684210527,
        0.3939393939393939,
        1.3956793775248186,
        0.981492462634456,
        1.1754155175665129
    ],
    "6": [
        0.4777777777777778,
        0.46153846153846156,
        0.5,
        1.173681020069084,
        0.8575783994845456,
        1.1305789178140042
    ],
    "7": [
        0.4666666666666667,
        0.975,
        0.06,
        0.9369063200237662,
        0.8860396298987725,
        1.1545703884307477
    ],
    "8": [
        0.4666666666666667,
        0.8292682926829268,
        0.16326530612244897,
        1.0523007217753342,
        0.951386072544974,
        1.0996684803621701
    ],
    "9": [
        0.5777777777777777,
        0.75,
        0.44,
        1.423778718121914,
        0.9302193023206287,
        1.1823974075935249
    ],
    "10": [
        0.5333333333333333,
        0.3617021276595745,
        0.7209302325581395,
        1.199732836551071,
        0.9135810102599939,
        1.1272836103363235
    ],
    "11": [
        0.5444444444444444,
        0.34545454545454546,
        0.8571428571428571,
        1.3697975588336209,
        0.9398616925512996,
        1.112765044031118
    ]
}