{
    "0": [
        0.5444444444444444,
        0.4791666666666667,
        0.6190476190476191,
        1.3416080562465087,
        0.8963314712725509,
        1.1149467244774425
    ],
    "1": [
        0.5333333333333333,
        1.0,
        0.0,
        1.2368427783198614,
        0.8976005373352774,
        1.1422964360284107
    ],
    "2": [
        0.4444444444444444,
        0.2765957446808511,
        0.627906976744186,
        0.840979016019088,
        0.8967653668208868,
        1.0921731396767407
    ],
    "3": [
        0.5222222222222223,
        0.9111111111111111,
        0.13333333333333333,
        1.053190416209694,
        0.9261302404034122,
        1.0497484108008053
    ],
    "4": [
        0.4777777777777778,
        0.9047619047619048,
        0.10416666666666667,
        0.4987418897358481,
        0.8671511307639452,
        1.1172803093662986
    ],
    "5": [
        0.5111111111111111,
        0.5263157894736842,
        0.48484848484848486,
        1.0695807958766084,
        0.9510629311205345,
        1.0338337391099
    ],
    "6": [
        0.4888888888888889,
        0.36538461538461536,
        0.6578947368421053,
        1.3434320247476639,
        0.930098717169988,
        1.1305789178140042
    ],
    "7": [
        0.5,
        0.775,
        0.28,
        1.1480263411731875,
        0.8860396298987725,
        1.1545703884307477
    ],
    "8": [
        0.4666666666666667,
        0.7560975609756098,
        0.22448979591836735,
        1.0374522815588847,
        0.951386072544974,
        1.0996684803621701
    ],
    "9": [
        0.5555555555555556,
        0.375,
        0.7,
        1.2103363696832765,
        0.9399775357549068,
        1.0695539808017047
    ],
    "10": [
        0.5111111111111111,
        0.2553191489361702,
        0.7906976744186046,
        1.1965904247543864,
        0.9135810102599939,
        1.1272836103363235
    ],
    "11": [
        0.5333333333333333,
        0.6363636363636364,
        0.37142857142857144,
        1.303361863656291,
        0.8966930841710028,
        1.112765044031118
    ]
}