{
    "0": [
        0.45555555555555555,
        0.16666666666666666,
        0.7857142857142857,
        1.140973388059802,
        0.9237196231755173,
        1.1042350595192174
    ],
    "1": [
        0.5333333333333333,
        1.0,
        0.0,
        1.2368427783198614,
        0.8976005373352774,
        1.1422964360284107
    ],
    "2": [
        0.4888888888888889,
        0.46808510638297873,
        0.5116279069767442,
        0.7306540985434774,
        0.8967653668208868,
        1.0537517108668841
    ],
    "3": [
        0.4777777777777778,
        0.9111111111111111,
        0.044444444444444446,
        0.9327492407792305,
        0.9261302404034122,
        1.0497484108008053
    ],
    "4": [
        0.5333333333333333,
        0.2619047619047619,
        0.7708333333333334,
        0.7642369015706577,
        0.8671511307639452,
        1.1172803093662986
    ],
    "5": [
        0.5111111111111111,
        0.43859649122807015,
        0.6363636363636364,
        1.095456349083375,
        0.9780040625231602,
        1.064734270853694
    ],
    "6": [
        0.5333333333333333,
        0.5576923076923077,
        0.5,
        1.5757505313862474,
        0.8575783994845456,
        1.1305789178140042
    ],
    "7": [
        0.4444444444444444,
        0.85,
        0.12,
        1.0097991344322326,
        0.8860396298987725,
        1.1545703884307477
    ],
    "8": [
        0.45555555555555555,
        0.8048780487804879,
        0.16326530612244897,
        1.0078365945664003,
        0.951386072544974,
        1.0833847541861696
    ],
    "9": [
        0.5555555555555556,
        0.55,
        0.56,
        1.2981754998447388,
        0.9302193023206287,
        1.1823974075935249
    ],
    "10": [
        0.5333333333333333,
        0.48936170212765956,
        0.5813953488372093,
        1.0688591013779114,
        0.9135810102599939,
        1.1272836103363235
    ],
    "11": [
        0.5555555555555556,
        0.6363636363636364,
        0.42857142857142855,
        1.1275251192359346,
        0.8966930841710028,
        1.112765044031118
    ]
}