{
    "0": [
        0.5111111111111111,
        0.4166666666666667,
        0.6190476190476191,
        0.8962428947447417,
        0.8428994816087272,
        1.1193362550136103
    ],
    "1": [
        0.5333333333333333,
        0.8333333333333334,
        0.19047619047619047,
        1.2516281851692717,
        0.8976005373352774,
        1.1422964360284107
    ],
    "2": [
        0.5444444444444444,
        0.5319148936170213,
        0.5581395348837209,
        0.8396295642712872,
        0.8967653668208868,
        1.0921731396767407
    ],
    "3": [
        0.5222222222222223,
        0.37777777777777777,
        0.6666666666666666,
        0.888137962827187,
        0.9261302404034122,
        1.0415837032379744
    ],
    "4": [
        0.4444444444444444,
        0.23809523809523808,
        0.625,
        0.7029254202693572,
        0.8671511307639452,
        1.0423761213303204
    ],
    "5": [
        0.6,
        0.8771929824561403,
        0.12121212121212122,
        1.4929066385955811,
        0.9510629311205345,
        1.1754155175665129
    ],
    "6": [
        0.5777777777777777,
        1.0,
        0.0,
        1.7484607719202154,
        0.8575783994845456,
        1.1305789178140042
    ],
    "7": [
        0.45555555555555555,
        0.9,
        0.1,
        0.9192543223542207,
        0.8860396298987725,
        1.1545703884307477
    ],
    "8": [
        0.45555555555555555,
        0.7560975609756098,
        0.20408163265306123,
        0.9447586562069029,
        0.951386072544974,
        1.0996684803621701
    ],
    "9": [
        0.5444444444444444,
        0.575,
        0.52,
        1.2350018688690727,
        0.9399775357549068,
        1.0873652710390624
    ],
    "10": [
        0.4222222222222222,
        0.5957446808510638,
        0.23255813953488372,
        0.9834264158286463,
        0.9135810102599939,
        1.1272836103363235
    ],
    "11": [
        0.5555555555555556,
        0.36363636363636365,
        0.8571428571428571,
        1.3177537722389971,
        0.9786622155337532,
        1.112765044031118
    ]
}