{
    "0": [
        0.4222222222222222,
        0.3541666666666667,
        0.5,
        0.5873926560539412,
        0.8447552001712682,
        1.1088237689448541
    ],
    "1": [
        0.4444444444444444,
        0.4375,
        0.4523809523809524,
        0.8908456131992933,
        0.8976005373352774,
        1.1131882542126519
    ],
    "2": [
        0.5333333333333333,
        0.9361702127659575,
        0.09302325581395349,
        0.8734829158185419,
        0.8967653668208868,
        1.0921731396767407
    ],
    "3": [
        0.5444444444444444,
        0.9333333333333333,
        0.15555555555555556,
        0.9970848836742234,
        0.9261302404034122,
        1.0497484108008053
    ],
    "4": [
        0.4777777777777778,
        0.14285714285714285,
        0.7708333333333334,
        0.6718628629681169,
        0.8671511307639452,
        1.1172803093662986
    ],
    "5": [
        0.3888888888888889,
        0.07017543859649122,
        0.9393939393939394,
        0.961443379819348,
        0.981492462634456,
        1.0033877050466204
    ],
    "6": [
        0.5111111111111111,
        0.8076923076923077,
        0.10526315789473684,
        1.196441218501158,
        0.8575783994845456,
        1.1270765377324055
    ],
    "7": [
        0.43333333333333335,
        0.475,
        0.4,
        0.9985696219731308,
        0.9213085471592081,
        1.0603394410351554
    ],
    "8": [
        0.5,
        0.5365853658536586,
        0.46938775510204084,
        0.8055506621742358,
        0.951386072544974,
        1.0437919307734291
    ],
    "9": [
        0.5888888888888889,
        0.65,
        0.54,
        1.4996791908429645,
        0.9399775357549068,
        1.1412883414010726
    ],
    "10": [
        0.5,
        0.10638297872340426,
        0.9302325581395349,
        1.0829671029822485,
        0.9135810102599939,
        1.1272836103363235
    ],
    "11": [
        0.4777777777777778,
        0.2,
        0.9142857142857143,
        1.2641519529519427,
        0.9398616925512996,
        1.112765044031118
    ]
}