{
    "0": [
        0.5555555555555556,
        0.6666666666666666,
        0.42857142857142855,
        1.6483479036486632,
        0.8447552001712682,
        1.2316190464924501
    ],
    "1": [
        0.4666666666666667,
        0.5,
        0.42857142857142855,
        0.8504175122518841,
        0.8976005373352774,
        1.1131882542126519
    ],
    "2": [
        0.5444444444444444,
        0.6382978723404256,
        0.4418604651162791,
        0.9823675747866423,
        0.9029473490481763,
        1.085465458606541
    ],
    "3": [
        0.5111111111111111,
        0.6888888888888889,
        0.3333333333333333,
        1.058895584793486,
        0.9261302404034122,
        1.0497484108008053
    ],
    "4": [
        0.4888888888888889,
        0.7857142857142857,
        0.22916666666666666,
        0.7015236142446719,
        0.8671511307639452,
        1.1172803093662986
    ],
    "5": [
        0.36666666666666664,
        0.12280701754385964,
        0.7878787878787878,
        1.0224271926518516,
        0.981492462634456,
        1.064734270853694
    ],
    "6": [
        0.5111111111111111,
        0.5192307692307693,
        0.5,
        1.5131001815046483,
        0.8575783994845456,
        1.1305789178140042
    ],
    "7": [
        0.4666666666666667,
        0.9,
        0.12,
        0.9146317351430183,
        0.8860396298987725,
        1.1545703884307477
    ],
    "8": [
        0.5222222222222223,
        0.2682926829268293,
        0.7346938775510204,
        0.8605524773742838,
        0.951386072544974,
        1.0397782609385222
    ],
    "9": [
        0.5444444444444444,
        0.6,
        0.5,
        1.262391213518832,
        0.9102666786883837,
        1.1823974075935249
    ],
    "10": [
        0.5444444444444444,
        0.46808510638297873,
        0.627906976744186,
        1.2561341133035222,
        0.9135810102599939,
        1.1272836103363235
    ],
    "11": [
        0.5777777777777777,
        0.9272727272727272,
        0.02857142857142857,
        1.2949935799072423,
        0.8966930841710028,
        1.112765044031118
    ]
}