{
    "0": [
        0.5555555555555556,
        0.7916666666666666,
        0.2857142857142857,
        1.607106363385179,
        0.8447552001712682,
        1.2316190464924501
    ],
    "1": [
        0.5333333333333333,
        0.3125,
        0.7857142857142857,
        1.2895943006006518,
        0.9068769836662509,
        1.1422964360284107
    ],
    "2": [
        0.5333333333333333,
        0.5531914893617021,
        0.5116279069767442,
        1.0522223617334758,
        0.9360634122815932,
        1.0921731396767407
    ],
    "3": [
        0.5333333333333333,
        0.8888888888888888,
        0.17777777777777778,
        1.026990806881982,
        0.9261302404034122,
        1.0497484108008053
    ],
    "4": [
        0.4444444444444444,
        0.7619047619047619,
        0.16666666666666666,
        0.5602658151836968,
        0.8671511307639452,
        1.1172803093662986
    ],
    "5": [
        0.5444444444444444,
        0.5614035087719298,
        0.5151515151515151,
        1.4452499885088999,
        0.9510629311205345,
        1.1754155175665129
    ],
    "6": [
        0.5777777777777777,
        1.0,
        0.0,
        1.7484607719202154,
        0.8575783994845456,
        1.1305789178140042
    ],
    "7": [
        0.3888888888888889,
        0.45,
        0.34,
        0.8489102714778277,
        0.8860396298987725,
        1.068440516879447
    ],
    "8": [
        0.5222222222222223,
        0.2926829268292683,
        0.7142857142857143,
        1.2123892533394727,
        0.968394897809205,
        1.0833847541861696
    ],
    "9": [
        0.4666666666666667,
        0.45,
        0.48,
        1.0261460119618446,
        0.9441287787096084,
        1.0695539808017047
    ],
    "10": [
        0.5888888888888889,
        0.8085106382978723,
        0.3488372093023256,
        1.1057028281393018,
        0.9135810102599939,
        1.078811281340542
    ],
    "11": [
        0.5111111111111111,
        0.5454545454545454,
        0.45714285714285713,
        1.1144276908093877,
        0.8966930841710028,
        1.112765044031118
    ]
}