{
    "0": [
        0.4666666666666667,
        0.3541666666666667,
        0.5952380952380952,
        0.8869176308331791,
        0.8447552001712682,
        1.1199363948156908
    ],
    "1": [
        0.4888888888888889,
        0.041666666666666664,
        1.0,
        1.1324566298648255,
        0.991385943391545,
        1.1422964360284107
    ],
    "2": [
        0.5222222222222223,
        0.8936170212765957,
        0.11627906976744186,
        0.7960315437641661,
        0.8967653668208868,
        1.0921731396767407
    ],
    "3": [
        0.5222222222222223,
        0.08888888888888889,
        0.9555555555555556,
        1.008236270386595,
        0.969124793782672,
        1.0404580926767923
    ],
    "4": [
        0.5777777777777777,
        0.21428571428571427,
        0.8958333333333334,
        1.1699858658507911,
        0.9350594982022246,
        1.1026824909934292
    ],
    "5": [
        0.37777777777777777,
        0.08771929824561403,
        0.8787878787878788,
        0.9978564306778821,
        0.9901862735180618,
        1.0126995879228275
    ],
    "6": [
        0.5,
        0.38461538461538464,
        0.6578947368421053,
        1.279983254717125,
        0.901987449185666,
        1.1305789178140042
    ],
    "7": [
        0.45555555555555555,
        0.65,
        0.3,
        0.9114608266180106,
        0.8860396298987725,
        1.1545703884307477
    ],
    "8": [
        0.4777777777777778,
        0.7804878048780488,
        0.22448979591836735,
        0.8554493085053181,
        0.951386072544974,
        1.0996684803621701
    ],
    "9": [
        0.5666666666666667,
        0.6,
        0.54,
        1.2243834049898674,
        0.9441287787096084,
        1.1823974075935249
    ],
    "10": [
        0.5222222222222223,
        0.7021276595744681,
        0.32558139534883723,
        1.0364317912891294,
        0.9135810102599939,
        1.078811281340542
    ],
    "11": [
        0.45555555555555555,
        0.36363636363636365,
        0.6,
        1.1068867926640433,
        0.9564820017436121,
        1.050820615089816
    ]
}