{
    "0": [
        0.45555555555555555,
        0.0,
        0.9761904761904762,
        0.9237196231755173,
        0.9237196231755173,
        1
    ],
    "1": [
        0.45555555555555555,
        0.2708333333333333,
        0.6666666666666666,
        0.8515876895686786,
        0.8993958574636876,
        1.0803778479584907
    ],
    "2": [
        0.5444444444444444,
        0.7659574468085106,
        0.3023255813953488,
        0.8220270419316279,
        0.8967653668208868,
        1.085465458606541
    ],
    "3": [
        0.5555555555555556,
        0.2222222222222222,
        0.8888888888888888,
        1.0505690140372677,
        0.9489630275408387,
        1.0497484108008053
    ],
    "4": [
        0.5333333333333333,
        0.0,
        1.0,
        1,
        1,
        1
    ],
    "5": [
        0.43333333333333335,
        0.21052631578947367,
        0.8181818181818182,
        1.0833607395380145,
        0.9839393345607216,
        1.02688302846529
    ],
    "6": [
        0.5777777777777777,
        1.0,
        0.0,
        1.7484607719202154,
        0.8575783994845456,
        1.1305789178140042
    ],
    "7": [
        0.5333333333333333,
        0.525,
        0.54,
        1.025168247531428,
        0.8860396298987725,
        1.1545703884307477
    ],
    "8": [
        0.45555555555555555,
        0.8048780487804879,
        0.16326530612244897,
        0.8888604466339609,
        0.951386072544974,
        1.0996684803621701
    ],
    "9": [
        0.4666666666666667,
        0.95,
        0.08,
        0.8465986927445941,
        0.614238250602748,
        1.1823974075935249
    ],
    "10": [
        0.4777777777777778,
        0.8723404255319149,
        0.046511627906976744,
        1.0902430680187687,
        0.9135810102599939,
        1.078811281340542
    ],
    "11": [
        0.4222222222222222,
        0.2727272727272727,
        0.6571428571428571,
        1.070242182028371,
        0.9564820017436121,
        1.050820615089816
    ]
}