{
    "0": [
        0.5222222222222223,
        0.7291666666666666,
        0.2857142857142857,
        1.513978135654901,
        0.8447552001712682,
        1.2316190464924501
    ],
    "1": [
        0.45555555555555555,
        0.0625,
        0.9047619047619048,
        1.04676847049126,
        0.96263276634241,
        1.0540326638137165
    ],
    "2": [
        0.5222222222222223,
        0.48936170212765956,
        0.5581395348837209,
        0.8667391322596181,
        0.8967653668208868,
        1.0537517108668841
    ],
    "3": [
        0.5555555555555556,
        0.8888888888888888,
        0.2222222222222222,
        1.0973559101065606,
        0.9261302404034122,
        1.0497484108008053
    ],
    "4": [
        0.4777777777777778,
        0.8095238095238095,
        0.1875,
        0.7147406892635142,
        0.8671511307639452,
        1.1172803093662986
    ],
    "5": [
        0.3888888888888889,
        0.07017543859649122,
        0.9393939393939394,
        1.2294097687087855,
        0.9902422147678498,
        1.1754155175665129
    ],
    "6": [
        0.5777777777777777,
        1.0,
        0.0,
        1.7484607719202154,
        0.8575783994845456,
        1.1305789178140042
    ],
    "7": [
        0.4,
        0.75,
        0.12,
        0.8045206705543468,
        0.8860396298987725,
        1.1545703884307477
    ],
    "8": [
        0.5,
        0.7317073170731707,
        0.30612244897959184,
        1.0156588220570264,
        0.951386072544974,
        1.0996684803621701
    ],
    "9": [
        0.5555555555555556,
        0.025,
        0.98,
        0.9993748570349844,
        0.9993748570349844,
        1
    ],
    "10": [
        0.5333333333333333,
        0.6808510638297872,
        0.37209302325581395,
        1.1739612568913835,
        0.9135810102599939,
        1.1272836103363235
    ],
    "11": [
        0.45555555555555555,
        0.45454545454545453,
        0.45714285714285713,
        0.9291430583313318,
        0.8966930841710028,
        1.048539817428495
    ]
}