{
    "0": [
        0.45555555555555555,
        0.0,
        0.9761904761904762,
        0.9941088964557153,
        0.9941088964557153,
        1
    ],
    "1": [
        0.5,
        0.3333333333333333,
        0.6904761904761905,
        0.8622668569295301,
        0.8976005373352774,
        1.0897668882566307
    ],
    "2": [
        0.5555555555555556,
        0.6595744680851063,
        0.4418604651162791,
        0.9387349509830735,
        0.8967653668208868,
        1.0921731396767407
    ],
    "3": [
        0.5333333333333333,
        0.7333333333333333,
        0.3333333333333333,
        0.9731819841910087,
        0.9261302404034122,
        1.0404580926767923
    ],
    "4": [
        0.5222222222222223,
        0.21428571428571427,
        0.7916666666666666,
        0.8265666107607151,
        0.911807536373567,
        1.0729698336752207
    ],
    "5": [
        0.4,
        0.2631578947368421,
        0.6363636363636364,
        1.038082411510105,
        0.9780040625231602,
        1.0353789874767925
    ],
    "6": [
        0.5777777777777777,
        1.0,
        0.0,
        1.7484607719202154,
        0.8575783994845456,
        1.1305789178140042
    ],
    "7": [
        0.4222222222222222,
        0.625,
        0.26,
        0.9657864675119945,
        0.8860396298987725,
        1.1545703884307477
    ],
    "8": [
        0.43333333333333335,
        0.9512195121951219,
        0.0,
        0.9513829905016822,
        0.951386072544974,
        1.0996684803621701
    ],
    "9": [
        0.5111111111111111,
        0.2,
        0.76,
        0.73116893247513,
        0.614238250602748,
        1.1412883414010726
    ],
    "10": [
        0.5444444444444444,
        0.8723404255319149,
        0.18604651162790697,
        1.2689089784262917,
        0.9135810102599939,
        1.1272836103363235
    ],
    "11": [
        0.4777777777777778,
        0.5454545454545454,
        0.37142857142857144,
        0.923216479619848,
        0.8966930841710028,
        1.048539817428495
    ]
}