{
    "0": [
        0.4444444444444444,
        0.10416666666666667,
        0.8333333333333334,
        0.6955406604838911,
        0.8428994816087272,
        1.1193362550136103
    ],
    "1": [
        0.5333333333333333,
        0.3125,
        0.7857142857142857,
        1.1234072705851303,
        0.8976005373352774,
        1.1422964360284107
    ],
    "2": [
        0.5555555555555556,
        0.8723404255319149,
        0.20930232558139536,
        0.9188423611776984,
        0.8967653668208868,
        1.0921731396767407
    ],
    "3": [
        0.5555555555555556,
        0.2222222222222222,
        0.8888888888888888,
        1.133337035865981,
        0.9908459736804256,
        1.0497484108008053
    ],
    "4": [
        0.5222222222222223,
        0.38095238095238093,
        0.6458333333333334,
        0.8052579917904709,
        0.8935441597545427,
        1.1172803093662986
    ],
    "5": [
        0.4444444444444444,
        0.2631578947368421,
        0.7575757575757576,
        1.0242921847419886,
        0.9201515999964976,
        1.064734270853694
    ],
    "6": [
        0.5777777777777777,
        1.0,
        0.0,
        1.7484607719202154,
        0.8575783994845456,
        1.1305789178140042
    ],
    "7": [
        0.4222222222222222,
        0.7,
        0.2,
        0.9729486917509147,
        0.8860396298987725,
        1.1545703884307477
    ],
    "8": [
        0.5555555555555556,
        0.4634146341463415,
        0.6326530612244898,
        1.1707621727510609,
        0.9539722791134384,
        1.0996684803621701
    ],
    "9": [
        0.5666666666666667,
        0.45,
        0.66,
        0.9873454112822458,
        0.9441287787096084,
        1.0475966430219024
    ],
    "10": [
        0.5777777777777777,
        0.6808510638297872,
        0.46511627906976744,
        1.2073274057427588,
        0.9135810102599939,
        1.1272836103363235
    ],
    "11": [
        0.4888888888888889,
        0.5272727272727272,
        0.42857142857142855,
        0.9365280540077521,
        0.8966930841710028,
        1.048539817428495
    ]
}