{
    "0": [
        0.4,
        0.20833333333333334,
        0.6190476190476191,
        0.5309692296513793,
        0.8428994816087272,
        1.1199363948156908
    ],
    "1": [
        0.4444444444444444,
        0.2916666666666667,
        0.6190476190476191,
        0.9067423422709497,
        0.8976005373352774,
        1.0897668882566307
    ],
    "2": [
        0.4888888888888889,
        0.7021276595744681,
        0.2558139534883721,
        0.7722640337169979,
        0.8967653668208868,
        1.085465458606541
    ],
    "3": [
        0.5444444444444444,
        0.4,
        0.6888888888888889,
        1.1593890399082347,
        0.9641825459408555,
        1.0404580926767923
    ],
    "4": [
        0.4666666666666667,
        0.7142857142857143,
        0.25,
        0.6052076383454311,
        0.8671511307639452,
        1.1172803093662986
    ],
    "5": [
        0.4111111111111111,
        0.24561403508771928,
        0.696969696969697,
        1.2359659418039597,
        0.9780040625231602,
        1.1754155175665129
    ],
    "6": [
        0.5777777777777777,
        1.0,
        0.0,
        1.7484607719202154,
        0.8575783994845456,
        1.1305789178140042
    ],
    "7": [
        0.5888888888888889,
        0.45,
        0.7,
        1.216959246428012,
        0.9289094236928562,
        1.1545703884307477
    ],
    "8": [
        0.4444444444444444,
        0.7804878048780488,
        0.16326530612244897,
        0.8149621654488797,
        0.951386072544974,
        1.0833847541861696
    ],
    "9": [
        0.5,
        0.9,
        0.18,
        1.2726625231145245,
        0.9302193023206287,
        1.1823974075935249
    ],
    "10": [
        0.4666666666666667,
        0.851063829787234,
        0.046511627906976744,
        1.0458266288903604,
        0.9135810102599939,
        1.078811281340542
    ],
    "11": [
        0.45555555555555555,
        0.41818181818181815,
        0.5142857142857142,
        1.0611192801010103,
        0.8966930841710028,
        1.112765044031118
    ]
}