{
    "0": [
        0.5444444444444444,
        0.7708333333333334,
        0.2857142857142857,
        1.6002374269424253,
        0.8428994816087272,
        1.2316190464924501
    ],
    "1": [
        0.4666666666666667,
        0.125,
        0.8571428571428571,
        1.0095809467164918,
        0.971000719756232,
        1.0564875261541382
    ],
    "2": [
        0.4,
        0.2553191489361702,
        0.5581395348837209,
        0.8121596242191833,
        0.9360634122815932,
        1.0921731396767407
    ],
    "3": [
        0.5555555555555556,
        0.6,
        0.5111111111111111,
        1.1249639308521677,
        0.9261302404034122,
        1.0497484108008053
    ],
    "4": [
        0.5,
        0.9047619047619048,
        0.14583333333333334,
        0.6358383004455054,
        0.8671511307639452,
        1.1172803093662986
    ],
    "5": [
        0.36666666666666664,
        0.0,
        1.0,
        1,
        1,
        1
    ],
    "6": [
        0.5777777777777777,
        1.0,
        0.0,
        1.7484607719202154,
        0.8575783994845456,
        1.1305789178140042
    ],
    "7": [
        0.5,
        0.225,
        0.72,
        0.839319606389646,
        0.8860396298987725,
        1.0267503356891459
    ],
    "8": [
        0.5222222222222223,
        0.6341463414634146,
        0.42857142857142855,
        0.8628458654771274,
        0.951386072544974,
        1.0996684803621701
    ],
    "9": [
        0.5,
        0.85,
        0.22,
        0.7158200477338416,
        0.614238250602748,
        1.1823974075935249
    ],
    "10": [
        0.5333333333333333,
        0.7446808510638298,
        0.3023255813953488,
        1.0723836943900318,
        0.9135810102599939,
        1.078811281340542
    ],
    "11": [
        0.4,
        0.03636363636363636,
        0.9714285714285714,
        1.12033347046202,
        0.9897010365783592,
        1.112765044031118
    ]
}