{
    "0": [
        0.4888888888888889,
        0.3958333333333333,
        0.5952380952380952,
        0.5761865689142719,
        0.8428994816087272,
        1.1193362550136103
    ],
    "1": [
        0.5111111111111111,
        0.2708333333333333,
        0.7857142857142857,
        1.2054303049063257,
        0.8976005373352774,
        1.1422964360284107
    ],
    "2": [
        0.5888888888888889,
        0.46808510638297873,
        0.7209302325581395,
        1.0839359163889177,
        0.8967653668208868,
        1.085465458606541
    ],
    "3": [
        0.5333333333333333,
        0.4888888888888889,
        0.5777777777777777,
        1.1358386808268195,
        0.9641825459408555,
        1.0404580926767923
    ],
    "4": [
        0.5555555555555556,
        0.3333333333333333,
        0.75,
        0.7288122545382548,
        0.8935441597545427,
        1.1172803093662986
    ],
    "5": [
        0.6222222222222222,
        0.8947368421052632,
        0.15151515151515152,
        1.5898810201726852,
        0.9201515999964976,
        1.1754155175665129
    ],
    "6": [
        0.5777777777777777,
        1.0,
        0.0,
        1.7484607719202154,
        0.8575783994845456,
        1.1305789178140042
    ],
    "7": [
        0.5444444444444444,
        0.05,
        0.94,
        0.910534805228787,
        0.9571006275599473,
        1.0149334859120431
    ],
    "8": [
        0.5555555555555556,
        0.1951219512195122,
        0.8571428571428571,
        1.1137344350922234,
        0.9702760900406621,
        1.0518116263863733
    ],
    "9": [
        0.43333333333333335,
        0.95,
        0.02,
        0.8213955135781942,
        0.614238250602748,
        1.1823974075935249
    ],
    "10": [
        0.4666666666666667,
        0.851063829787234,
        0.046511627906976744,
        1.0458266288903604,
        0.9135810102599939,
        1.078811281340542
    ],
    "11": [
        0.4666666666666667,
        0.5272727272727272,
        0.37142857142857144,
        0.962707457555058,
        0.8966930841710028,
        1.050820615089816
    ]
}