{
    "0": [
        0.5222222222222223,
        0.9166666666666666,
        0.07142857142857142,
        1.1220692675028223,
        0.8428994816087272,
        1.2316190464924501
    ],
    "1": [
        0.4777777777777778,
        0.14583333333333334,
        0.8571428571428571,
        1.028043768736405,
        0.9188473110897788,
        1.1422964360284107
    ],
    "2": [
        0.5444444444444444,
        0.5319148936170213,
        0.5581395348837209,
        1.147139690896843,
        0.9380556815520376,
        1.0921731396767407
    ],
    "3": [
        0.5555555555555556,
        0.4222222222222222,
        0.6888888888888889,
        1.138242017444347,
        0.9641825459408555,
        1.0497484108008053
    ],
    "4": [
        0.5,
        0.7380952380952381,
        0.2916666666666667,
        0.8687766619787474,
        0.911807536373567,
        1.1026824909934292
    ],
    "5": [
        0.45555555555555555,
        0.2631578947368421,
        0.7878787878787878,
        1.1537847513093755,
        0.9804279995294566,
        1.064734270853694
    ],
    "6": [
        0.4777777777777778,
        0.5192307692307693,
        0.42105263157894735,
        1.335986621317654,
        0.8707473242818813,
        1.1270765377324055
    ],
    "7": [
        0.36666666666666664,
        0.775,
        0.04,
        0.8207113893630877,
        0.8860396298987725,
        1.1545703884307477
    ],
    "8": [
        0.4888888888888889,
        0.7317073170731707,
        0.2857142857142857,
        0.9843353851774969,
        0.951386072544974,
        1.0833847541861696
    ],
    "9": [
        0.5111111111111111,
        0.775,
        0.3,
        1.3322668510739604,
        0.9441287787096084,
        1.1823974075935249
    ],
    "10": [
        0.4666666666666667,
        0.1276595744680851,
        0.8372093023255814,
        1.0198221753972978,
        0.9836560439473043,
        1.022885733802887
    ],
    "11": [
        0.4111111111111111,
        0.12727272727272726,
        0.8571428571428571,
        0.9799144474231728,
        0.9564820017436121,
        1.050820615089816
    ]
}