{
    "0": [
        0.6,
        0.813953488372093,
        0.40425531914893614,
        1.800754366027531,
        0.8447552001712682,
        1.2316190464924501
    ],
    "1": [
        0.5555555555555556,
        1.0,
        0.024390243902439025,
        1.139501485687856,
        0.8976005373352774,
        1.1422964360284107
    ],
    "2": [
        0.4444444444444444,
        1.0,
        0.038461538461538464,
        0.7612464749843811,
        0.8967653668208868,
        1.0921731396767407
    ],
    "3": [
        0.5,
        0.0,
        0.9782608695652174,
        0.9715789456023118,
        0.9715789456023118,
        1
    ],
    "4": [
        0.36666666666666664,
        0.9375,
        0.05172413793103448,
        0.5598700606321495,
        0.8671511307639452,
        1.1172803093662986
    ],
    "5": [
        0.6666666666666666,
        0.7704918032786885,
        0.4482758620689655,
        1.3464621271091135,
        0.9201515999964976,
        1.1754155175665129
    ],
    "6": [
        0.5777777777777777,
        0.8813559322033898,
        0.0,
        1.4498767414103848,
        0.8575783994845456,
        1.1270765377324055
    ],
    "7": [
        0.4222222222222222,
        0.9705882352941176,
        0.08928571428571429,
        0.9060458889547865,
        0.8860396298987725,
        1.1545703884307477
    ],
    "8": [
        0.5111111111111111,
        0.04878048780487805,
        0.8979591836734694,
        1.117776137452668,
        0.9901688270585587,
        1.0437919307734291
    ],
    "9": [
        0.4444444444444444,
        0.5660377358490566,
        0.2702702702702703,
        1.0768218797501,
        0.9302193023206287,
        1.1823974075935249
    ],
    "10": [
        0.5111111111111111,
        1.0,
        0.0,
        1.2414969434854326,
        0.9135810102599939,
        1.1272836103363235
    ],
    "11": [
        0.5222222222222223,
        0.6428571428571429,
        0.3235294117647059,
        0.9092531718126986,
        0.8966930841710028,
        1.048539817428495
    ]
}