{
    "0": [
        0.6111111111111112,
        0.9767441860465116,
        0.2765957446808511,
        1.098922616962581,
        0.8447552001712682,
        1.2316190464924501
    ],
    "1": [
        0.5444444444444444,
        1.0,
        0.0,
        1.2368427783198614,
        0.8976005373352774,
        1.1422964360284107
    ],
    "2": [
        0.4222222222222222,
        1.0,
        0.0,
        0.7636991557977252,
        0.8967653668208868,
        1.0921731396767407
    ],
    "3": [
        0.5333333333333333,
        0.09090909090909091,
        0.9565217391304348,
        0.9669724500542588,
        0.9715789456023118,
        1.0324221310424897
    ],
    "4": [
        0.37777777777777777,
        0.9375,
        0.06896551724137931,
        0.5637424074877374,
        0.8671511307639452,
        1.1172803093662986
    ],
    "5": [
        0.6888888888888889,
        0.8360655737704918,
        0.3793103448275862,
        1.504720137662876,
        0.9201515999964976,
        1.1754155175665129
    ],
    "6": [
        0.6444444444444445,
        0.9661016949152542,
        0.03225806451612903,
        1.6474858405919375,
        0.8575783994845456,
        1.1305789178140042
    ],
    "7": [
        0.4444444444444444,
        0.7058823529411765,
        0.2857142857142857,
        0.8945274780163285,
        0.8860396298987725,
        1.1545703884307477
    ],
    "8": [
        0.5666666666666667,
        0.04878048780487805,
        1.0,
        1.0146646324523922,
        1,
        1.0076449051588752
    ],
    "9": [
        0.24444444444444444,
        0.09433962264150944,
        0.4594594594594595,
        0.5461964260110214,
        0.614238250602748,
        1.0475966430219024
    ],
    "10": [
        0.5111111111111111,
        1.0,
        0.0,
        1.2414969434854326,
        0.9135810102599939,
        1.1272836103363235
    ],
    "11": [
        0.4,
        0.6428571428571429,
        0.0,
        0.9598373646489791,
        0.8966930841710028,
        1.050820615089816
    ]
}