{
    "0": [
        0.6222222222222222,
        0.9069767441860465,
        0.3617021276595745,
        2.159821768701209,
        0.8447552001712682,
        1.2316190464924501
    ],
    "1": [
        0.5444444444444444,
        1.0,
        0.0,
        1.2368427783198614,
        0.8976005373352774,
        1.1422964360284107
    ],
    "2": [
        0.45555555555555555,
        1.0,
        0.057692307692307696,
        0.7914399828480377,
        0.8967653668208868,
        1.0921731396767407
    ],
    "3": [
        0.5,
        0.0,
        0.9782608695652174,
        0.9715789456023118,
        0.9715789456023118,
        1
    ],
    "4": [
        0.35555555555555557,
        0.90625,
        0.05172413793103448,
        0.5542331331177432,
        0.8671511307639452,
        1.1172803093662986
    ],
    "5": [
        0.3333333333333333,
        0.14754098360655737,
        0.7241379310344828,
        0.9897584574748767,
        0.9201515999964976,
        1.0359036230261935
    ],
    "6": [
        0.5888888888888889,
        0.8813559322033898,
        0.03225806451612903,
        1.4019432232487914,
        0.8575783994845456,
        1.1270765377324055
    ],
    "7": [
        0.45555555555555555,
        0.8235294117647058,
        0.23214285714285715,
        0.9531338538339934,
        0.8860396298987725,
        1.1545703884307477
    ],
    "8": [
        0.5777777777777777,
        0.0975609756097561,
        0.9795918367346939,
        1.017189028967755,
        0.9903780108495673,
        1.0193894268140908
    ],
    "9": [
        0.4888888888888889,
        0.49056603773584906,
        0.4864864864864865,
        1.1498924815882499,
        0.9399775357549068,
        1.1823974075935249
    ],
    "10": [
        0.5111111111111111,
        1.0,
        0.0,
        1.2414969434854326,
        0.9135810102599939,
        1.1272836103363235
    ],
    "11": [
        0.5111111111111111,
        0.8214285714285714,
        0.0,
        1.100135312710514,
        0.8966930841710028,
        1.0761464979382598
    ]
}