{
    "0": [
        0.5333333333333333,
        0.7906976744186046,
        0.2978723404255319,
        1.3330751651636235,
        0.8447552001712682,
        1.2316190464924501
    ],
    "1": [
        0.5444444444444444,
        0.9183673469387755,
        0.0975609756097561,
        1.2343949071811267,
        0.8976005373352774,
        1.1422964360284107
    ],
    "2": [
        0.4888888888888889,
        0.8947368421052632,
        0.19230769230769232,
        0.7509743610390728,
        0.8967653668208868,
        1.0921731396767407
    ],
    "3": [
        0.5222222222222223,
        0.06818181818181818,
        0.9565217391304348,
        0.9729090276755964,
        0.9641825459408555,
        1.0201031680405614
    ],
    "4": [
        0.3888888888888889,
        0.1875,
        0.5,
        0.7011349428167486,
        0.8671511307639452,
        1.1172803093662986
    ],
    "5": [
        0.7222222222222222,
        0.9016393442622951,
        0.3448275862068966,
        1.6107176521725337,
        0.9201515999964976,
        1.1754155175665129
    ],
    "6": [
        0.6555555555555556,
        0.9661016949152542,
        0.06451612903225806,
        1.6332060873171317,
        0.8575783994845456,
        1.1305789178140042
    ],
    "7": [
        0.5222222222222223,
        0.7352941176470589,
        0.39285714285714285,
        1.2784432704293953,
        0.9289094236928562,
        1.1545703884307477
    ],
    "8": [
        0.5888888888888889,
        0.24390243902439024,
        0.8775510204081632,
        1.008439381939503,
        0.9749806590771442,
        1.0397782609385222
    ],
    "9": [
        0.5888888888888889,
        0.6415094339622641,
        0.5135135135135135,
        0.9270517767845204,
        0.614238250602748,
        1.1823974075935249
    ],
    "10": [
        0.5,
        0.9782608695652174,
        0.0,
        1.2394960378322142,
        0.9135810102599939,
        1.1272836103363235
    ],
    "11": [
        0.5777777777777777,
        0.9285714285714286,
        0.0,
        1.1740165407136298,
        0.8966930841710028,
        1.0761464979382598
    ]
}