{
    "0": [
        0.6444444444444445,
        0.6976744186046512,
        0.5957446808510638,
        2.0425196782516832,
        0.8796590351586018,
        1.2316190464924501
    ],
    "1": [
        0.5444444444444444,
        1.0,
        0.0,
        1.2368427783198614,
        0.8976005373352774,
        1.1422964360284107
    ],
    "2": [
        0.4444444444444444,
        0.9736842105263158,
        0.057692307692307696,
        0.7390334094672918,
        0.8967653668208868,
        1.0921731396767407
    ],
    "3": [
        0.5444444444444444,
        0.13636363636363635,
        0.9347826086956522,
        0.9845933550958548,
        0.9715789456023118,
        1.0324221310424897
    ],
    "4": [
        0.35555555555555557,
        0.3125,
        0.3793103448275862,
        0.5868676887946058,
        0.8671511307639452,
        1.1172803093662986
    ],
    "5": [
        0.6888888888888889,
        0.819672131147541,
        0.41379310344827586,
        1.3965310625862497,
        0.9201515999964976,
        1.1754155175665129
    ],
    "6": [
        0.4,
        0.1016949152542373,
        0.967741935483871,
        1.0538593123596545,
        0.9921095143660433,
        1.0500675338236314
    ],
    "7": [
        0.3888888888888889,
        0.7352941176470589,
        0.17857142857142858,
        1.037297377702426,
        0.8860396298987725,
        1.1545703884307477
    ],
    "8": [
        0.5333333333333333,
        0.07317073170731707,
        0.9183673469387755,
        1.0472676188971073,
        0.9903780108495673,
        1.02583535941385
    ],
    "9": [
        0.4,
        0.32075471698113206,
        0.5135135135135135,
        0.9562751369234116,
        0.9441287787096084,
        1.0695539808017047
    ],
    "10": [
        0.5111111111111111,
        1.0,
        0.0,
        1.2414969434854326,
        0.9135810102599939,
        1.1272836103363235
    ],
    "11": [
        0.4888888888888889,
        0.7857142857142857,
        0.0,
        0.9855597778864508,
        0.8966930841710028,
        1.050820615089816
    ]
}