{
    "0": [
        0.5222222222222223,
        1.0,
        0.0851063829787234,
        1.0804158881287176,
        0.8428994816087272,
        1.2316190464924501
    ],
    "1": [
        0.5444444444444444,
        1.0,
        0.0,
        1.2368427783198614,
        0.8976005373352774,
        1.1422964360284107
    ],
    "2": [
        0.6111111111111112,
        0.9736842105263158,
        0.34615384615384615,
        0.9439863055080521,
        0.8967653668208868,
        1.0921731396767407
    ],
    "3": [
        0.5111111111111111,
        0.06818181818181818,
        0.9347826086956522,
        0.9776127805636551,
        0.9715789456023118,
        1.0324221310424897
    ],
    "4": [
        0.32222222222222224,
        0.5625,
        0.1896551724137931,
        0.6484169644952228,
        0.8671511307639452,
        1.1172803093662986
    ],
    "5": [
        0.32222222222222224,
        0.13114754098360656,
        0.7241379310344828,
        0.988327402156794,
        0.9201515999964976,
        1.0359036230261935
    ],
    "6": [
        0.4444444444444444,
        0.1694915254237288,
        0.967741935483871,
        1.4061928098066172,
        0.9667343450617607,
        1.1305789178140042
    ],
    "7": [
        0.4666666666666667,
        0.47058823529411764,
        0.4642857142857143,
        1.1314170694292962,
        0.9213085471592081,
        1.1545703884307477
    ],
    "8": [
        0.5444444444444444,
        0.21951219512195122,
        0.8163265306122449,
        1.0468613126977526,
        0.9749806590771442,
        1.0437919307734291
    ],
    "9": [
        0.5444444444444444,
        0.9056603773584906,
        0.02702702702702703,
        0.7772566698589857,
        0.614238250602748,
        1.1823974075935249
    ],
    "10": [
        0.5111111111111111,
        1.0,
        0.0,
        1.2414969434854326,
        0.9135810102599939,
        1.1272836103363235
    ],
    "11": [
        0.5,
        0.5714285714285714,
        0.38235294117647056,
        1.086099312193426,
        0.8966930841710028,
        1.112765044031118
    ]
}