{
    "0": [
        0.6,
        0.9302325581395349,
        0.2978723404255319,
        1.6054449924178846,
        0.8447552001712682,
        1.2316190464924501
    ],
    "1": [
        0.5555555555555556,
        1.0,
        0.024390243902439025,
        1.139501485687856,
        0.8976005373352774,
        1.1422964360284107
    ],
    "2": [
        0.4111111111111111,
        0.9736842105263158,
        0.0,
        0.7575948240872213,
        0.8967653668208868,
        1.0921731396767407
    ],
    "3": [
        0.5222222222222223,
        0.1590909090909091,
        0.8695652173913043,
        0.984194149909008,
        0.9641825459408555,
        1.0324221310424897
    ],
    "4": [
        0.4111111111111111,
        0.84375,
        0.1724137931034483,
        0.5581012401772305,
        0.8671511307639452,
        1.1172803093662986
    ],
    "5": [
        0.4,
        0.3114754098360656,
        0.5862068965517241,
        1.027533673223663,
        0.9534713219780738,
        1.0353789874767925
    ],
    "6": [
        0.5333333333333333,
        0.6949152542372882,
        0.22580645161290322,
        1.240001702082561,
        0.8575783994845456,
        1.1305789178140042
    ],
    "7": [
        0.4222222222222222,
        0.9117647058823529,
        0.125,
        0.9557625678311745,
        0.8860396298987725,
        1.1545703884307477
    ],
    "8": [
        0.5666666666666667,
        0.04878048780487805,
        1.0,
        1.0146646324523922,
        1,
        1.0076449051588752
    ],
    "9": [
        0.6222222222222222,
        1.0,
        0.08108108108108109,
        1.2498332677240218,
        0.9102666786883837,
        1.1823974075935249
    ],
    "10": [
        0.5,
        0.9782608695652174,
        0.0,
        1.2394960378322142,
        0.9135810102599939,
        1.1272836103363235
    ],
    "11": [
        0.5666666666666667,
        0.9107142857142857,
        0.0,
        1.0873898968332574,
        0.8966930841710028,
        1.0761464979382598
    ]
}