{
    "0": [
        0.6333333333333333,
        0.8604651162790697,
        0.425531914893617,
        1.3171873090118624,
        0.8447552001712682,
        1.2316190464924501
    ],
    "1": [
        0.5444444444444444,
        1.0,
        0.0,
        1.2368427783198614,
        0.8976005373352774,
        1.1422964360284107
    ],
    "2": [
        0.4777777777777778,
        0.9736842105263158,
        0.11538461538461539,
        0.856302055972522,
        0.8967653668208868,
        1.0921731396767407
    ],
    "3": [
        0.4888888888888889,
        0.1590909090909091,
        0.8043478260869565,
        0.9919534123623824,
        0.9641825459408555,
        1.0324221310424897
    ],
    "4": [
        0.3333333333333333,
        0.90625,
        0.017241379310344827,
        0.551202238850789,
        0.8671511307639452,
        1.1172803093662986
    ],
    "5": [
        0.3333333333333333,
        0.13114754098360656,
        0.7586206896551724,
        0.9593206101648188,
        0.9201515999964976,
        1.0359036230261935
    ],
    "6": [
        0.37777777777777777,
        0.05084745762711865,
        1.0,
        1.0023252448952777,
        0.9929652716209666,
        1.0162139451738406
    ],
    "7": [
        0.4,
        0.7352941176470589,
        0.19642857142857142,
        1.025646919334242,
        0.8860396298987725,
        1.1545703884307477
    ],
    "8": [
        0.45555555555555555,
        0.14634146341463414,
        0.7142857142857143,
        1.020839635284384,
        0.9539722791134384,
        1.0996684803621701
    ],
    "9": [
        0.5888888888888889,
        1.0,
        0.0,
        0.8206880106893513,
        0.614238250602748,
        1.1823974075935249
    ],
    "10": [
        0.5111111111111111,
        1.0,
        0.0,
        1.2414969434854326,
        0.9135810102599939,
        1.1272836103363235
    ],
    "11": [
        0.5444444444444444,
        0.875,
        0.0,
        1.1249010053009127,
        0.8966930841710028,
        1.0761464979382598
    ]
}