{
    "0": [
        0.6222222222222222,
        0.7906976744186046,
        0.46808510638297873,
        1.421674296056585,
        0.8447552001712682,
        1.2316190464924501
    ],
    "1": [
        0.5555555555555556,
        1.0,
        0.024390243902439025,
        1.139501485687856,
        0.8976005373352774,
        1.1422964360284107
    ],
    "2": [
        0.45555555555555555,
        1.0,
        0.057692307692307696,
        0.8273314530911426,
        0.8967653668208868,
        1.0921731396767407
    ],
    "3": [
        0.4666666666666667,
        0.38636363636363635,
        0.5434782608695652,
        0.9888448221420498,
        0.9641825459408555,
        1.0497484108008053
    ],
    "4": [
        0.3333333333333333,
        0.9375,
        0.0,
        0.5469799981773976,
        0.8671511307639452,
        1.1172803093662986
    ],
    "5": [
        0.3111111111111111,
        0.13114754098360656,
        0.6896551724137931,
        1.0470981275296833,
        0.9201515999964976,
        1.064734270853694
    ],
    "6": [
        0.6222222222222222,
        0.9491525423728814,
        0.0,
        1.6373279245759835,
        0.8575783994845456,
        1.1305789178140042
    ],
    "7": [
        0.5,
        0.7352941176470589,
        0.35714285714285715,
        1.3204055517001947,
        0.9289094236928562,
        1.1545703884307477
    ],
    "8": [
        0.5666666666666667,
        0.04878048780487805,
        1.0,
        1.0146646324523922,
        1,
        1.0076449051588752
    ],
    "9": [
        0.5777777777777777,
        0.7358490566037735,
        0.35135135135135137,
        1.0809445414445211,
        0.9399775357549068,
        1.0695539808017047
    ],
    "10": [
        0.5,
        0.9782608695652174,
        0.0,
        1.2394960378322142,
        0.9135810102599939,
        1.1272836103363235
    ],
    "11": [
        0.5777777777777777,
        0.9285714285714286,
        0.0,
        1.1740165407136298,
        0.8966930841710028,
        1.0761464979382598
    ]
}