{
    "0": [
        0.5333333333333333,
        1.0,
        0.10638297872340426,
        1.1299997938291129,
        0.8428994816087272,
        1.2316190464924501
    ],
    "1": [
        0.5555555555555556,
        1.0,
        0.024390243902439025,
        1.139501485687856,
        0.8976005373352774,
        1.1422964360284107
    ],
    "2": [
        0.4666666666666667,
        0.9736842105263158,
        0.09615384615384616,
        0.750114033148282,
        0.8967653668208868,
        1.0921731396767407
    ],
    "3": [
        0.5,
        0.06818181818181818,
        0.9130434782608695,
        0.9846560002097057,
        0.9715789456023118,
        1.0324221310424897
    ],
    "4": [
        0.36666666666666664,
        0.8125,
        0.1206896551724138,
        0.6911256685765934,
        0.8671511307639452,
        1.1172803093662986
    ],
    "5": [
        0.28888888888888886,
        0.04918032786885246,
        0.7931034482758621,
        0.9650247356093449,
        0.9201515999964976,
        1.0359036230261935
    ],
    "6": [
        0.5444444444444444,
        0.7457627118644068,
        0.16129032258064516,
        1.179205015347958,
        0.8575783994845456,
        1.1270765377324055
    ],
    "7": [
        0.4777777777777778,
        0.47058823529411764,
        0.48214285714285715,
        1.1505672601419987,
        0.9213085471592081,
        1.1545703884307477
    ],
    "8": [
        0.4888888888888889,
        0.0975609756097561,
        0.8163265306122449,
        1.0031510297111434,
        0.9696256965455654,
        1.0364075305018494
    ],
    "9": [
        0.5777777777777777,
        0.9622641509433962,
        0.02702702702702703,
        0.7824315180468088,
        0.614238250602748,
        1.1823974075935249
    ],
    "10": [
        0.5111111111111111,
        1.0,
        0.0,
        1.2414969434854326,
        0.9135810102599939,
        1.1272836103363235
    ],
    "11": [
        0.4,
        0.5178571428571429,
        0.20588235294117646,
        0.9729630109834724,
        0.8966930841710028,
        1.050820615089816
    ]
}