{
    "0": 7.617745579696169,
    "1": 0.7353793378780511,
    "2": 1.6945104506132787,
    "3": 5.494899328615345,
    "4": 0.6412490109561346,
    "5": 1.1743711268797832,
    "6": 0.608673855946976,
    "7": 0.7014045995841546,
    "8": 0.8921416481787221,
    "9": 1.1382113689255566,
    "10": 0.8507560756082698,
    "11": 1.7829277887404071,
    "12": 0.9754305629834134,
    "13": 1.5664750973446733,
    "14": 0.9032419373342115,
    "15": 1.5722129667437572,
    "16": 1.072344830328348,
    "17": 2.359067789111515,
    "18": 1.531524657976566,
    "19": 3.350835664344745,
    "20": 0.5389422734337892,
    "21": 0.7511126376637893,
    "22": 1.0917785164205618,
    "23": 0.614711299725013,
    "24": 1.0492978038064347,
    "25": 2.249876090595281,
    "26": 1.1077984626841466,
    "27": 0.6989200045557676,
    "28": 0.7497079262637433,
    "29": 1.7587910264339248,
    "30": 1.093764782650337
}