{
    "0": 0.1813184363970359,
    "x": 0.4852174706063893
}