{
    "0": 0.045586020156286315,
    "1": 1.0670334515489381,
    "2": 0.5350803716695756,
    "3": 1.6995323860603568,
    "4": 2.1661730634849627,
    "5": 0.782253347136714,
    "6": 0.7614725238496158,
    "7": 1.2870711916897655,
    "8": 0.6767035887036952,
    "9": 0.8524306111971769,
    "10": 0.9154094054163666,
    "11": 0.4974060259488331,
    "12": 0.9141011945476492,
    "13": 0.7121301126029914,
    "14": 1.0309362064792222,
    "15": 0.614829457068439,
    "16": 1.0862910315744871,
    "17": 0.9058403535758084,
    "18": 0.860709927528323,
    "19": 2.5434596815356834,
    "20": 0.8154549004968221,
    "21": 1.1916539482526685,
    "22": 0.8483449622039028,
    "23": 0.9291573203139684,
    "24": 0.8988184278427092,
    "25": 0.6548409075986098,
    "26": 0.8426026118673913,
    "27": 0.9197125343490149,
    "28": 0.4798584584677287,
    "29": 1.3767187665768996,
    "30": 0.9195681090888862
}
