{
    "0": 0.4319322648012748,
    "1": 1.0670334515489384,
    "2": 0.5350803716695762,
    "3": 0.42837944842807096,
    "4": 2.415200658839798,
    "5": 0.7822533471367132,
    "6": 1.1113626503762144,
    "7": 0.9437723158548342,
    "8": 0.9820317987874311,
    "9": 0.8524306111971771,
    "10": 1.1109904525220113,
    "11": 0.4974060259488335,
    "12": 1.5775628807307807,
    "13": 1.5563062685470515,
    "14": 1.0749332022432563,
    "15": 0.8906947388554711,
    "16": 0.9914266594055204,
    "17": 0.5176537905366865,
    "18": 0.8374695864744298,
    "19": 0.7641917398247556,
    "20": 0.9124982865319353,
    "21": 1.1600985624816202,
    "22": 1.146795091501795,
    "23": 1.4333286796309948,
    "24": 0.8988184278427092,
    "25": 1.2907517303741496,
    "26": 0.5803061715881285,
    "27": 1.3170515774078995,
    "28": 0.6097847299962794,
    "29": 0.6654449469537288,
    "30": 0.8680586174924144
}