{
    "0": 0.9391694309531683,
    "1": 0.7353793378780513,
    "2": 1.6945104506132753,
    "3": 1.2226823132100422,
    "4": 0.6412490109561333,
    "5": 1.1743711268797836,
    "6": 0.608673855946976,
    "7": 0.7014045995841542,
    "8": 0.8921416481787219,
    "9": 1.138211368925555,
    "10": 0.8507560756082713,
    "11": 1.782927788740409,
    "12": 0.9754305629834134,
    "13": 1.5664750973446733,
    "14": 0.9032419373342113,
    "15": 1.5722129667437574,
    "16": 0.9591664169795968,
    "17": 1.0230040383887982,
    "18": 0.9228816152056071,
    "19": 0.8413055251525008,
    "20": 0.538942273433789,
    "21": 0.7511126376637902,
    "22": 1.091778516420563,
    "23": 0.6147112997250127,
    "24": 1.0492978038064331,
    "25": 2.2498760905952775,
    "26": 1.1077984626841466,
    "27": 0.6989200045557682,
    "28": 0.7497079262637427,
    "29": 1.7587910264339206
}