{
    "0": [
        0.5111111111111111,
        0.4375,
        0.5952380952380952,
        1.1835926597189248,
        0.8447552001712682,
        1.1174880511602239
    ],
    "1": [
        0.5,
        0.7916666666666666,
        0.16666666666666666,
        1.0097344869447629,
        0.8976005373352774,
        1.1422964360284107
    ],
    "2": [
        0.5222222222222223,
        1.0,
        0.0,
        0.7636991557977252,
        0.8967653668208868,
        1.0921731396767407
    ],
    "3": [
        0.5444444444444444,
        0.9111111111111111,
        0.17777777777777778,
        1.18144839210406,
        0.9489630275408387,
        1.0497484108008053
    ],
    "4": [
        0.4888888888888889,
        0.8095238095238095,
        0.20833333333333334,
        0.7045235714981439,
        0.8671511307639452,
        1.1172803093662986
    ],
    "5": [
        0.4666666666666667,
        0.5964912280701754,
        0.24242424242424243,
        1.32355344520661,
        0.9201515999964976,
        1.1754155175665129
    ],
    "6": [
        0.5555555555555556,
        0.9423076923076923,
        0.02631578947368421,
        1.6565340103706,
        0.8575783994845456,
        1.1305789178140042
    ],
    "7": [
        0.4888888888888889,
        0.8,
        0.24,
        1.0500910491853757,
        0.8860396298987725,
        1.1545703884307477
    ],
    "8": [
        0.4777777777777778,
        0.5853658536585366,
        0.3877551020408163,
        0.9442801344306551,
        0.9517746306255636,
        1.0996684803621701
    ],
    "9": [
        0.4111111111111111,
        0.725,
        0.16,
        0.706840766779591,
        0.614238250602748,
        1.1823974075935249
    ],
    "10": [
        0.5222222222222223,
        1.0,
        0.0,
        1.2414969434854326,
        0.9135810102599939,
        1.1272836103363235
    ],
    "11": [
        0.5444444444444444,
        0.6363636363636364,
        0.4,
        1.1876855307680994,
        0.8966930841710028,
        1.112765044031118
    ]
}