{
    "0": [
        0.5444444444444444,
        0.9583333333333334,
        0.07142857142857142,
        1.0063784590016596,
        0.8428994816087272,
        1.2316190464924501
    ],
    "1": [
        0.5111111111111111,
        0.22916666666666666,
        0.8333333333333334,
        1.5547000965895192,
        0.9526235062274913,
        1.0897668882566307
    ],
    "2": [
        0.5333333333333333,
        0.9787234042553191,
        0.046511627906976744,
        0.7458605017980021,
        0.8967653668208868,
        1.0921731396767407
    ],
    "3": [
        0.5444444444444444,
        0.9555555555555556,
        0.13333333333333333,
        1.0536310318916258,
        0.9416399759588683,
        1.0497484108008053
    ],
    "4": [
        0.4444444444444444,
        0.6428571428571429,
        0.2708333333333333,
        0.6631710321062496,
        0.8671511307639452,
        1.1172803093662986
    ],
    "5": [
        0.5777777777777777,
        0.8421052631578947,
        0.12121212121212122,
        1.42212791162649,
        0.9201515999964976,
        1.1754155175665129
    ],
    "6": [
        0.5777777777777777,
        0.9230769230769231,
        0.10526315789473684,
        1.7027566291195282,
        0.8575783994845456,
        1.1305789178140042
    ],
    "7": [
        0.43333333333333335,
        0.8,
        0.14,
        0.902573675638562,
        0.8860396298987725,
        1.1545703884307477
    ],
    "8": [
        0.5,
        0.6097560975609756,
        0.40816326530612246,
        0.9518808187685327,
        0.9517746306255636,
        1.0996684803621701
    ],
    "9": [
        0.5,
        0.475,
        0.52,
        0.7680541618726087,
        0.614238250602748,
        1.1823974075935249
    ],
    "10": [
        0.5111111111111111,
        0.9787234042553191,
        0.0,
        1.2394960378322142,
        0.9135810102599939,
        1.1272836103363235
    ],
    "11": [
        0.5,
        0.4727272727272727,
        0.5428571428571428,
        1.0729664681806461,
        0.8966930841710028,
        1.0761464979382598
    ]
}