{
    "0": [
        0.4444444444444444,
        0.3125,
        0.5952380952380952,
        0.4924461705158245,
        0.8428994816087272,
        1.1193362550136103
    ],
    "1": [
        0.5111111111111111,
        0.8958333333333334,
        0.07142857142857142,
        0.9012647921692922,
        0.8976005373352774,
        1.1422964360284107
    ],
    "2": [
        0.45555555555555555,
        0.48936170212765956,
        0.4186046511627907,
        0.9772313527143544,
        0.8967653668208868,
        1.0921731396767407
    ],
    "3": [
        0.5,
        0.7555555555555555,
        0.24444444444444444,
        1.1504594804842165,
        0.9628984821643946,
        1.0497484108008053
    ],
    "4": [
        0.4666666666666667,
        0.6904761904761905,
        0.2708333333333333,
        0.7792457341045439,
        0.8671511307639452,
        1.1172803093662986
    ],
    "5": [
        0.6,
        0.9298245614035088,
        0.030303030303030304,
        1.4062131847503632,
        0.9201515999964976,
        1.1754155175665129
    ],
    "6": [
        0.5777777777777777,
        0.9230769230769231,
        0.10526315789473684,
        1.7027566291195282,
        0.8575783994845456,
        1.1305789178140042
    ],
    "7": [
        0.43333333333333335,
        0.975,
        0.0,
        0.9067176888350073,
        0.8860396298987725,
        1.1545703884307477
    ],
    "8": [
        0.5555555555555556,
        0.8048780487804879,
        0.3469387755102041,
        1.0881321118499685,
        0.9539722791134384,
        1.0996684803621701
    ],
    "9": [
        0.4222222222222222,
        0.375,
        0.46,
        0.8244020990396715,
        0.614238250602748,
        1.1823974075935249
    ],
    "10": [
        0.5222222222222223,
        0.7021276595744681,
        0.32558139534883723,
        1.202781795828825,
        0.9135810102599939,
        1.1272836103363235
    ],
    "11": [
        0.5666666666666667,
        0.6545454545454545,
        0.42857142857142855,
        1.1995114971448553,
        0.8966930841710028,
        1.112765044031118
    ]
}