{
    "0": [
        0.5333333333333333,
        0.7916666666666666,
        0.23809523809523808,
        1.5821365600113668,
        0.8447552001712682,
        1.2316190464924501
    ],
    "1": [
        0.5333333333333333,
        0.2708333333333333,
        0.8333333333333334,
        1.078603856129913,
        0.9068769836662509,
        1.0897668882566307
    ],
    "2": [
        0.5222222222222223,
        1.0,
        0.0,
        0.7636991557977252,
        0.8967653668208868,
        1.0921731396767407
    ],
    "3": [
        0.5111111111111111,
        0.8,
        0.2222222222222222,
        1.139624023409901,
        0.9489630275408387,
        1.0497484108008053
    ],
    "4": [
        0.5222222222222223,
        0.047619047619047616,
        0.9375,
        0.9082934246367611,
        0.9056297539983926,
        1.0729698336752207
    ],
    "5": [
        0.6222222222222222,
        0.8421052631578947,
        0.24242424242424243,
        1.536766326357114,
        0.9510629311205345,
        1.1754155175665129
    ],
    "6": [
        0.5777777777777777,
        0.9230769230769231,
        0.10526315789473684,
        1.7027566291195282,
        0.8575783994845456,
        1.1305789178140042
    ],
    "7": [
        0.45555555555555555,
        1.0,
        0.02,
        0.8715028280697739,
        0.8860396298987725,
        1.1545703884307477
    ],
    "8": [
        0.4888888888888889,
        0.9024390243902439,
        0.14285714285714285,
        1.1516654375368494,
        0.951386072544974,
        1.0996684803621701
    ],
    "9": [
        0.5222222222222223,
        0.025,
        0.92,
        0.8691465826851127,
        0.9102666786883837,
        1
    ],
    "10": [
        0.4777777777777778,
        0.8723404255319149,
        0.046511627906976744,
        1.0913875321775712,
        0.9135810102599939,
        1.078811281340542
    ],
    "11": [
        0.5222222222222223,
        0.5818181818181818,
        0.42857142857142855,
        1.058581112616675,
        0.8966930841710028,
        1.0761464979382598
    ]
}