{
    "0": [
        0.5,
        0.25,
        0.7857142857142857,
        1.086095310310364,
        0.8447552001712682,
        1.1174880511602239
    ],
    "1": [
        0.4888888888888889,
        0.4583333333333333,
        0.5238095238095238,
        0.916858265890647,
        0.8993958574636876,
        1.0897668882566307
    ],
    "2": [
        0.4666666666666667,
        0.5531914893617021,
        0.37209302325581395,
        0.8020671334957751,
        0.8967653668208868,
        1.0921731396767407
    ],
    "3": [
        0.5444444444444444,
        0.9333333333333333,
        0.15555555555555556,
        1.1274929616041225,
        0.9416399759588683,
        1.0497484108008053
    ],
    "4": [
        0.5111111111111111,
        0.30952380952380953,
        0.6875,
        0.7980856525023443,
        0.8671511307639452,
        1.1026824909934292
    ],
    "5": [
        0.5777777777777777,
        0.7192982456140351,
        0.3333333333333333,
        1.4869828723402445,
        0.9201515999964976,
        1.1754155175665129
    ],
    "6": [
        0.5555555555555556,
        0.9230769230769231,
        0.05263157894736842,
        1.7362649949535467,
        0.8575783994845456,
        1.1305789178140042
    ],
    "7": [
        0.4,
        0.875,
        0.02,
        0.7744966395526108,
        0.8860396298987725,
        1.1545703884307477
    ],
    "8": [
        0.4777777777777778,
        0.7073170731707317,
        0.2857142857142857,
        0.9286466300615177,
        0.9517746306255636,
        1.0996684803621701
    ],
    "9": [
        0.5,
        0.175,
        0.76,
        1.0063678489968564,
        0.9399775357549068,
        1.0695539808017047
    ],
    "10": [
        0.5222222222222223,
        0.9361702127659575,
        0.06976744186046512,
        1.2200730207399968,
        0.9372473116814342,
        1.1272836103363235
    ],
    "11": [
        0.5666666666666667,
        0.6727272727272727,
        0.4,
        1.223101303577793,
        0.8966930841710028,
        1.112765044031118
    ]
}