{
    "0": [
        0.5555555555555556,
        0.8333333333333334,
        0.23809523809523808,
        1.788791288411652,
        0.8447552001712682,
        1.2316190464924501
    ],
    "1": [
        0.5333333333333333,
        0.6666666666666666,
        0.38095238095238093,
        1.1558872913280178,
        0.8976005373352774,
        1.1422964360284107
    ],
    "2": [
        0.5444444444444444,
        0.8085106382978723,
        0.2558139534883721,
        0.8315355187348636,
        0.8967653668208868,
        1.085465458606541
    ],
    "3": [
        0.5666666666666667,
        0.9777777777777777,
        0.15555555555555556,
        1.0433628697968245,
        0.9261302404034122,
        1.0497484108008053
    ],
    "4": [
        0.4777777777777778,
        0.6666666666666666,
        0.3125,
        0.6515959075027662,
        0.8671511307639452,
        1.1172803093662986
    ],
    "5": [
        0.4777777777777778,
        0.47368421052631576,
        0.48484848484848486,
        1.2149085715279375,
        0.9510629311205345,
        1.0767682140985009
    ],
    "6": [
        0.5777777777777777,
        1.0,
        0.0,
        1.7484607719202154,
        0.8575783994845456,
        1.1305789178140042
    ],
    "7": [
        0.4777777777777778,
        0.625,
        0.36,
        0.9023044829274028,
        0.8860396298987725,
        1.0761582023758802
    ],
    "8": [
        0.4666666666666667,
        0.5609756097560976,
        0.3877551020408163,
        0.9197132115770035,
        0.9539722791134384,
        1.0996684803621701
    ],
    "9": [
        0.5555555555555556,
        0.0,
        1.0,
        1,
        1,
        1
    ],
    "10": [
        0.4777777777777778,
        0.5319148936170213,
        0.4186046511627907,
        0.9849266542069443,
        0.9372473116814342,
        1.0759544369374359
    ],
    "11": [
        0.5666666666666667,
        0.7636363636363637,
        0.2571428571428571,
        1.2574149549860203,
        0.8966930841710028,
        1.112765044031118
    ]
}