{
    "0": [
        0.5333333333333333,
        0.5,
        0.5714285714285714,
        1.3971726433880824,
        0.8447552001712682,
        1.1174880511602239
    ],
    "1": [
        0.4777777777777778,
        0.22916666666666666,
        0.7619047619047619,
        1.0838282079394603,
        0.8993958574636876,
        1.0854244543378067
    ],
    "2": [
        0.5777777777777777,
        0.8723404255319149,
        0.2558139534883721,
        0.939062805054183,
        0.8967653668208868,
        1.0921731396767407
    ],
    "3": [
        0.5333333333333333,
        0.8888888888888888,
        0.17777777777777778,
        1.168954602635005,
        0.9489630275408387,
        1.0497484108008053
    ],
    "4": [
        0.4888888888888889,
        0.9523809523809523,
        0.08333333333333333,
        0.5973001283714915,
        0.8671511307639452,
        1.1172803093662986
    ],
    "5": [
        0.6333333333333333,
        1.0,
        0.0,
        1.560999435928594,
        0.9201515999964976,
        1.1754155175665129
    ],
    "6": [
        0.5666666666666667,
        0.9807692307692307,
        0.0,
        1.7555970708388828,
        0.8575783994845456,
        1.1305789178140042
    ],
    "7": [
        0.45555555555555555,
        0.3,
        0.58,
        0.7278195130350272,
        0.8860396298987725,
        1.0551183010109986
    ],
    "8": [
        0.4888888888888889,
        1.0,
        0.061224489795918366,
        1.086561132951113,
        0.951386072544974,
        1.0996684803621701
    ],
    "9": [
        0.5666666666666667,
        0.2,
        0.86,
        1.0974636272036922,
        0.9570618728694352,
        1.0695539808017047
    ],
    "10": [
        0.4888888888888889,
        0.6595744680851063,
        0.3023255813953488,
        1.0533026407601116,
        0.9135810102599939,
        1.078811281340542
    ],
    "11": [
        0.5555555555555556,
        0.8363636363636363,
        0.11428571428571428,
        1.0490420393421378,
        0.8966930841710028,
        1.0761464979382598
    ]
}