{
    "0": [
        0.5444444444444444,
        0.8125,
        0.23809523809523808,
        1.6132331742075192,
        0.8447552001712682,
        1.2316190464924501
    ],
    "1": [
        0.5777777777777777,
        0.8541666666666666,
        0.2619047619047619,
        1.0637871741605658,
        0.8976005373352774,
        1.1422964360284107
    ],
    "2": [
        0.5333333333333333,
        0.851063829787234,
        0.18604651162790697,
        0.9442346465548735,
        0.8967653668208868,
        1.0921731396767407
    ],
    "3": [
        0.5333333333333333,
        0.9777777777777777,
        0.08888888888888889,
        1.0148674661161978,
        0.9261302404034122,
        1.0497484108008053
    ],
    "4": [
        0.4777777777777778,
        0.5714285714285714,
        0.3958333333333333,
        0.7777898028838136,
        0.8671511307639452,
        1.0729698336752207
    ],
    "5": [
        0.6222222222222222,
        0.9649122807017544,
        0.030303030303030304,
        1.6304825915520549,
        0.9201515999964976,
        1.1754155175665129
    ],
    "6": [
        0.4777777777777778,
        0.3076923076923077,
        0.7105263157894737,
        1.3423496614614923,
        0.9575004920265803,
        1.1305789178140042
    ],
    "7": [
        0.4888888888888889,
        0.3,
        0.64,
        0.8735399196080122,
        0.8860396298987725,
        1.0551183010109986
    ],
    "8": [
        0.5111111111111111,
        0.5609756097560976,
        0.46938775510204084,
        0.9983595690929421,
        0.951386072544974,
        1.0833847541861696
    ],
    "9": [
        0.5222222222222223,
        0.175,
        0.8,
        1.0431193938531855,
        0.9441287787096084,
        1.0695539808017047
    ],
    "10": [
        0.45555555555555555,
        0.6170212765957447,
        0.27906976744186046,
        1.1864225511432842,
        0.9372473116814342,
        1.1272836103363235
    ],
    "11": [
        0.5111111111111111,
        0.5636363636363636,
        0.42857142857142855,
        1.0368653260336853,
        0.8966930841710028,
        1.0761464979382598
    ]
}