{
    "0": [
        0.5444444444444444,
        0.8541666666666666,
        0.19047619047619047,
        1.3514869255900586,
        0.8428994816087272,
        1.2316190464924501
    ],
    "1": [
        0.4777777777777778,
        0.10416666666666667,
        0.9047619047619048,
        1.3026289220964047,
        0.983807470826078,
        1.0854244543378067
    ],
    "2": [
        0.5666666666666667,
        0.7872340425531915,
        0.32558139534883723,
        0.853831021526792,
        0.8967653668208868,
        1.085465458606541
    ],
    "3": [
        0.5333333333333333,
        0.8888888888888888,
        0.17777777777777778,
        1.168954602635005,
        0.9489630275408387,
        1.0497484108008053
    ],
    "4": [
        0.5,
        0.7619047619047619,
        0.2708333333333333,
        0.663700589613611,
        0.8671511307639452,
        1.1172803093662986
    ],
    "5": [
        0.6222222222222222,
        0.9824561403508771,
        0.0,
        1.5904344611456966,
        0.9201515999964976,
        1.1754155175665129
    ],
    "6": [
        0.5888888888888889,
        1.0,
        0.02631578947368421,
        1.7623667010566666,
        0.8575783994845456,
        1.1305789178140042
    ],
    "7": [
        0.43333333333333335,
        0.975,
        0.0,
        0.8965019609552837,
        0.8860396298987725,
        1.1545703884307477
    ],
    "8": [
        0.3888888888888889,
        0.8292682926829268,
        0.02040816326530612,
        0.9160519784907544,
        0.951386072544974,
        1.0996684803621701
    ],
    "9": [
        0.4888888888888889,
        0.425,
        0.54,
        0.8189590530968107,
        0.614238250602748,
        1.1823974075935249
    ],
    "10": [
        0.4222222222222222,
        0.2553191489361702,
        0.6046511627906976,
        0.9897545110793845,
        0.9667946645033947,
        1.0374015309655582
    ],
    "11": [
        0.5666666666666667,
        0.6909090909090909,
        0.37142857142857144,
        1.2357209601649608,
        0.8966930841710028,
        1.112765044031118
    ]
}
