{
    "0": [
        0.5777777777777777,
        0.9166666666666666,
        0.19047619047619047,
        1.2694830282479739,
        0.8428994816087272,
        1.2316190464924501
    ],
    "1": [
        0.5555555555555556,
        0.7291666666666666,
        0.35714285714285715,
        1.428812287504722,
        0.8976005373352774,
        1.1422964360284107
    ],
    "2": [
        0.5333333333333333,
        0.7446808510638298,
        0.3023255813953488,
        0.828674009153815,
        0.8967653668208868,
        1.085465458606541
    ],
    "3": [
        0.5555555555555556,
        0.9555555555555556,
        0.15555555555555556,
        1.0442053275835816,
        0.9261302404034122,
        1.0497484108008053
    ],
    "4": [
        0.4444444444444444,
        0.8571428571428571,
        0.08333333333333333,
        0.5961691823036868,
        0.8671511307639452,
        1.1172803093662986
    ],
    "5": [
        0.6222222222222222,
        0.9824561403508771,
        0.0,
        1.5904344611456966,
        0.9201515999964976,
        1.1754155175665129
    ],
    "6": [
        0.6111111111111112,
        0.5769230769230769,
        0.6578947368421053,
        1.8436232172305413,
        0.8575783994845456,
        1.1305789178140042
    ],
    "7": [
        0.6222222222222222,
        0.15,
        1.0,
        1.0617374596525744,
        0.9913532406596193,
        1.0288597444343643
    ],
    "8": [
        0.5111111111111111,
        0.7073170731707317,
        0.3469387755102041,
        1.066927557365397,
        0.951386072544974,
        1.0996684803621701
    ],
    "9": [
        0.5777777777777777,
        0.075,
        0.98,
        1.0159265362786836,
        0.9906363431160043,
        1.0181601229910033
    ],
    "10": [
        0.45555555555555555,
        0.5531914893617021,
        0.3488372093023256,
        1.0285533477006112,
        0.9372473116814342,
        1.0759544369374359
    ],
    "11": [
        0.6111111111111112,
        1.0,
        0.0,
        1.305064788244068,
        0.8966930841710028,
        1.112765044031118
    ]
}