{
    "0": [
        0.4888888888888889,
        1.0,
        0.02127659574468085,
        0.9750335488200319,
        0.8428994816087272,
        1.2316190464924501
    ],
    "1": [
        0.5444444444444444,
        1.0,
        0.0,
        1.2368427783198614,
        0.8976005373352774,
        1.1422964360284107
    ],
    "2": [
        0.4222222222222222,
        1.0,
        0.0,
        0.7636991557977252,
        0.8967653668208868,
        1.0921731396767407
    ],
    "3": [
        0.2111111111111111,
        0.36363636363636365,
        0.06521739130434782,
        0.7751247722389968,
        0.9261302404034122,
        1.0497484108008053
    ],
    "4": [
        0.36666666666666664,
        1.0,
        0.017241379310344827,
        0.5427730956881756,
        0.8671511307639452,
        1.1172803093662986
    ],
    "5": [
        0.3111111111111111,
        0.0,
        0.9655172413793104,
        0.9986389277326733,
        0.9986389277326733,
        1
    ],
    "6": [
        0.7111111111111111,
        0.9830508474576272,
        0.1935483870967742,
        1.7185006581900726,
        0.8575783994845456,
        1.1305789178140042
    ],
    "7": [
        0.5444444444444444,
        0.35294117647058826,
        0.6607142857142857,
        0.8454849598493387,
        0.8860396298987725,
        1.0761582023758802
    ],
    "8": [
        0.5444444444444444,
        0.6585365853658537,
        0.4489795918367347,
        1.1060254622234214,
        0.9539722791134384,
        1.0996684803621701
    ],
    "9": [
        0.34444444444444444,
        0.07547169811320754,
        0.7297297297297297,
        1.0091809753703385,
        0.949539875437737,
        1.0475966430219024
    ],
    "10": [
        0.5111111111111111,
        1.0,
        0.0,
        1.2414969434854326,
        0.9135810102599939,
        1.1272836103363235
    ],
    "11": [
        0.6111111111111112,
        0.9821428571428571,
        0.0,
        1.1728125314903153,
        0.8966930841710028,
        1.0761464979382598
    ]
}