{
    "0": [
        0.4777777777777778,
        1.0,
        0.0,
        1.0811403744503039,
        0.8428994816087272,
        1.2316190464924501
    ],
    "1": [
        0.43333333333333335,
        0.6326530612244898,
        0.1951219512195122,
        1.2710325679300511,
        0.8993958574636876,
        1.1131882542126519
    ],
    "2": [
        0.4222222222222222,
        1.0,
        0.0,
        0.7636991557977252,
        0.8967653668208868,
        1.0921731396767407
    ],
    "3": [
        0.6666666666666666,
        0.7272727272727273,
        0.6086956521739131,
        1.1977881048565315,
        0.969124793782672,
        1.0324221310424897
    ],
    "4": [
        0.37777777777777777,
        0.75,
        0.1724137931034483,
        0.6887320495191844,
        0.8671511307639452,
        1.1172803093662986
    ],
    "5": [
        0.6444444444444445,
        0.9016393442622951,
        0.10344827586206896,
        1.515707970947172,
        0.9201515999964976,
        1.1754155175665129
    ],
    "6": [
        0.6555555555555556,
        1.0,
        0.0,
        1.7484607719202154,
        0.8575783994845456,
        1.1305789178140042
    ],
    "7": [
        0.5888888888888889,
        0.23529411764705882,
        0.8035714285714286,
        1.039317406373682,
        0.9213085471592081,
        1.0761582023758802
    ],
    "8": [
        0.5,
        0.5365853658536586,
        0.46938775510204084,
        1.1106052281251813,
        0.9539722791134384,
        1.0996684803621701
    ],
    "9": [
        0.3333333333333333,
        0.16981132075471697,
        0.5675675675675675,
        0.8980645449464483,
        0.9441287787096084,
        1.0475966430219024
    ],
    "10": [
        0.4888888888888889,
        0.9565217391304348,
        0.0,
        1.2600909082592031,
        0.9135810102599939,
        1.1272836103363235
    ],
    "11": [
        0.6111111111111112,
        0.9821428571428571,
        0.0,
        1.1728125314903153,
        0.8966930841710028,
        1.0761464979382598
    ]
}