{
    "0": [
        0.4777777777777778,
        1.0,
        0.0,
        1.0811403744503039,
        0.8428994816087272,
        1.2316190464924501
    ],
    "1": [
        0.5333333333333333,
        0.5510204081632653,
        0.5121951219512195,
        1.206722077426431,
        0.8993958574636876,
        1.1131882542126519
    ],
    "2": [
        0.4222222222222222,
        0.8947368421052632,
        0.07692307692307693,
        0.9109953186328542,
        0.8967653668208868,
        1.0921731396767407
    ],
    "3": [
        0.5333333333333333,
        0.3409090909090909,
        0.717391304347826,
        1.089682126143299,
        0.9641825459408555,
        1.0404580926767923
    ],
    "4": [
        0.3888888888888889,
        0.71875,
        0.20689655172413793,
        0.6480684250334445,
        0.8671511307639452,
        1.1172803093662986
    ],
    "5": [
        0.32222222222222224,
        0.18032786885245902,
        0.6206896551724138,
        1.0803601229525357,
        0.9534713219780738,
        1.0338337391099
    ],
    "6": [
        0.6777777777777778,
        1.0,
        0.06451612903225806,
        1.8326163026712379,
        0.8575783994845456,
        1.1305789178140042
    ],
    "7": [
        0.6111111111111112,
        0.11764705882352941,
        0.9107142857142857,
        0.9239278398978207,
        0.9213085471592081,
        1.027207834858927
    ],
    "8": [
        0.4666666666666667,
        0.5121951219512195,
        0.42857142857142855,
        1.0659771148801234,
        0.9539722791134384,
        1.0996684803621701
    ],
    "9": [
        0.5111111111111111,
        0.8113207547169812,
        0.08108108108108109,
        1.153259604695394,
        0.9102666786883837,
        1.1823974075935249
    ],
    "10": [
        0.5111111111111111,
        1.0,
        0.0,
        1.2414969434854326,
        0.9135810102599939,
        1.1272836103363235
    ],
    "11": [
        0.6111111111111112,
        0.9821428571428571,
        0.0,
        1.1728125314903153,
        0.8966930841710028,
        1.0761464979382598
    ]
}