{
    "0": [
        0.28888888888888886,
        0.13953488372093023,
        0.425531914893617,
        0.6029978104480161,
        0.8428994816087272,
        1.1193362550136103
    ],
    "1": [
        0.5444444444444444,
        1.0,
        0.0,
        1.2368427783198614,
        0.8976005373352774,
        1.1422964360284107
    ],
    "2": [
        0.4222222222222222,
        1.0,
        0.0,
        0.7636991557977252,
        0.8967653668208868,
        1.0921731396767407
    ],
    "3": [
        0.5,
        1.0,
        0.021739130434782608,
        0.9418897965991269,
        0.9261302404034122,
        1.0497484108008053
    ],
    "4": [
        0.28888888888888886,
        0.5625,
        0.13793103448275862,
        0.6273215591967476,
        0.8671511307639452,
        1.1172803093662986
    ],
    "5": [
        0.35555555555555557,
        0.36065573770491804,
        0.3448275862068966,
        1.1425869759860914,
        0.9510629311205345,
        1.0353789874767925
    ],
    "6": [
        0.3888888888888889,
        0.13559322033898305,
        0.8709677419354839,
        1.1793624356981511,
        0.9929652716209666,
        1.0500675338236314
    ],
    "7": [
        0.5444444444444444,
        0.47058823529411764,
        0.5892857142857143,
        0.8022633154477765,
        0.8860396298987725,
        1.0761582023758802
    ],
    "8": [
        0.5,
        0.5609756097560976,
        0.4489795918367347,
        1.1119248877915466,
        0.9539722791134384,
        1.0996684803621701
    ],
    "9": [
        0.5333333333333333,
        0.6792452830188679,
        0.32432432432432434,
        1.3366266403987888,
        0.9302193023206287,
        1.1823974075935249
    ],
    "10": [
        0.5111111111111111,
        1.0,
        0.0,
        1.2414969434854326,
        0.9135810102599939,
        1.1272836103363235
    ],
    "11": [
        0.6111111111111112,
        0.9821428571428571,
        0.0,
        1.1728125314903153,
        0.8966930841710028,
        1.0761464979382598
    ]
}