{
    "0": [
        0.5111111111111111,
        0.7906976744186046,
        0.2553191489361702,
        1.0103925226024724,
        0.8428994816087272,
        1.2316190464924501
    ],
    "1": [
        0.5444444444444444,
        1.0,
        0.0,
        1.2368427783198614,
        0.8976005373352774,
        1.1422964360284107
    ],
    "2": [
        0.4222222222222222,
        1.0,
        0.0,
        0.7636991557977252,
        0.8967653668208868,
        1.0921731396767407
    ],
    "3": [
        0.5,
        0.045454545454545456,
        0.9347826086956522,
        0.990870908710053,
        0.9917411675755649,
        1.0039441506675009
    ],
    "4": [
        0.28888888888888886,
        0.53125,
        0.15517241379310345,
        0.6275740473652545,
        0.8671511307639452,
        1.1172803093662986
    ],
    "5": [
        0.45555555555555555,
        0.4262295081967213,
        0.5172413793103449,
        1.0474537112656466,
        0.9201515999964976,
        1.0359036230261935
    ],
    "6": [
        0.3333333333333333,
        0.05084745762711865,
        0.8709677419354839,
        1.0706025488077375,
        0.9933206382575286,
        1.0500675338236314
    ],
    "7": [
        0.6111111111111112,
        0.14705882352941177,
        0.8928571428571429,
        1.1492556094337258,
        0.9931463751328818,
        1.0761582023758802
    ],
    "8": [
        0.5222222222222223,
        0.6341463414634146,
        0.42857142857142855,
        1.0560637768914347,
        0.9539722791134384,
        1.0996684803621701
    ],
    "9": [
        0.5,
        0.49056603773584906,
        0.5135135135135135,
        0.9993739448477164,
        0.9441287787096084,
        1.0475966430219024
    ],
    "10": [
        0.5111111111111111,
        1.0,
        0.0,
        1.2414969434854326,
        0.9135810102599939,
        1.1272836103363235
    ],
    "11": [
        0.5888888888888889,
        0.9464285714285714,
        0.0,
        1.1839385330056484,
        0.8966930841710028,
        1.0761464979382598
    ]
}