{
    "0": [
        0.4777777777777778,
        1.0,
        0.0,
        1.0811403744503039,
        0.8428994816087272,
        1.2316190464924501
    ],
    "1": [
        0.5222222222222223,
        0.8979591836734694,
        0.07317073170731707,
        1.2638663141885036,
        0.8976005373352774,
        1.1422964360284107
    ],
    "2": [
        0.4222222222222222,
        1.0,
        0.0,
        0.7636991557977252,
        0.8967653668208868,
        1.0921731396767407
    ],
    "3": [
        0.4,
        0.0,
        0.782608695652174,
        0.9367793468921456,
        0.9588859105006234,
        1.0150917436178934
    ],
    "4": [
        0.32222222222222224,
        0.875,
        0.017241379310344827,
        0.5461904173873198,
        0.8671511307639452,
        1.1172803093662986
    ],
    "5": [
        0.32222222222222224,
        0.0,
        1.0,
        1,
        1,
        1
    ],
    "6": [
        0.35555555555555557,
        0.0847457627118644,
        0.8709677419354839,
        1.0945410161319462,
        0.9929652716209666,
        1.0500675338236314
    ],
    "7": [
        0.5444444444444444,
        0.8235294117647058,
        0.375,
        1.1222915856611064,
        0.9213085471592081,
        1.1545703884307477
    ],
    "8": [
        0.5222222222222223,
        0.6585365853658537,
        0.40816326530612246,
        1.068976854539653,
        0.9539722791134384,
        1.0996684803621701
    ],
    "9": [
        0.4777777777777778,
        0.5094339622641509,
        0.43243243243243246,
        1.1263823074554487,
        0.9441287787096084,
        1.0695539808017047
    ],
    "10": [
        0.5111111111111111,
        1.0,
        0.0,
        1.2414969434854326,
        0.9135810102599939,
        1.1272836103363235
    ],
    "11": [
        0.6111111111111112,
        0.9821428571428571,
        0.0,
        1.1728125314903153,
        0.8966930841710028,
        1.0761464979382598
    ]
}