{
    "0": [
        0.4888888888888889,
        1.0,
        0.02127659574468085,
        1.2046096206972554,
        0.8428994816087272,
        1.2316190464924501
    ],
    "1": [
        0.5222222222222223,
        0.9183673469387755,
        0.04878048780487805,
        1.0315452679212558,
        0.8976005373352774,
        1.1422964360284107
    ],
    "2": [
        0.4222222222222222,
        1.0,
        0.0,
        0.7636991557977252,
        0.8967653668208868,
        1.0921731396767407
    ],
    "3": [
        0.4,
        0.045454545454545456,
        0.7391304347826086,
        1.086994675813032,
        0.9715789456023118,
        1.0497484108008053
    ],
    "4": [
        0.32222222222222224,
        0.78125,
        0.06896551724137931,
        0.5175056744688746,
        0.8671511307639452,
        1.1172803093662986
    ],
    "5": [
        0.32222222222222224,
        0.01639344262295082,
        0.9655172413793104,
        1.0046478243188353,
        0.9986389277326733,
        1.0060170862754216
    ],
    "6": [
        0.6555555555555556,
        1.0,
        0.0,
        1.7484607719202154,
        0.8575783994845456,
        1.1305789178140042
    ],
    "7": [
        0.35555555555555557,
        0.7941176470588235,
        0.08928571428571429,
        0.8170457830941316,
        0.8860396298987725,
        1.1545703884307477
    ],
    "8": [
        0.5111111111111111,
        0.5609756097560976,
        0.46938775510204084,
        1.0999189966697474,
        0.9539722791134384,
        1.0996684803621701
    ],
    "9": [
        0.43333333333333335,
        0.32075471698113206,
        0.5945945945945946,
        0.9191534000595105,
        0.9441287787096084,
        1.0475966430219024
    ],
    "10": [
        0.5111111111111111,
        1.0,
        0.0,
        1.2414969434854326,
        0.9135810102599939,
        1.1272836103363235
    ],
    "11": [
        0.6111111111111112,
        0.9821428571428571,
        0.0,
        1.1728125314903153,
        0.8966930841710028,
        1.0761464979382598
    ]
}