{
    "0": [
        0.4777777777777778,
        1.0,
        0.0,
        1.0811403744503039,
        0.8428994816087272,
        1.2316190464924501
    ],
    "1": [
        0.4444444444444444,
        0.4897959183673469,
        0.3902439024390244,
        1.1356297003790303,
        0.8993958574636876,
        1.1131882542126519
    ],
    "2": [
        0.4222222222222222,
        1.0,
        0.0,
        0.7636991557977252,
        0.8967653668208868,
        1.0921731396767407
    ],
    "3": [
        0.5333333333333333,
        0.6590909090909091,
        0.41304347826086957,
        1.105844354689035,
        0.9336788081825143,
        1.0497484108008053
    ],
    "4": [
        0.3888888888888889,
        0.125,
        0.5344827586206896,
        0.7233590758247007,
        0.8671511307639452,
        1.1172803093662986
    ],
    "5": [
        0.36666666666666664,
        0.3442622950819672,
        0.41379310344827586,
        1.1066645213883193,
        0.9510629311205345,
        1.0353789874767925
    ],
    "6": [
        0.5666666666666667,
        0.8305084745762712,
        0.06451612903225806,
        1.6028798504974575,
        0.8575783994845456,
        1.1305789178140042
    ],
    "7": [
        0.5,
        0.5882352941176471,
        0.44642857142857145,
        0.7925767363059084,
        0.8860396298987725,
        1.0761582023758802
    ],
    "8": [
        0.4777777777777778,
        0.4146341463414634,
        0.5306122448979592,
        0.9989954753317646,
        0.9539722791134384,
        1.0996684803621701
    ],
    "9": [
        0.4888888888888889,
        0.4716981132075472,
        0.5135135135135135,
        1.0022470055463604,
        0.9441287787096084,
        1.0475966430219024
    ],
    "10": [
        0.5111111111111111,
        1.0,
        0.0,
        1.2414969434854326,
        0.9135810102599939,
        1.1272836103363235
    ],
    "11": [
        0.5888888888888889,
        0.9464285714285714,
        0.0,
        1.1857234248905222,
        0.8966930841710028,
        1.0761464979382598
    ]
}