{
    "0": [
        0.4888888888888889,
        0.8372093023255814,
        0.1702127659574468,
        1.2979015982286297,
        0.8428994816087272,
        1.2316190464924501
    ],
    "1": [
        0.5,
        0.5714285714285714,
        0.4146341463414634,
        1.3948633636241832,
        0.8993958574636876,
        1.1131882542126519
    ],
    "2": [
        0.4222222222222222,
        1.0,
        0.0,
        0.7636991557977252,
        0.8967653668208868,
        1.0921731396767407
    ],
    "3": [
        0.6333333333333333,
        0.4318181818181818,
        0.8260869565217391,
        1.1920876228421373,
        0.969124793782672,
        1.0404580926767923
    ],
    "4": [
        0.37777777777777777,
        0.9375,
        0.06896551724137931,
        0.535479267080164,
        0.8671511307639452,
        1.1172803093662986
    ],
    "5": [
        0.36666666666666664,
        0.2786885245901639,
        0.5517241379310345,
        1.0302852883884035,
        0.9510629311205345,
        1.0338337391099
    ],
    "6": [
        0.3,
        0.1016949152542373,
        0.6774193548387096,
        1.0742312124683104,
        0.9380277977926543,
        1.1057205155711587
    ],
    "7": [
        0.6111111111111112,
        0.14705882352941177,
        0.8928571428571429,
        1.022737922901641,
        0.9213085471592081,
        1.0761582023758802
    ],
    "8": [
        0.4777777777777778,
        0.5121951219512195,
        0.4489795918367347,
        1.1343971673629707,
        0.9539722791134384,
        1.0996684803621701
    ],
    "9": [
        0.5333333333333333,
        0.8867924528301887,
        0.02702702702702703,
        0.7878606804267678,
        0.614238250602748,
        1.1823974075935249
    ],
    "10": [
        0.5111111111111111,
        1.0,
        0.0,
        1.2414969434854326,
        0.9135810102599939,
        1.1272836103363235
    ],
    "11": [
        0.5666666666666667,
        0.9107142857142857,
        0.0,
        1.159147719424564,
        0.8966930841710028,
        1.0761464979382598
    ]
}