{
    "0": [
        0.26666666666666666,
        0.09302325581395349,
        0.425531914893617,
        0.6872336459681109,
        0.8428994816087272,
        1.1193362550136103
    ],
    "1": [
        0.5444444444444444,
        1.0,
        0.0,
        1.2368427783198614,
        0.8976005373352774,
        1.1422964360284107
    ],
    "2": [
        0.4222222222222222,
        1.0,
        0.0,
        0.7636991557977252,
        0.8967653668208868,
        1.0921731396767407
    ],
    "3": [
        0.3888888888888889,
        0.7727272727272727,
        0.021739130434782608,
        0.8695427471170835,
        0.9261302404034122,
        1.0497484108008053
    ],
    "4": [
        0.35555555555555557,
        0.96875,
        0.017241379310344827,
        0.5404343682741121,
        0.8671511307639452,
        1.1172803093662986
    ],
    "5": [
        0.32222222222222224,
        0.16393442622950818,
        0.6551724137931034,
        1.0801903595607085,
        0.9534713219780738,
        1.0338337391099
    ],
    "6": [
        0.25555555555555554,
        0.3389830508474576,
        0.0967741935483871,
        0.9125419065254777,
        0.8707473242818813,
        1.1057205155711587
    ],
    "7": [
        0.6222222222222222,
        0.3235294117647059,
        0.8035714285714286,
        0.9257148665585818,
        0.9213085471592081,
        1.0761582023758802
    ],
    "8": [
        0.5,
        0.5609756097560976,
        0.4489795918367347,
        1.0945778202161769,
        0.9539722791134384,
        1.0996684803621701
    ],
    "9": [
        0.5,
        0.5094339622641509,
        0.4864864864864865,
        1.014238022619242,
        0.9441287787096084,
        1.0475966430219024
    ],
    "10": [
        0.5,
        0.9782608695652174,
        0.0,
        1.2394960378322142,
        0.9135810102599939,
        1.1272836103363235
    ],
    "11": [
        0.6111111111111112,
        0.9821428571428571,
        0.0,
        1.1728125314903153,
        0.8966930841710028,
        1.0761464979382598
    ]
}