{
    "0": [
        0.6333333333333333,
        0.9069767441860465,
        0.3829787234042553,
        1.6896664112599489,
        0.8447552001712682,
        1.2316190464924501
    ],
    "1": [
        0.5444444444444444,
        0.9795918367346939,
        0.024390243902439025,
        1.2835856401113137,
        0.8976005373352774,
        1.1422964360284107
    ],
    "2": [
        0.4222222222222222,
        1.0,
        0.0,
        0.7636991557977252,
        0.8967653668208868,
        1.0921731396767407
    ],
    "3": [
        0.5666666666666667,
        0.9545454545454546,
        0.1956521739130435,
        1.092486833185179,
        0.9261302404034122,
        1.0497484108008053
    ],
    "4": [
        0.37777777777777777,
        0.6875,
        0.20689655172413793,
        0.6187976202779961,
        0.8671511307639452,
        1.1172803093662986
    ],
    "5": [
        0.3111111111111111,
        0.0,
        0.9655172413793104,
        0.9986389277326733,
        0.9986389277326733,
        1
    ],
    "6": [
        0.6666666666666666,
        0.9491525423728814,
        0.12903225806451613,
        1.8656065165581832,
        0.8575783994845456,
        1.1305789178140042
    ],
    "7": [
        0.6222222222222222,
        0.6470588235294118,
        0.6071428571428571,
        1.3286879629392918,
        0.9289094236928562,
        1.1545703884307477
    ],
    "8": [
        0.5333333333333333,
        0.6829268292682927,
        0.40816326530612246,
        1.1101034760101756,
        0.9517746306255636,
        1.0996684803621701
    ],
    "9": [
        0.5777777777777777,
        0.8867924528301887,
        0.13513513513513514,
        0.7872264437084351,
        0.614238250602748,
        1.1823974075935249
    ],
    "10": [
        0.5,
        0.9782608695652174,
        0.0,
        1.2394960378322142,
        0.9135810102599939,
        1.1272836103363235
    ],
    "11": [
        0.6111111111111112,
        0.9821428571428571,
        0.0,
        1.1728125314903153,
        0.8966930841710028,
        1.0761464979382598
    ]
}