{
    "0": [
        0.6444444444444445,
        0.9302325581395349,
        0.3829787234042553,
        1.560778020701368,
        0.8447552001712682,
        1.2316190464924501
    ],
    "1": [
        0.4777777777777778,
        0.4489795918367347,
        0.5121951219512195,
        0.9486648325168806,
        0.8993958574636876,
        1.1003261754082725
    ],
    "2": [
        0.43333333333333335,
        1.0,
        0.019230769230769232,
        0.8158626282980754,
        0.8967653668208868,
        1.0921731396767407
    ],
    "3": [
        0.45555555555555555,
        0.8863636363636364,
        0.043478260869565216,
        0.9628567855921072,
        0.9336788081825143,
        1.0497484108008053
    ],
    "4": [
        0.45555555555555555,
        0.40625,
        0.4827586206896552,
        0.6523427095714349,
        0.8671511307639452,
        1.061218017325207
    ],
    "5": [
        0.6444444444444445,
        0.8524590163934426,
        0.20689655172413793,
        1.394790119936859,
        0.9201515999964976,
        1.1754155175665129
    ],
    "6": [
        0.3,
        0.423728813559322,
        0.06451612903225806,
        0.8785665550740545,
        0.8707473242818813,
        1.1057205155711587
    ],
    "7": [
        0.4888888888888889,
        0.4411764705882353,
        0.5178571428571429,
        0.7444909326931978,
        0.8860396298987725,
        1.0761582023758802
    ],
    "8": [
        0.5777777777777777,
        0.07317073170731707,
        1.0,
        1.0049015403676076,
        0.9903780108495673,
        1.0076449051588752
    ],
    "9": [
        0.5777777777777777,
        0.8113207547169812,
        0.24324324324324326,
        1.4177695280292812,
        0.9399775357549068,
        1.1823974075935249
    ],
    "10": [
        0.5111111111111111,
        1.0,
        0.0,
        1.2414969434854326,
        0.9135810102599939,
        1.1272836103363235
    ],
    "11": [
        0.5777777777777777,
        0.8571428571428571,
        0.11764705882352941,
        1.0824928551688695,
        0.8966930841710028,
        1.0761464979382598
    ]
}
