{
    "0": [
        0.4777777777777778,
        1.0,
        0.0,
        1.0811403744503039,
        0.8428994816087272,
        1.2316190464924501
    ],
    "1": [
        0.5444444444444444,
        1.0,
        0.0,
        1.2368427783198614,
        0.8976005373352774,
        1.1422964360284107
    ],
    "2": [
        0.4111111111111111,
        0.8947368421052632,
        0.057692307692307696,
        0.9215156111749583,
        0.9029473490481763,
        1.0921731396767407
    ],
    "3": [
        0.34444444444444444,
        0.5681818181818182,
        0.13043478260869565,
        1.0265393417694557,
        0.9489630275408387,
        1.0497484108008053
    ],
    "4": [
        0.3333333333333333,
        0.875,
        0.034482758620689655,
        0.5854029610757925,
        0.8671511307639452,
        1.1172803093662986
    ],
    "5": [
        0.4,
        0.4918032786885246,
        0.20689655172413793,
        1.1090415552848607,
        0.9510629311205345,
        1.0353789874767925
    ],
    "6": [
        0.6555555555555556,
        1.0,
        0.0,
        1.7484607719202154,
        0.8575783994845456,
        1.1305789178140042
    ],
    "7": [
        0.6,
        0.7647058823529411,
        0.5,
        1.1393166774820918,
        0.9213085471592081,
        1.1545703884307477
    ],
    "8": [
        0.4888888888888889,
        0.4146341463414634,
        0.5510204081632653,
        1.0295991889173512,
        0.9539722791134384,
        1.0996684803621701
    ],
    "9": [
        0.5444444444444444,
        0.8490566037735849,
        0.10810810810810811,
        0.9358108424849898,
        0.614238250602748,
        1.1823974075935249
    ],
    "10": [
        0.5111111111111111,
        1.0,
        0.0,
        1.2414969434854326,
        0.9135810102599939,
        1.1272836103363235
    ],
    "11": [
        0.6111111111111112,
        0.75,
        0.38235294117647056,
        1.0942994783243962,
        0.8966930841710028,
        1.0761464979382598
    ]
}