{
    "0": [
        0.5,
        1.0,
        0.0425531914893617,
        1.053961313658545,
        0.8428994816087272,
        1.2316190464924501
    ],
    "1": [
        0.4777777777777778,
        0.42857142857142855,
        0.5365853658536586,
        0.9502523285734508,
        0.8993958574636876,
        1.0897668882566307
    ],
    "2": [
        0.4777777777777778,
        0.9210526315789473,
        0.15384615384615385,
        0.7551177494006419,
        0.8967653668208868,
        1.0921731396767407
    ],
    "3": [
        0.5444444444444444,
        1.0,
        0.10869565217391304,
        1.013168295479359,
        0.9261302404034122,
        1.0497484108008053
    ],
    "4": [
        0.35555555555555557,
        0.96875,
        0.017241379310344827,
        0.5487175426524641,
        0.8671511307639452,
        1.1172803093662986
    ],
    "5": [
        0.5111111111111111,
        0.639344262295082,
        0.2413793103448276,
        1.3764167612553277,
        0.9534713219780738,
        1.1754155175665129
    ],
    "6": [
        0.35555555555555557,
        0.15254237288135594,
        0.7419354838709677,
        1.2053832132234903,
        0.957973072857591,
        1.0728631958172465
    ],
    "7": [
        0.5777777777777777,
        0.17647058823529413,
        0.8214285714285714,
        0.8941493354612315,
        0.9213085471592081,
        1.0551183010109986
    ],
    "8": [
        0.4888888888888889,
        0.43902439024390244,
        0.5306122448979592,
        1.0059549466379591,
        0.9539722791134384,
        1.0996684803621701
    ],
    "9": [
        0.5555555555555556,
        0.49056603773584906,
        0.6486486486486487,
        0.8685652347934948,
        0.614238250602748,
        1.1823974075935249
    ],
    "10": [
        0.5111111111111111,
        1.0,
        0.0,
        1.2414969434854326,
        0.9135810102599939,
        1.1272836103363235
    ],
    "11": [
        0.5888888888888889,
        0.9464285714285714,
        0.0,
        1.1657485138797945,
        0.8966930841710028,
        1.0761464979382598
    ]
}