{
    "0": [
        0.6333333333333333,
        0.9069767441860465,
        0.3829787234042553,
        1.947849450193942,
        0.8447552001712682,
        1.2316190464924501
    ],
    "1": [
        0.5555555555555556,
        1.0,
        0.024390243902439025,
        1.139501485687856,
        0.8976005373352774,
        1.1422964360284107
    ],
    "2": [
        0.43333333333333335,
        0.39473684210526316,
        0.46153846153846156,
        1.004447436272173,
        0.9399594511998197,
        1.0921731396767407
    ],
    "3": [
        0.6111111111111112,
        0.4318181818181818,
        0.782608695652174,
        1.1642123074505233,
        0.9416399759588683,
        1.0404580926767923
    ],
    "4": [
        0.35555555555555557,
        0.84375,
        0.08620689655172414,
        0.6667760536840858,
        0.8671511307639452,
        1.1172803093662986
    ],
    "5": [
        0.6222222222222222,
        0.7540983606557377,
        0.3448275862068966,
        1.4220759460218726,
        0.9201515999964976,
        1.1754155175665129
    ],
    "6": [
        0.6666666666666666,
        1.0,
        0.03225806451612903,
        1.7555970708388828,
        0.8575783994845456,
        1.1305789178140042
    ],
    "7": [
        0.4222222222222222,
        0.8823529411764706,
        0.14285714285714285,
        1.1892604200905252,
        0.9213085471592081,
        1.1545703884307477
    ],
    "8": [
        0.5111111111111111,
        0.2926829268292683,
        0.6938775510204082,
        1.0171128164341332,
        0.9539722791134384,
        1.0996684803621701
    ],
    "9": [
        0.5888888888888889,
        0.7169811320754716,
        0.40540540540540543,
        0.68325140969041,
        0.614238250602748,
        1.0873652710390624
    ],
    "10": [
        0.5111111111111111,
        1.0,
        0.0,
        1.2414969434854326,
        0.9135810102599939,
        1.1272836103363235
    ],
    "11": [
        0.5888888888888889,
        0.7142857142857143,
        0.38235294117647056,
        1.1170909417730006,
        0.8966930841710028,
        1.0761464979382598
    ]
}