{
    "0": [
        0.5444444444444444,
        1.0,
        0.1276595744680851,
        1.0749493959610876,
        0.8428994816087272,
        1.2316190464924501
    ],
    "1": [
        0.5555555555555556,
        1.0,
        0.024390243902439025,
        1.139501485687856,
        0.8976005373352774,
        1.1422964360284107
    ],
    "2": [
        0.4444444444444444,
        1.0,
        0.038461538461538464,
        0.8123263090984072,
        0.8967653668208868,
        1.0921731396767407
    ],
    "3": [
        0.4111111111111111,
        0.20454545454545456,
        0.6086956521739131,
        0.8536250011111681,
        0.9336788081825143,
        1.0497484108008053
    ],
    "4": [
        0.34444444444444444,
        0.90625,
        0.034482758620689655,
        0.5471385538943696,
        0.8671511307639452,
        1.1172803093662986
    ],
    "5": [
        0.3111111111111111,
        0.0,
        0.9655172413793104,
        0.9986389277326733,
        0.9986389277326733,
        1
    ],
    "6": [
        0.6111111111111112,
        0.9152542372881356,
        0.03225806451612903,
        1.4787743208333026,
        0.8575783994845456,
        1.1270765377324055
    ],
    "7": [
        0.6333333333333333,
        0.20588235294117646,
        0.8928571428571429,
        1.0035113850333404,
        0.9213085471592081,
        1.0761582023758802
    ],
    "8": [
        0.5555555555555556,
        0.024390243902439025,
        1.0,
        1.0076449051588752,
        1,
        1.0076449051588752
    ],
    "9": [
        0.6,
        0.9811320754716981,
        0.05405405405405406,
        0.7715783054152973,
        0.614238250602748,
        1.1823974075935249
    ],
    "10": [
        0.5,
        0.9782608695652174,
        0.0,
        1.2394960378322142,
        0.9135810102599939,
        1.1272836103363235
    ],
    "11": [
        0.6111111111111112,
        0.9821428571428571,
        0.0,
        1.1728125314903153,
        0.8966930841710028,
        1.0761464979382598
    ]
}