{
    "0": [
        0.5555555555555556,
        0.9767441860465116,
        0.1702127659574468,
        1.0855845753873699,
        0.8428994816087272,
        1.2316190464924501
    ],
    "1": [
        0.5555555555555556,
        1.0,
        0.024390243902439025,
        1.139501485687856,
        0.8976005373352774,
        1.1422964360284107
    ],
    "2": [
        0.4111111111111111,
        0.9736842105263158,
        0.0,
        0.7876698203667067,
        0.8967653668208868,
        1.0921731396767407
    ],
    "3": [
        0.4888888888888889,
        0.06818181818181818,
        0.8913043478260869,
        1.0202581519488538,
        0.9843991119690527,
        1.0324221310424897
    ],
    "4": [
        0.3333333333333333,
        0.875,
        0.034482758620689655,
        0.5444438184317283,
        0.8671511307639452,
        1.1172803093662986
    ],
    "5": [
        0.3111111111111111,
        0.0,
        0.9655172413793104,
        0.9986389277326733,
        0.9986389277326733,
        1
    ],
    "6": [
        0.6444444444444445,
        0.9830508474576272,
        0.0,
        1.732442263524175,
        0.8575783994845456,
        1.1305789178140042
    ],
    "7": [
        0.3888888888888889,
        0.9117647058823529,
        0.07142857142857142,
        1.0487925732865206,
        0.9213085471592081,
        1.1545703884307477
    ],
    "8": [
        0.5444444444444444,
        0.0,
        1.0,
        1,
        1,
        1
    ],
    "9": [
        0.4666666666666667,
        0.4339622641509434,
        0.5135135135135135,
        1.0260275504317855,
        0.9441287787096084,
        1.0475966430219024
    ],
    "10": [
        0.5111111111111111,
        1.0,
        0.0,
        1.2414969434854326,
        0.9135810102599939,
        1.1272836103363235
    ],
    "11": [
        0.5333333333333333,
        0.6071428571428571,
        0.4117647058823529,
        1.057318422949556,
        0.8966930841710028,
        1.0761464979382598
    ]
}