{
    "0": [
        0.4888888888888889,
        1.0,
        0.02127659574468085,
        1.06030035847885,
        0.8428994816087272,
        1.2316190464924501
    ],
    "1": [
        0.5,
        0.9183673469387755,
        0.0,
        1.3095575131732147,
        0.8976005373352774,
        1.1422964360284107
    ],
    "2": [
        0.4222222222222222,
        1.0,
        0.0,
        0.7636991557977252,
        0.8967653668208868,
        1.0921731396767407
    ],
    "3": [
        0.26666666666666666,
        0.36363636363636365,
        0.17391304347826086,
        0.8709736494118505,
        0.9489630275408387,
        1.0497484108008053
    ],
    "4": [
        0.36666666666666664,
        1.0,
        0.017241379310344827,
        0.5427730956881756,
        0.8671511307639452,
        1.1172803093662986
    ],
    "5": [
        0.6444444444444445,
        0.8524590163934426,
        0.20689655172413793,
        1.394790119936859,
        0.9201515999964976,
        1.1754155175665129
    ],
    "6": [
        0.3111111111111111,
        0.05084745762711865,
        0.8064516129032258,
        1.0214394339827815,
        0.957973072857591,
        1.0500675338236314
    ],
    "7": [
        0.6888888888888889,
        0.5294117647058824,
        0.7857142857142857,
        0.9592744611167524,
        0.9213085471592081,
        1.0761582023758802
    ],
    "8": [
        0.5555555555555556,
        0.024390243902439025,
        1.0,
        1.0076449051588752,
        1,
        1.0076449051588752
    ],
    "9": [
        0.5222222222222223,
        0.4716981132075472,
        0.5945945945945946,
        1.0490428264030713,
        0.9441287787096084,
        1.0475966430219024
    ],
    "10": [
        0.5,
        0.9347826086956522,
        0.045454545454545456,
        1.2531072992346515,
        0.9135810102599939,
        1.1272836103363235
    ],
    "11": [
        0.5666666666666667,
        0.9107142857142857,
        0.0,
        1.1969719068668647,
        0.8966930841710028,
        1.0761464979382598
    ]
}