{
    "0": [
        0.5333333333333333,
        1.0,
        0.10638297872340426,
        1.0960773361727398,
        0.8428994816087272,
        1.2316190464924501
    ],
    "1": [
        0.4777777777777778,
        0.8163265306122449,
        0.07317073170731707,
        1.3391682270592395,
        0.8976005373352774,
        1.1422964360284107
    ],
    "2": [
        0.4222222222222222,
        1.0,
        0.0,
        0.7636991557977252,
        0.8967653668208868,
        1.0921731396767407
    ],
    "3": [
        0.28888888888888886,
        0.2727272727272727,
        0.30434782608695654,
        0.9404632014945541,
        0.9489630275408387,
        1.0497484108008053
    ],
    "4": [
        0.36666666666666664,
        1.0,
        0.017241379310344827,
        0.5427730956881756,
        0.8671511307639452,
        1.1172803093662986
    ],
    "5": [
        0.3111111111111111,
        0.0,
        0.9655172413793104,
        0.9986389277326733,
        0.9986389277326733,
        1
    ],
    "6": [
        0.3333333333333333,
        0.06779661016949153,
        0.8387096774193549,
        1.0183935368783603,
        0.957973072857591,
        1.0500675338236314
    ],
    "7": [
        0.45555555555555555,
        0.8823529411764706,
        0.19642857142857142,
        1.0154240430225272,
        0.8860396298987725,
        1.1545703884307477
    ],
    "8": [
        0.5666666666666667,
        0.04878048780487805,
        1.0,
        1.0146646324523922,
        1,
        1.0076449051588752
    ],
    "9": [
        0.4666666666666667,
        0.37735849056603776,
        0.5945945945945946,
        0.9563838960125496,
        0.9441287787096084,
        1.0475966430219024
    ],
    "10": [
        0.5111111111111111,
        1.0,
        0.0,
        1.2414969434854326,
        0.9135810102599939,
        1.1272836103363235
    ],
    "11": [
        0.5555555555555556,
        0.8928571428571429,
        0.0,
        1.174659656777214,
        0.8966930841710028,
        1.0761464979382598
    ]
}