{
    "0": [
        0.5111111111111111,
        0.9767441860465116,
        0.0851063829787234,
        1.0675385232244343,
        0.8428994816087272,
        1.2316190464924501
    ],
    "1": [
        0.4666666666666667,
        0.4897959183673469,
        0.43902439024390244,
        1.0950730498956944,
        0.8993958574636876,
        1.0897668882566307
    ],
    "2": [
        0.4222222222222222,
        1.0,
        0.0,
        0.7636991557977252,
        0.8967653668208868,
        1.0921731396767407
    ],
    "3": [
        0.3,
        0.4318181818181818,
        0.17391304347826086,
        0.8493328930239699,
        0.9261302404034122,
        1.0497484108008053
    ],
    "4": [
        0.36666666666666664,
        0.46875,
        0.3103448275862069,
        0.5894371042948625,
        0.8671511307639452,
        1.1172803093662986
    ],
    "5": [
        0.3111111111111111,
        0.0,
        0.9655172413793104,
        0.9986389277326733,
        0.9986389277326733,
        1
    ],
    "6": [
        0.34444444444444444,
        0.0847457627118644,
        0.8387096774193549,
        1.067830960944249,
        0.957973072857591,
        1.0500675338236314
    ],
    "7": [
        0.5777777777777777,
        0.4117647058823529,
        0.6785714285714286,
        1.01405349991121,
        0.9213085471592081,
        1.1545703884307477
    ],
    "8": [
        0.4666666666666667,
        0.2682926829268293,
        0.6326530612244898,
        1.0365404830658738,
        0.9539722791134384,
        1.0996684803621701
    ],
    "9": [
        0.5222222222222223,
        0.7924528301886793,
        0.13513513513513514,
        0.7187647851292301,
        0.614238250602748,
        1.1823974075935249
    ],
    "10": [
        0.5111111111111111,
        1.0,
        0.0,
        1.2414969434854326,
        0.9135810102599939,
        1.1272836103363235
    ],
    "11": [
        0.4777777777777778,
        0.5714285714285714,
        0.3235294117647059,
        1.0327143286705445,
        0.8966930841710028,
        1.0761464979382598
    ]
}