{
    "0": [
        0.5555555555555556,
        0.9583333333333334,
        0.09523809523809523,
        1.0927907265271417,
        0.8428994816087272,
        1.2316190464924501
    ],
    "1": [
        0.5777777777777777,
        0.75,
        0.38095238095238093,
        1.6986072967665822,
        0.8976005373352774,
        1.1422964360284107
    ],
    "2": [
        0.5555555555555556,
        0.9574468085106383,
        0.11627906976744186,
        0.9125125010286423,
        0.8967653668208868,
        1.0921731396767407
    ],
    "3": [
        0.5,
        0.6666666666666666,
        0.3333333333333333,
        0.9572399445400682,
        0.9416399759588683,
        1.0497484108008053
    ],
    "4": [
        0.4666666666666667,
        1.0,
        0.0,
        0.5471430176260813,
        0.8671511307639452,
        1.1172803093662986
    ],
    "5": [
        0.5666666666666667,
        0.8070175438596491,
        0.15151515151515152,
        1.5441301621332055,
        0.9201515999964976,
        1.1754155175665129
    ],
    "6": [
        0.5777777777777777,
        1.0,
        0.0,
        1.7484607719202154,
        0.8575783994845456,
        1.1305789178140042
    ],
    "7": [
        0.4444444444444444,
        1.0,
        0.0,
        0.9067176888350073,
        0.8860396298987725,
        1.1545703884307477
    ],
    "8": [
        0.4777777777777778,
        0.8292682926829268,
        0.1836734693877551,
        0.9297210725974584,
        0.951386072544974,
        1.0996684803621701
    ],
    "9": [
        0.5666666666666667,
        0.45,
        0.66,
        0.826862067013495,
        0.9102666786883837,
        1.0475966430219024
    ],
    "10": [
        0.5888888888888889,
        0.851063829787234,
        0.3023255813953488,
        1.2437628225285422,
        0.9135810102599939,
        1.1272836103363235
    ],
    "11": [
        0.4444444444444444,
        0.2727272727272727,
        0.7142857142857143,
        1.1229708833318046,
        0.9824923090648972,
        1.050820615089816
    ]
}