{
    "0": [
        0.4444444444444444,
        0.7291666666666666,
        0.11904761904761904,
        0.9045635384598513,
        0.8428994816087272,
        1.2316190464924501
    ],
    "1": [
        0.5555555555555556,
        0.8333333333333334,
        0.23809523809523808,
        1.5908126671479845,
        0.8976005373352774,
        1.1422964360284107
    ],
    "2": [
        0.5111111111111111,
        0.9787234042553191,
        0.0,
        0.7606718326660787,
        0.8967653668208868,
        1.0921731396767407
    ],
    "3": [
        0.5777777777777777,
        1.0,
        0.15555555555555556,
        1.0889172796707756,
        0.9261302404034122,
        1.0497484108008053
    ],
    "4": [
        0.45555555555555555,
        0.4523809523809524,
        0.4583333333333333,
        0.7036035598258945,
        0.8671511307639452,
        1.0729698336752207
    ],
    "5": [
        0.6222222222222222,
        0.8771929824561403,
        0.18181818181818182,
        1.5491108875122506,
        0.9201515999964976,
        1.1754155175665129
    ],
    "6": [
        0.5777777777777777,
        1.0,
        0.0,
        1.7484607719202154,
        0.8575783994845456,
        1.1305789178140042
    ],
    "7": [
        0.5222222222222223,
        0.575,
        0.48,
        0.8530172316939912,
        0.8860396298987725,
        1.0761582023758802
    ],
    "8": [
        0.4777777777777778,
        1.0,
        0.04081632653061224,
        1.0632300870137066,
        0.951386072544974,
        1.0996684803621701
    ],
    "9": [
        0.5444444444444444,
        0.875,
        0.28,
        1.4239026768824785,
        0.9102666786883837,
        1.1823974075935249
    ],
    "10": [
        0.5777777777777777,
        0.2765957446808511,
        0.9069767441860465,
        1.25430854037601,
        0.9836560439473043,
        1.1272836103363235
    ],
    "11": [
        0.4444444444444444,
        0.10909090909090909,
        0.9714285714285714,
        1.0395750580917582,
        0.9849489256739209,
        1.022529059424097
    ]
}