{
    "0": [
        0.5555555555555556,
        0.7916666666666666,
        0.2857142857142857,
        1.607106363385179,
        0.8447552001712682,
        1.2316190464924501
    ],
    "1": [
        0.5333333333333333,
        1.0,
        0.0,
        1.2368427783198614,
        0.8976005373352774,
        1.1422964360284107
    ],
    "2": [
        0.4777777777777778,
        0.3404255319148936,
        0.627906976744186,
        0.995894225364575,
        0.9360634122815932,
        1.085465458606541
    ],
    "3": [
        0.5666666666666667,
        0.9777777777777777,
        0.15555555555555556,
        1.0433628697968245,
        0.9261302404034122,
        1.0497484108008053
    ],
    "4": [
        0.4777777777777778,
        0.5714285714285714,
        0.3958333333333333,
        0.4893262943652717,
        0.8671511307639452,
        1.061218017325207
    ],
    "5": [
        0.5888888888888889,
        0.8596491228070176,
        0.12121212121212122,
        1.589360759881692,
        0.9510629311205345,
        1.1754155175665129
    ],
    "6": [
        0.5777777777777777,
        1.0,
        0.0,
        1.7484607719202154,
        0.8575783994845456,
        1.1305789178140042
    ],
    "7": [
        0.5777777777777777,
        0.575,
        0.58,
        1.2174323590937004,
        0.9571006275599473,
        1.0761582023758802
    ],
    "8": [
        0.4777777777777778,
        0.7317073170731707,
        0.2653061224489796,
        1.0210355952149892,
        0.951386072544974,
        1.0833847541861696
    ],
    "9": [
        0.4777777777777778,
        0.1,
        0.78,
        0.932032465946485,
        0.9399775357549068,
        1.0695539808017047
    ],
    "10": [
        0.5333333333333333,
        0.723404255319149,
        0.32558139534883723,
        1.09417032754812,
        0.9135810102599939,
        1.1272836103363235
    ],
    "11": [
        0.45555555555555555,
        0.2727272727272727,
        0.7428571428571429,
        1.1714628440652377,
        0.9564820017436121,
        1.112765044031118
    ]
}