{
    "0": [
        0.4777777777777778,
        0.3125,
        0.6666666666666666,
        0.4886969926967502,
        0.8428994816087272,
        1.1193362550136103
    ],
    "1": [
        0.5333333333333333,
        1.0,
        0.0,
        1.2368427783198614,
        0.8976005373352774,
        1.1422964360284107
    ],
    "2": [
        0.5222222222222223,
        1.0,
        0.0,
        0.7636991557977252,
        0.8967653668208868,
        1.0921731396767407
    ],
    "3": [
        0.4888888888888889,
        0.2222222222222222,
        0.7555555555555555,
        0.978350388681576,
        0.9261302404034122,
        1.0404580926767923
    ],
    "4": [
        0.5222222222222223,
        0.8095238095238095,
        0.2708333333333333,
        0.7047465087872651,
        0.8671511307639452,
        1.1172803093662986
    ],
    "5": [
        0.45555555555555555,
        0.3508771929824561,
        0.6363636363636364,
        1.0934394614367813,
        0.9510629311205345,
        1.0767682140985009
    ],
    "6": [
        0.5777777777777777,
        1.0,
        0.0,
        1.7484607719202154,
        0.8575783994845456,
        1.1305789178140042
    ],
    "7": [
        0.4444444444444444,
        0.375,
        0.5,
        0.7633225622701704,
        0.8860396298987725,
        1.0551183010109986
    ],
    "8": [
        0.45555555555555555,
        1.0,
        0.0,
        0.9674974095780186,
        0.951386072544974,
        1.0996684803621701
    ],
    "9": [
        0.4444444444444444,
        1.0,
        0.0,
        0.8206880106893513,
        0.614238250602748,
        1.1823974075935249
    ],
    "10": [
        0.5111111111111111,
        0.5957446808510638,
        0.4186046511627907,
        1.011554945623824,
        0.9135810102599939,
        1.078811281340542
    ],
    "11": [
        0.4111111111111111,
        0.03636363636363636,
        1.0,
        0.992581528621874,
        0.9886599434063197,
        1.0039665663019004
    ]
}