{
    "0": [
        0.5333333333333333,
        0.9375,
        0.07142857142857142,
        1.1499433602162963,
        0.8428994816087272,
        1.2316190464924501
    ],
    "1": [
        0.6,
        0.75,
        0.42857142857142855,
        1.3391299028069557,
        0.8976005373352774,
        1.1422964360284107
    ],
    "2": [
        0.3888888888888889,
        0.23404255319148937,
        0.5581395348837209,
        0.6756889126047723,
        0.9360634122815932,
        1.0332335154968404
    ],
    "3": [
        0.4777777777777778,
        0.6222222222222222,
        0.3333333333333333,
        1.0618123032468787,
        0.9489630275408387,
        1.0497484108008053
    ],
    "4": [
        0.4666666666666667,
        0.9285714285714286,
        0.0625,
        0.548095705655431,
        0.8671511307639452,
        1.1172803093662986
    ],
    "5": [
        0.43333333333333335,
        0.2631578947368421,
        0.7272727272727273,
        1.0896442616862665,
        0.981492462634456,
        1.0767682140985009
    ],
    "6": [
        0.5777777777777777,
        1.0,
        0.0,
        1.7484607719202154,
        0.8575783994845456,
        1.1305789178140042
    ],
    "7": [
        0.43333333333333335,
        0.775,
        0.16,
        0.8310782124245302,
        0.8860396298987725,
        1.1545703884307477
    ],
    "8": [
        0.4888888888888889,
        0.6341463414634146,
        0.3673469387755102,
        0.9868300270087601,
        0.951386072544974,
        1.0833847541861696
    ],
    "9": [
        0.4222222222222222,
        0.9,
        0.04,
        0.8176152902614123,
        0.614238250602748,
        1.1823974075935249
    ],
    "10": [
        0.45555555555555555,
        0.6382978723404256,
        0.2558139534883721,
        0.978818068400732,
        0.9135810102599939,
        1.1272836103363235
    ],
    "11": [
        0.5111111111111111,
        0.5636363636363636,
        0.42857142857142855,
        1.0793759840157213,
        0.8966930841710028,
        1.112765044031118
    ]
}