{
    "0": [
        0.5333333333333333,
        1.0,
        0.0,
        1.0811403744503039,
        0.8428994816087272,
        1.2316190464924501
    ],
    "1": [
        0.4777777777777778,
        0.5416666666666666,
        0.40476190476190477,
        0.859500657619838,
        0.8976005373352774,
        1.1131882542126519
    ],
    "2": [
        0.45555555555555555,
        0.425531914893617,
        0.4883720930232558,
        0.9138480441350766,
        0.9360634122815932,
        1.0921731396767407
    ],
    "3": [
        0.5888888888888889,
        0.8666666666666667,
        0.3111111111111111,
        1.119807743718446,
        0.9416399759588683,
        1.0497484108008053
    ],
    "4": [
        0.4666666666666667,
        1.0,
        0.0,
        0.5471430176260813,
        0.8671511307639452,
        1.1172803093662986
    ],
    "5": [
        0.5777777777777777,
        0.8421052631578947,
        0.12121212121212122,
        1.3871509938923334,
        0.9201515999964976,
        1.1754155175665129
    ],
    "6": [
        0.5666666666666667,
        0.9807692307692307,
        0.0,
        1.7484607719202154,
        0.8575783994845456,
        1.1305789178140042
    ],
    "7": [
        0.5111111111111111,
        0.95,
        0.16,
        1.1055098505458671,
        0.9213085471592081,
        1.1545703884307477
    ],
    "8": [
        0.45555555555555555,
        0.8048780487804879,
        0.16326530612244897,
        0.8063482900730179,
        0.951386072544974,
        1.0996684803621701
    ],
    "9": [
        0.4444444444444444,
        1.0,
        0.0,
        0.8206880106893513,
        0.614238250602748,
        1.1823974075935249
    ],
    "10": [
        0.4777777777777778,
        0.5531914893617021,
        0.3953488372093023,
        1.194167801785306,
        0.9446534606817751,
        1.1272836103363235
    ],
    "11": [
        0.3888888888888889,
        0.0,
        1.0,
        1,
        1,
        1
    ]
}