{
    "0": [
        0.5333333333333333,
        1.0,
        0.0,
        1.0811403744503039,
        0.8428994816087272,
        1.2316190464924501
    ],
    "1": [
        0.4777777777777778,
        0.4375,
        0.5238095238095238,
        1.0278083921182186,
        0.9068769836662509,
        1.0897668882566307
    ],
    "2": [
        0.5222222222222223,
        1.0,
        0.0,
        0.7636991557977252,
        0.8967653668208868,
        1.0921731396767407
    ],
    "3": [
        0.5111111111111111,
        0.9333333333333333,
        0.08888888888888889,
        0.9175398465207857,
        0.9261302404034122,
        1.0497484108008053
    ],
    "4": [
        0.5333333333333333,
        0.2619047619047619,
        0.7708333333333334,
        0.8994253436768991,
        0.9001306779661119,
        1.043367863993261
    ],
    "5": [
        0.4111111111111111,
        0.12280701754385964,
        0.9090909090909091,
        1.0180519407366304,
        0.9201515999964976,
        1.064734270853694
    ],
    "6": [
        0.5777777777777777,
        1.0,
        0.0,
        1.7484607719202154,
        0.8575783994845456,
        1.1305789178140042
    ],
    "7": [
        0.4777777777777778,
        0.375,
        0.56,
        0.8003884873816876,
        0.8860396298987725,
        1.0761582023758802
    ],
    "8": [
        0.5,
        0.8048780487804879,
        0.24489795918367346,
        1.040115143335787,
        0.951386072544974,
        1.0996684803621701
    ],
    "9": [
        0.4444444444444444,
        1.0,
        0.0,
        0.8206880106893513,
        0.614238250602748,
        1.1823974075935249
    ],
    "10": [
        0.5444444444444444,
        0.851063829787234,
        0.20930232558139536,
        1.2393381819190754,
        0.9135810102599939,
        1.1272836103363235
    ],
    "11": [
        0.45555555555555555,
        0.2909090909090909,
        0.7142857142857143,
        1.0896608325066752,
        0.9703375650076514,
        1.050820615089816
    ]
}