{
    "0": [
        0.5555555555555556,
        0.875,
        0.19047619047619047,
        1.5912485921189583,
        0.8447552001712682,
        1.2316190464924501
    ],
    "1": [
        0.5555555555555556,
        0.9791666666666666,
        0.07142857142857142,
        1.2825130207618982,
        0.8976005373352774,
        1.1422964360284107
    ],
    "2": [
        0.4111111111111111,
        0.14893617021276595,
        0.6976744186046512,
        0.7297050945468013,
        0.9360634122815932,
        1.027193337676286
    ],
    "3": [
        0.5,
        0.8888888888888888,
        0.1111111111111111,
        1.0345573267271067,
        0.9336788081825143,
        1.0497484108008053
    ],
    "4": [
        0.4777777777777778,
        0.47619047619047616,
        0.4791666666666667,
        0.6261087931678354,
        0.8671511307639452,
        1.061218017325207
    ],
    "5": [
        0.6222222222222222,
        0.8596491228070176,
        0.21212121212121213,
        1.3801231126810347,
        0.9201515999964976,
        1.1754155175665129
    ],
    "6": [
        0.5777777777777777,
        1.0,
        0.0,
        1.7484607719202154,
        0.8575783994845456,
        1.1305789178140042
    ],
    "7": [
        0.4444444444444444,
        1.0,
        0.0,
        0.9067176888350073,
        0.8860396298987725,
        1.1545703884307477
    ],
    "8": [
        0.5,
        0.2682926829268293,
        0.6938775510204082,
        0.9852646737504178,
        0.951386072544974,
        1.0833847541861696
    ],
    "9": [
        0.5333333333333333,
        0.625,
        0.46,
        0.9142963915124337,
        0.9102666786883837,
        1.0475966430219024
    ],
    "10": [
        0.4222222222222222,
        0.2978723404255319,
        0.5581395348837209,
        1.1113312482092867,
        0.9667946645033947,
        1.1272836103363235
    ],
    "11": [
        0.4222222222222222,
        0.05454545454545454,
        1.0,
        1.0114672298077334,
        0.9887971411314296,
        1.0150333013998263
    ]
}