{
    "0": [
        0.4888888888888889,
        0.3958333333333333,
        0.5952380952380952,
        1.0849767491914426,
        0.8963314712725509,
        1.1088237689448541
    ],
    "1": [
        0.4444444444444444,
        0.3333333333333333,
        0.5714285714285714,
        0.889012947404401,
        0.8993958574636876,
        1.1003261754082725
    ],
    "2": [
        0.5222222222222223,
        1.0,
        0.0,
        0.7636991557977252,
        0.8967653668208868,
        1.0921731396767407
    ],
    "3": [
        0.5666666666666667,
        1.0,
        0.13333333333333333,
        1.0045749786157525,
        0.9261302404034122,
        1.0497484108008053
    ],
    "4": [
        0.4666666666666667,
        0.6428571428571429,
        0.3125,
        0.5946921696509859,
        0.8671511307639452,
        1.0729698336752207
    ],
    "5": [
        0.6222222222222222,
        0.9824561403508771,
        0.0,
        1.5707350126636792,
        0.9201515999964976,
        1.1754155175665129
    ],
    "6": [
        0.5666666666666667,
        0.9615384615384616,
        0.02631578947368421,
        1.650661269101883,
        0.8575783994845456,
        1.1305789178140042
    ],
    "7": [
        0.43333333333333335,
        0.575,
        0.32,
        0.6891567446077008,
        0.8860396298987725,
        1.0761582023758802
    ],
    "8": [
        0.4666666666666667,
        0.8048780487804879,
        0.1836734693877551,
        1.1480951823206078,
        0.951386072544974,
        1.0996684803621701
    ],
    "9": [
        0.43333333333333335,
        0.7,
        0.22,
        0.6929497276601753,
        0.614238250602748,
        1.1823974075935249
    ],
    "10": [
        0.5,
        0.7659574468085106,
        0.20930232558139536,
        1.1217224229127347,
        0.9135810102599939,
        1.1272836103363235
    ],
    "11": [
        0.43333333333333335,
        0.09090909090909091,
        0.9714285714285714,
        1.0022804397865261,
        0.9849489256739209,
        1.0150333013998263
    ]
}