{
    "0": [
        0.5444444444444444,
        0.8541666666666666,
        0.19047619047619047,
        1.513727455759945,
        0.8447552001712682,
        1.2316190464924501
    ],
    "1": [
        0.4444444444444444,
        0.7083333333333334,
        0.14285714285714285,
        1.1180138203203636,
        0.8976005373352774,
        1.1422964360284107
    ],
    "2": [
        0.5555555555555556,
        0.9148936170212766,
        0.16279069767441862,
        0.8443873317091308,
        0.8967653668208868,
        1.0921731396767407
    ],
    "3": [
        0.4777777777777778,
        0.5111111111111111,
        0.4444444444444444,
        1.0076804927121115,
        0.9416399759588683,
        1.0497484108008053
    ],
    "4": [
        0.4666666666666667,
        1.0,
        0.0,
        0.5471430176260813,
        0.8671511307639452,
        1.1172803093662986
    ],
    "5": [
        0.5333333333333333,
        0.8070175438596491,
        0.06060606060606061,
        1.4475068991808195,
        0.9201515999964976,
        1.1754155175665129
    ],
    "6": [
        0.5777777777777777,
        1.0,
        0.0,
        1.7484607719202154,
        0.8575783994845456,
        1.1305789178140042
    ],
    "7": [
        0.4444444444444444,
        0.475,
        0.42,
        0.7476627598672582,
        0.8860396298987725,
        1.0761582023758802
    ],
    "8": [
        0.5111111111111111,
        0.7073170731707317,
        0.3469387755102041,
        1.0074959959622352,
        0.951386072544974,
        1.0833847541861696
    ],
    "9": [
        0.43333333333333335,
        0.75,
        0.18,
        0.9105290136343938,
        0.614238250602748,
        1.1823974075935249
    ],
    "10": [
        0.5333333333333333,
        0.9361702127659575,
        0.09302325581395349,
        1.196829154587035,
        0.9135810102599939,
        1.1272836103363235
    ],
    "11": [
        0.5222222222222223,
        0.6,
        0.4,
        1.0747036889440347,
        0.8966930841710028,
        1.0761464979382598
    ]
}