{
    "0": [
        0.5333333333333333,
        1.0,
        0.0,
        1.0811403744503039,
        0.8428994816087272,
        1.2316190464924501
    ],
    "1": [
        0.4666666666666667,
        0.5,
        0.42857142857142855,
        1.1087677961541165,
        0.8993958574636876,
        1.1131882542126519
    ],
    "2": [
        0.4444444444444444,
        0.2978723404255319,
        0.6046511627906976,
        0.810717519322044,
        0.9360634122815932,
        1.0921731396767407
    ],
    "3": [
        0.45555555555555555,
        0.4666666666666667,
        0.4444444444444444,
        0.8315493173075099,
        0.9336788081825143,
        1.0497484108008053
    ],
    "4": [
        0.4444444444444444,
        0.5,
        0.3958333333333333,
        0.5538174968042905,
        0.8671511307639452,
        1.061218017325207
    ],
    "5": [
        0.5444444444444444,
        0.8070175438596491,
        0.09090909090909091,
        1.3924034605917675,
        0.9201515999964976,
        1.1754155175665129
    ],
    "6": [
        0.4,
        0.09615384615384616,
        0.8157894736842105,
        0.9702351600233039,
        0.9575004920265803,
        1.0500675338236314
    ],
    "7": [
        0.5111111111111111,
        0.575,
        0.46,
        1.2214094783042344,
        0.9289094236928562,
        1.1545703884307477
    ],
    "8": [
        0.4888888888888889,
        0.5121951219512195,
        0.46938775510204084,
        0.8587953945779414,
        0.951386072544974,
        1.0833847541861696
    ],
    "9": [
        0.4666666666666667,
        0.9,
        0.12,
        0.7791945119368461,
        0.614238250602748,
        1.1823974075935249
    ],
    "10": [
        0.5222222222222223,
        1.0,
        0.0,
        1.2414969434854326,
        0.9135810102599939,
        1.1272836103363235
    ],
    "11": [
        0.5111111111111111,
        0.6,
        0.37142857142857144,
        1.154872597174947,
        0.8966930841710028,
        1.112765044031118
    ]
}