{
    "0": [
        0.5,
        0.6041666666666666,
        0.38095238095238093,
        0.7623654286376884,
        0.8428994816087272,
        1.1193362550136103
    ],
    "1": [
        0.45555555555555555,
        0.5833333333333334,
        0.30952380952380953,
        0.8093434824346109,
        0.8976005373352774,
        1.0897668882566307
    ],
    "2": [
        0.5333333333333333,
        0.6170212765957447,
        0.4418604651162791,
        0.8417223148335007,
        0.8967653668208868,
        1.0537517108668841
    ],
    "3": [
        0.4222222222222222,
        0.6666666666666666,
        0.17777777777777778,
        0.8022800636759375,
        0.9261302404034122,
        1.0497484108008053
    ],
    "4": [
        0.5444444444444444,
        0.09523809523809523,
        0.9375,
        0.9540429416970888,
        0.9350594982022246,
        1.0729698336752207
    ],
    "5": [
        0.6333333333333333,
        1.0,
        0.0,
        1.560999435928594,
        0.9201515999964976,
        1.1754155175665129
    ],
    "6": [
        0.5333333333333333,
        0.9230769230769231,
        0.0,
        1.4959695118587049,
        0.8575783994845456,
        1.1305789178140042
    ],
    "7": [
        0.4777777777777778,
        0.45,
        0.5,
        0.754972837470229,
        0.8860396298987725,
        1.0761582023758802
    ],
    "8": [
        0.5111111111111111,
        0.7073170731707317,
        0.3469387755102041,
        0.9869010811196197,
        0.951386072544974,
        1.0833847541861696
    ],
    "9": [
        0.5,
        1.0,
        0.1,
        1.5044443377328995,
        0.9302193023206287,
        1.1823974075935249
    ],
    "10": [
        0.4777777777777778,
        0.02127659574468085,
        0.9767441860465116,
        1.0101392413712051,
        0.995596786753996,
        1.0146067713462825
    ],
    "11": [
        0.45555555555555555,
        0.23636363636363636,
        0.8,
        1.1755112083734598,
        0.9770436733019048,
        1.112765044031118
    ]
}