{
    "0": [
        0.5555555555555556,
        0.8541666666666666,
        0.21428571428571427,
        1.5109505699175534,
        0.8447552001712682,
        1.2316190464924501
    ],
    "1": [
        0.6,
        0.875,
        0.2857142857142857,
        1.3564905963777505,
        0.8993958574636876,
        1.1422964360284107
    ],
    "2": [
        0.4666666666666667,
        0.8723404255319149,
        0.023255813953488372,
        0.6546954567812915,
        0.8967653668208868,
        1.0921731396767407
    ],
    "3": [
        0.5555555555555556,
        0.8,
        0.3111111111111111,
        1.0860643814875246,
        0.9489630275408387,
        1.0497484108008053
    ],
    "4": [
        0.45555555555555555,
        0.8333333333333334,
        0.125,
        0.5132226893859696,
        0.8671511307639452,
        1.1026824909934292
    ],
    "5": [
        0.5555555555555556,
        0.5263157894736842,
        0.6060606060606061,
        1.180000678756175,
        0.9510629311205345,
        1.064734270853694
    ],
    "6": [
        0.5888888888888889,
        0.9230769230769231,
        0.13157894736842105,
        1.6592268208936478,
        0.8575783994845456,
        1.1305789178140042
    ],
    "7": [
        0.43333333333333335,
        0.45,
        0.42,
        0.7614966689745755,
        0.8860396298987725,
        1.0761582023758802
    ],
    "8": [
        0.4444444444444444,
        0.975609756097561,
        0.0,
        1.0139841494190434,
        0.951386072544974,
        1.0996684803621701
    ],
    "9": [
        0.5,
        0.7,
        0.34,
        1.1230610837286856,
        0.9302193023206287,
        1.1823974075935249
    ],
    "10": [
        0.5444444444444444,
        0.9148936170212766,
        0.13953488372093023,
        1.2398600249919816,
        0.9135810102599939,
        1.1272836103363235
    ],
    "11": [
        0.6111111111111112,
        1.0,
        0.0,
        1.305064788244068,
        0.8966930841710028,
        1.112765044031118
    ]
}