{
    "0": [
        0.5333333333333333,
        0.9791666666666666,
        0.023809523809523808,
        1.0850240555499493,
        0.8428994816087272,
        1.2316190464924501
    ],
    "1": [
        0.5222222222222223,
        0.5625,
        0.47619047619047616,
        1.7937378537131132,
        0.9068769836662509,
        1.1422964360284107
    ],
    "2": [
        0.5222222222222223,
        0.9361702127659575,
        0.06976744186046512,
        0.7548550116613478,
        0.8967653668208868,
        1.0921731396767407
    ],
    "3": [
        0.5111111111111111,
        0.7333333333333333,
        0.28888888888888886,
        1.1233906934608346,
        0.9641825459408555,
        1.0404580926767923
    ],
    "4": [
        0.5666666666666667,
        0.07142857142857142,
        1.0,
        1.0227103720548667,
        1,
        1.0101706794083147
    ],
    "5": [
        0.5222222222222223,
        0.631578947368421,
        0.3333333333333333,
        1.3280262656644903,
        0.9201515999964976,
        1.1754155175665129
    ],
    "6": [
        0.6333333333333333,
        0.9615384615384616,
        0.18421052631578946,
        1.9275268727204085,
        0.8575783994845456,
        1.1305789178140042
    ],
    "7": [
        0.5,
        0.9,
        0.18,
        0.9295278669519522,
        0.8860396298987725,
        1.1545703884307477
    ],
    "8": [
        0.4666666666666667,
        0.8292682926829268,
        0.16326530612244897,
        1.0259092621190036,
        0.951386072544974,
        1.0996684803621701
    ],
    "9": [
        0.45555555555555555,
        0.9,
        0.1,
        0.846378147234682,
        0.614238250602748,
        1.1823974075935249
    ],
    "10": [
        0.5222222222222223,
        1.0,
        0.0,
        1.2414969434854326,
        0.9135810102599939,
        1.1272836103363235
    ],
    "11": [
        0.5555555555555556,
        0.6909090909090909,
        0.34285714285714286,
        1.1762523293903466,
        0.8966930841710028,
        1.112765044031118
    ]
}