{
    "0": [
        0.5333333333333333,
        1.0,
        0.0,
        1.0811403744503039,
        0.8428994816087272,
        1.2316190464924501
    ],
    "1": [
        0.5111111111111111,
        0.6041666666666666,
        0.40476190476190477,
        1.215222629049618,
        0.8993958574636876,
        1.1131882542126519
    ],
    "2": [
        0.4222222222222222,
        0.3829787234042553,
        0.46511627906976744,
        0.8843188161937582,
        0.9360634122815932,
        1.0921731396767407
    ],
    "3": [
        0.5,
        1.0,
        0.0,
        0.9151202954533555,
        0.9261302404034122,
        1.0497484108008053
    ],
    "4": [
        0.5,
        0.9047619047619048,
        0.14583333333333334,
        0.7648676934058057,
        0.8935441597545427,
        1.1172803093662986
    ],
    "5": [
        0.6,
        0.8070175438596491,
        0.24242424242424243,
        1.3837443228461523,
        0.9201515999964976,
        1.1754155175665129
    ],
    "6": [
        0.5777777777777777,
        1.0,
        0.0,
        1.7484607719202154,
        0.8575783994845456,
        1.1305789178140042
    ],
    "7": [
        0.43333333333333335,
        0.325,
        0.52,
        0.7282030251023375,
        0.8860396298987725,
        1.0551183010109986
    ],
    "8": [
        0.4888888888888889,
        0.34146341463414637,
        0.6122448979591837,
        0.8339644811078543,
        0.9517746306255636,
        1.0364075305018494
    ],
    "9": [
        0.5111111111111111,
        0.625,
        0.42,
        0.972373599675952,
        0.9102666786883837,
        1.0695539808017047
    ],
    "10": [
        0.5222222222222223,
        1.0,
        0.0,
        1.2414969434854326,
        0.9135810102599939,
        1.1272836103363235
    ],
    "11": [
        0.4,
        0.36363636363636365,
        0.45714285714285713,
        1.2243471586159331,
        0.9612588089652891,
        1.112765044031118
    ]
}