{
    "0": [
        0.5444444444444444,
        0.8125,
        0.23809523809523808,
        1.6132331742075192,
        0.8447552001712682,
        1.2316190464924501
    ],
    "1": [
        0.5444444444444444,
        0.4791666666666667,
        0.6190476190476191,
        1.1584666827085301,
        0.9068769836662509,
        1.0897668882566307
    ],
    "2": [
        0.45555555555555555,
        0.10638297872340426,
        0.8372093023255814,
        0.8175883974698066,
        0.9399594511998197,
        1.0080575150679765
    ],
    "3": [
        0.5444444444444444,
        0.8666666666666667,
        0.2222222222222222,
        1.1215508070215818,
        0.9489630275408387,
        1.0497484108008053
    ],
    "4": [
        0.4777777777777778,
        0.6904761904761905,
        0.2916666666666667,
        0.6065708031363231,
        0.8671511307639452,
        1.1172803093662986
    ],
    "5": [
        0.5777777777777777,
        0.7368421052631579,
        0.30303030303030304,
        1.4295637501100653,
        0.9510629311205345,
        1.1754155175665129
    ],
    "6": [
        0.5555555555555556,
        0.8461538461538461,
        0.15789473684210525,
        1.454000534890812,
        0.8575783994845456,
        1.1270765377324055
    ],
    "7": [
        0.4222222222222222,
        0.775,
        0.14,
        0.9855558139402322,
        0.8860396298987725,
        1.1545703884307477
    ],
    "8": [
        0.4888888888888889,
        0.8780487804878049,
        0.16326530612244897,
        1.0005998992754206,
        0.951386072544974,
        1.0996684803621701
    ],
    "9": [
        0.5333333333333333,
        0.575,
        0.5,
        1.0042145806056866,
        0.9441287787096084,
        1.0695539808017047
    ],
    "10": [
        0.5555555555555556,
        0.6808510638297872,
        0.4186046511627907,
        1.1891377544150041,
        0.9135810102599939,
        1.1272836103363235
    ],
    "11": [
        0.4666666666666667,
        0.2909090909090909,
        0.7428571428571429,
        1.1979359997284267,
        0.9824923090648972,
        1.112765044031118
    ]
}