{
    "0": [
        0.43333333333333335,
        0.3125,
        0.5714285714285714,
        0.6398179223216901,
        0.8428994816087272,
        1.1193362550136103
    ],
    "1": [
        0.45555555555555555,
        0.4791666666666667,
        0.42857142857142855,
        1.050550618417216,
        0.9068769836662509,
        1.0897668882566307
    ],
    "2": [
        0.4,
        0.1702127659574468,
        0.6511627906976745,
        0.7480322210835046,
        0.9360634122815932,
        1.027193337676286
    ],
    "3": [
        0.4888888888888889,
        0.5555555555555556,
        0.4222222222222222,
        0.8582364302775065,
        0.9261302404034122,
        1.0497484108008053
    ],
    "4": [
        0.4888888888888889,
        0.7857142857142857,
        0.22916666666666666,
        0.6743923767362179,
        0.8935441597545427,
        1.1172803093662986
    ],
    "5": [
        0.6444444444444445,
        0.9473684210526315,
        0.12121212121212122,
        1.6536675517551993,
        0.9510629311205345,
        1.1754155175665129
    ],
    "6": [
        0.5777777777777777,
        1.0,
        0.0,
        1.7484607719202154,
        0.8575783994845456,
        1.1305789178140042
    ],
    "7": [
        0.5222222222222223,
        0.825,
        0.28,
        1.097552213467294,
        0.9213085471592081,
        1.1545703884307477
    ],
    "8": [
        0.4888888888888889,
        0.926829268292683,
        0.12244897959183673,
        0.9483953548760348,
        0.951386072544974,
        1.0996684803621701
    ],
    "9": [
        0.5111111111111111,
        0.65,
        0.4,
        0.9283668325735996,
        0.9102666786883837,
        1.0695539808017047
    ],
    "10": [
        0.4666666666666667,
        0.1702127659574468,
        0.7906976744186046,
        1.0016023964760914,
        0.9667946645033947,
        1.0374015309655582
    ],
    "11": [
        0.5111111111111111,
        0.5272727272727272,
        0.4857142857142857,
        1.030559590807677,
        0.8966930841710028,
        1.0761464979382598
    ]
}