{
    "0": [
        0.5333333333333333,
        1.0,
        0.0,
        1.0811403744503039,
        0.8428994816087272,
        1.2316190464924501
    ],
    "1": [
        0.4888888888888889,
        0.6875,
        0.2619047619047619,
        1.0380049821415043,
        0.8976005373352774,
        1.1131882542126519
    ],
    "2": [
        0.5333333333333333,
        0.7659574468085106,
        0.27906976744186046,
        0.8639240674822387,
        0.9029473490481763,
        1.0921731396767407
    ],
    "3": [
        0.5,
        0.0,
        1.0,
        1,
        1,
        1
    ],
    "4": [
        0.4666666666666667,
        0.47619047619047616,
        0.4583333333333333,
        0.5664008842078075,
        0.8671511307639452,
        1.0729698336752207
    ],
    "5": [
        0.5777777777777777,
        0.7894736842105263,
        0.21212121212121213,
        1.3929632191717516,
        0.9201515999964976,
        1.1754155175665129
    ],
    "6": [
        0.5777777777777777,
        1.0,
        0.0,
        1.7484607719202154,
        0.8575783994845456,
        1.1305789178140042
    ],
    "7": [
        0.4444444444444444,
        1.0,
        0.0,
        0.9067176888350073,
        0.8860396298987725,
        1.1545703884307477
    ],
    "8": [
        0.4666666666666667,
        0.4878048780487805,
        0.4489795918367347,
        0.8645689973875336,
        0.951386072544974,
        1.0833847541861696
    ],
    "9": [
        0.4888888888888889,
        0.05,
        0.84,
        0.9024424946818151,
        0.9399775357549068,
        1.0212903384366934
    ],
    "10": [
        0.5111111111111111,
        0.574468085106383,
        0.4418604651162791,
        1.0336466633809513,
        0.9135810102599939,
        1.078811281340542
    ],
    "11": [
        0.5333333333333333,
        0.509090909090909,
        0.5714285714285714,
        1.1869182245039334,
        0.8966930841710028,
        1.0761464979382598
    ]
}