{
    "0": [
        0.5222222222222223,
        0.75,
        0.2619047619047619,
        1.2839572673482744,
        0.8447552001712682,
        1.2316190464924501
    ],
    "1": [
        0.5111111111111111,
        0.7916666666666666,
        0.19047619047619047,
        1.0075604402907272,
        0.8976005373352774,
        1.1422964360284107
    ],
    "2": [
        0.45555555555555555,
        0.425531914893617,
        0.4883720930232558,
        0.9317859266864431,
        0.9360634122815932,
        1.0921731396767407
    ],
    "3": [
        0.5,
        1.0,
        0.0,
        0.9151202954533555,
        0.9261302404034122,
        1.0497484108008053
    ],
    "4": [
        0.45555555555555555,
        0.5952380952380952,
        0.3333333333333333,
        0.5806430806984595,
        0.8671511307639452,
        1.0729698336752207
    ],
    "5": [
        0.6333333333333333,
        1.0,
        0.0,
        1.560999435928594,
        0.9201515999964976,
        1.1754155175665129
    ],
    "6": [
        0.5666666666666667,
        0.9423076923076923,
        0.05263157894736842,
        1.6395854293038263,
        0.8575783994845456,
        1.1305789178140042
    ],
    "7": [
        0.5777777777777777,
        0.3,
        0.8,
        1.1246687119907692,
        0.9571006275599473,
        1.0761582023758802
    ],
    "8": [
        0.5,
        0.5121951219512195,
        0.4897959183673469,
        1.0074789391829293,
        0.951386072544974,
        1.0833847541861696
    ],
    "9": [
        0.4888888888888889,
        0.425,
        0.54,
        0.57411062080009,
        0.614238250602748,
        1.1412883414010726
    ],
    "10": [
        0.4222222222222222,
        0.44680851063829785,
        0.3953488372093023,
        1.039541390618527,
        0.9135810102599939,
        1.1272836103363235
    ],
    "11": [
        0.43333333333333335,
        0.14545454545454545,
        0.8857142857142857,
        1.135989898834694,
        0.9398616925512996,
        1.112765044031118
    ]
}