{
    "0": [
        0.5333333333333333,
        0.4166666666666667,
        0.6666666666666666,
        1.0516506264741576,
        0.8447552001712682,
        1.1174880511602239
    ],
    "1": [
        0.5333333333333333,
        1.0,
        0.0,
        1.2368427783198614,
        0.8976005373352774,
        1.1422964360284107
    ],
    "2": [
        0.3888888888888889,
        0.23404255319148937,
        0.5581395348837209,
        0.6756889126047723,
        0.9360634122815932,
        1.0332335154968404
    ],
    "3": [
        0.4222222222222222,
        0.28888888888888886,
        0.5555555555555556,
        1.0161441080711207,
        0.9336788081825143,
        1.0415837032379744
    ],
    "4": [
        0.5333333333333333,
        0.4523809523809524,
        0.6041666666666666,
        0.9378850559202766,
        0.9001306779661119,
        1.1026824909934292
    ],
    "5": [
        0.5888888888888889,
        0.8771929824561403,
        0.09090909090909091,
        1.5482824266885564,
        0.9201515999964976,
        1.1754155175665129
    ],
    "6": [
        0.5,
        0.6730769230769231,
        0.2631578947368421,
        1.2907625544019912,
        0.8575783994845456,
        1.1305789178140042
    ],
    "7": [
        0.5666666666666667,
        0.225,
        0.84,
        1.1467835387887433,
        0.9571006275599473,
        1.0761582023758802
    ],
    "8": [
        0.4777777777777778,
        0.975609756097561,
        0.061224489795918366,
        1.0019929233969653,
        0.951386072544974,
        1.0996684803621701
    ],
    "9": [
        0.5444444444444444,
        0.3,
        0.74,
        1.0919752658637136,
        0.9102666786883837,
        1.1025624992932657
    ],
    "10": [
        0.5222222222222223,
        1.0,
        0.0,
        1.2414969434854326,
        0.9135810102599939,
        1.1272836103363235
    ],
    "11": [
        0.5777777777777777,
        0.7272727272727273,
        0.34285714285714286,
        1.3470264212624108,
        0.8966930841710028,
        1.112765044031118
    ]
}