{
    "0": [
        0.5111111111111111,
        0.8958333333333334,
        0.07142857142857142,
        0.860172985579573,
        0.8428994816087272,
        1.2316190464924501
    ],
    "1": [
        0.5333333333333333,
        1.0,
        0.0,
        1.2368427783198614,
        0.8976005373352774,
        1.1422964360284107
    ],
    "2": [
        0.5111111111111111,
        0.9787234042553191,
        0.0,
        0.7440631184732341,
        0.8967653668208868,
        1.0921731396767407
    ],
    "3": [
        0.4777777777777778,
        0.24444444444444444,
        0.7111111111111111,
        1.1042495303984452,
        0.9489630275408387,
        1.0415837032379744
    ],
    "4": [
        0.5222222222222223,
        0.7142857142857143,
        0.3541666666666667,
        0.7024714499688794,
        0.8671511307639452,
        1.1172803093662986
    ],
    "5": [
        0.5555555555555556,
        0.7894736842105263,
        0.15151515151515152,
        1.4804075152815406,
        0.9201515999964976,
        1.1754155175665129
    ],
    "6": [
        0.5555555555555556,
        0.8846153846153846,
        0.10526315789473684,
        1.5404707827623105,
        0.8575783994845456,
        1.1305789178140042
    ],
    "7": [
        0.5333333333333333,
        0.7,
        0.4,
        1.2263429560912886,
        0.9289094236928562,
        1.1545703884307477
    ],
    "8": [
        0.5222222222222223,
        0.6097560975609756,
        0.4489795918367347,
        0.9727939309488562,
        0.9539722791134384,
        1.0996684803621701
    ],
    "9": [
        0.5222222222222223,
        0.5,
        0.54,
        0.8145233171211572,
        0.614238250602748,
        1.1823974075935249
    ],
    "10": [
        0.4222222222222222,
        0.5957446808510638,
        0.23255813953488372,
        1.1387934552918095,
        0.9135810102599939,
        1.1272836103363235
    ],
    "11": [
        0.5555555555555556,
        0.8181818181818182,
        0.14285714285714285,
        1.199860303551823,
        0.8966930841710028,
        1.112765044031118
    ]
}