{
    "0": [
        0.5333333333333333,
        0.9583333333333334,
        0.047619047619047616,
        1.00994038606627,
        0.8428994816087272,
        1.2316190464924501
    ],
    "1": [
        0.5555555555555556,
        0.9375,
        0.11904761904761904,
        1.107357752424306,
        0.8976005373352774,
        1.1422964360284107
    ],
    "2": [
        0.5777777777777777,
        0.8723404255319149,
        0.2558139534883721,
        0.8147263258619659,
        0.8967653668208868,
        1.0921731396767407
    ],
    "3": [
        0.5,
        0.1111111111111111,
        0.8888888888888888,
        0.9305396196985941,
        0.9336788081825143,
        1.0415837032379744
    ],
    "4": [
        0.5,
        0.19047619047619047,
        0.7708333333333334,
        0.7465410928456788,
        0.8671511307639452,
        1.0729698336752207
    ],
    "5": [
        0.4222222222222222,
        0.22807017543859648,
        0.7575757575757576,
        1.022615662227894,
        0.9201515999964976,
        1.064734270853694
    ],
    "6": [
        0.5111111111111111,
        0.21153846153846154,
        0.9210526315789473,
        1.3889506222085863,
        0.9607839096773643,
        1.1305789178140042
    ],
    "7": [
        0.5444444444444444,
        0.825,
        0.32,
        1.4355335201997717,
        0.9289094236928562,
        1.1545703884307477
    ],
    "8": [
        0.5222222222222223,
        0.43902439024390244,
        0.5918367346938775,
        1.1693435297592072,
        0.9539722791134384,
        1.0996684803621701
    ],
    "9": [
        0.5555555555555556,
        0.175,
        0.86,
        0.711681714283284,
        0.614238250602748,
        1.1412883414010726
    ],
    "10": [
        0.5,
        0.2765957446808511,
        0.7441860465116279,
        1.1985902816487388,
        0.9861434128561005,
        1.1272836103363235
    ],
    "11": [
        0.5888888888888889,
        0.8545454545454545,
        0.17142857142857143,
        1.2845291249149782,
        0.8966930841710028,
        1.112765044031118
    ]
}