{
    "0": [
        0.5222222222222223,
        0.9583333333333334,
        0.023809523809523808,
        0.9381917797856626,
        0.8428994816087272,
        1.2316190464924501
    ],
    "1": [
        0.5666666666666667,
        0.9375,
        0.14285714285714285,
        1.1245855578577524,
        0.8976005373352774,
        1.1422964360284107
    ],
    "2": [
        0.5222222222222223,
        0.9148936170212766,
        0.09302325581395349,
        0.7911241895773012,
        0.8967653668208868,
        1.0921731396767407
    ],
    "3": [
        0.5222222222222223,
        0.13333333333333333,
        0.9111111111111111,
        1.0199334012050407,
        0.9641825459408555,
        1.0415837032379744
    ],
    "4": [
        0.4444444444444444,
        0.9285714285714286,
        0.020833333333333332,
        0.5428815567015199,
        0.8671511307639452,
        1.1172803093662986
    ],
    "5": [
        0.5,
        0.5964912280701754,
        0.3333333333333333,
        1.3211392704013012,
        0.9201515999964976,
        1.1754155175665129
    ],
    "6": [
        0.5333333333333333,
        0.6153846153846154,
        0.42105263157894735,
        1.6445328411218971,
        0.8575783994845456,
        1.1305789178140042
    ],
    "7": [
        0.4444444444444444,
        0.825,
        0.14,
        0.9352743954625606,
        0.8860396298987725,
        1.1545703884307477
    ],
    "8": [
        0.4777777777777778,
        0.7317073170731707,
        0.2653061224489796,
        1.042457456807561,
        0.951386072544974,
        1.0996684803621701
    ],
    "9": [
        0.6111111111111112,
        0.4,
        0.78,
        0.9942682310116242,
        0.9441287787096084,
        1.0475966430219024
    ],
    "10": [
        0.4777777777777778,
        0.2765957446808511,
        0.6976744186046512,
        1.1434626995714474,
        0.9135810102599939,
        1.1272836103363235
    ],
    "11": [
        0.5888888888888889,
        0.8909090909090909,
        0.11428571428571428,
        1.2974126064931544,
        0.8966930841710028,
        1.112765044031118
    ]
}