{
    "0": [
        0.5333333333333333,
        0.9166666666666666,
        0.09523809523809523,
        1.2422041140789206,
        0.8428994816087272,
        1.2316190464924501
    ],
    "1": [
        0.5444444444444444,
        0.9791666666666666,
        0.047619047619047616,
        1.2158608253373449,
        0.8976005373352774,
        1.1422964360284107
    ],
    "2": [
        0.5222222222222223,
        1.0,
        0.0,
        0.7636991557977252,
        0.8967653668208868,
        1.0921731396767407
    ],
    "3": [
        0.5333333333333333,
        0.3333333333333333,
        0.7333333333333333,
        1.0836560458649693,
        0.9416399759588683,
        1.0415837032379744
    ],
    "4": [
        0.4444444444444444,
        0.9285714285714286,
        0.020833333333333332,
        0.5428815567015199,
        0.8671511307639452,
        1.1172803093662986
    ],
    "5": [
        0.4111111111111111,
        0.3333333333333333,
        0.5454545454545454,
        1.0313652823083983,
        0.9201515999964976,
        1.064734270853694
    ],
    "6": [
        0.5222222222222223,
        0.4807692307692308,
        0.5789473684210527,
        1.7008760855433045,
        0.8575783994845456,
        1.1305789178140042
    ],
    "7": [
        0.4777777777777778,
        0.575,
        0.4,
        1.1868241729893485,
        0.9289094236928562,
        1.1545703884307477
    ],
    "8": [
        0.45555555555555555,
        0.6585365853658537,
        0.2857142857142857,
        0.9039802309393817,
        0.951386072544974,
        1.0996684803621701
    ],
    "9": [
        0.5222222222222223,
        0.4,
        0.62,
        1.3842845553746121,
        0.9302193023206287,
        1.1823974075935249
    ],
    "10": [
        0.5111111111111111,
        0.48936170212765956,
        0.5348837209302325,
        1.261413317050256,
        0.9135810102599939,
        1.1272836103363235
    ],
    "11": [
        0.5555555555555556,
        0.8545454545454545,
        0.08571428571428572,
        1.2307220022068297,
        0.8966930841710028,
        1.112765044031118
    ]
}