{
    "0": [
        0.5222222222222223,
        0.875,
        0.11904761904761904,
        1.1214767976275029,
        0.8428994816087272,
        1.2316190464924501
    ],
    "1": [
        0.4777777777777778,
        0.5625,
        0.38095238095238093,
        0.9723267550834069,
        0.8976005373352774,
        1.1422964360284107
    ],
    "2": [
        0.5111111111111111,
        0.9787234042553191,
        0.0,
        0.7876698203667067,
        0.8967653668208868,
        1.0921731396767407
    ],
    "3": [
        0.5555555555555556,
        0.4222222222222222,
        0.6888888888888889,
        1.2113380113424386,
        0.969124793782672,
        1.0415837032379744
    ],
    "4": [
        0.5,
        0.6428571428571429,
        0.375,
        0.7109338537595455,
        0.8671511307639452,
        1.1172803093662986
    ],
    "5": [
        0.6,
        0.8070175438596491,
        0.24242424242424243,
        1.406783841492562,
        0.9201515999964976,
        1.1754155175665129
    ],
    "6": [
        0.5333333333333333,
        0.40384615384615385,
        0.7105263157894737,
        1.3616628468866192,
        0.9575004920265803,
        1.062001915703084
    ],
    "7": [
        0.5,
        0.425,
        0.56,
        0.9436255586373996,
        0.8860396298987725,
        1.0603394410351554
    ],
    "8": [
        0.5444444444444444,
        0.2926829268292683,
        0.7551020408163265,
        1.0283530662110414,
        0.9749806590771442,
        1.0437919307734291
    ],
    "9": [
        0.45555555555555555,
        0.35,
        0.54,
        0.4925485530365676,
        0.614238250602748,
        1.0475966430219024
    ],
    "10": [
        0.5,
        0.3829787234042553,
        0.627906976744186,
        1.2772872698405104,
        0.9446534606817751,
        1.1272836103363235
    ],
    "11": [
        0.6111111111111112,
        1.0,
        0.0,
        1.305064788244068,
        0.8966930841710028,
        1.112765044031118
    ]
}