{
    "0": [
        0.5444444444444444,
        0.9791666666666666,
        0.047619047619047616,
        1.0427895380177035,
        0.8428994816087272,
        1.2316190464924501
    ],
    "1": [
        0.5444444444444444,
        0.9166666666666666,
        0.11904761904761904,
        1.1576727876395607,
        0.8976005373352774,
        1.1422964360284107
    ],
    "2": [
        0.5222222222222223,
        1.0,
        0.0,
        0.7636991557977252,
        0.8967653668208868,
        1.0921731396767407
    ],
    "3": [
        0.4777777777777778,
        0.7111111111111111,
        0.24444444444444444,
        0.9089145013693052,
        0.9261302404034122,
        1.0415837032379744
    ],
    "4": [
        0.5222222222222223,
        0.30952380952380953,
        0.7083333333333334,
        0.8444959990926385,
        0.8671511307639452,
        1.1172803093662986
    ],
    "5": [
        0.5333333333333333,
        0.6666666666666666,
        0.30303030303030304,
        1.4600168002810254,
        0.9201515999964976,
        1.1754155175665129
    ],
    "6": [
        0.5222222222222223,
        0.23076923076923078,
        0.9210526315789473,
        1.4351039558163148,
        0.9607839096773643,
        1.1305789178140042
    ],
    "7": [
        0.5222222222222223,
        0.8,
        0.3,
        1.1799737336242104,
        0.8860396298987725,
        1.1545703884307477
    ],
    "8": [
        0.5444444444444444,
        0.3170731707317073,
        0.7346938775510204,
        1.167723793915467,
        0.951386072544974,
        1.0510177227494786
    ],
    "9": [
        0.4222222222222222,
        0.5,
        0.36,
        0.8226568953350797,
        0.614238250602748,
        1.1823974075935249
    ],
    "10": [
        0.4888888888888889,
        0.23404255319148937,
        0.7674418604651163,
        1.1857913463165788,
        0.9861434128561005,
        1.1272836103363235
    ],
    "11": [
        0.5666666666666667,
        0.6545454545454545,
        0.42857142857142855,
        1.5163917787735997,
        0.9398616925512996,
        1.112765044031118
    ]
}