{
    "0": [
        0.5444444444444444,
        0.875,
        0.16666666666666666,
        1.1023982862899193,
        0.8428994816087272,
        1.2316190464924501
    ],
    "1": [
        0.5333333333333333,
        1.0,
        0.0,
        1.2368427783198614,
        0.8976005373352774,
        1.1422964360284107
    ],
    "2": [
        0.5444444444444444,
        0.8936170212765957,
        0.16279069767441862,
        0.8326041547570581,
        0.9029473490481763,
        1.0921731396767407
    ],
    "3": [
        0.4777777777777778,
        0.8666666666666667,
        0.08888888888888889,
        0.9901712874686815,
        0.9261302404034122,
        1.0497484108008053
    ],
    "4": [
        0.5666666666666667,
        0.40476190476190477,
        0.7083333333333334,
        1.16052730256857,
        0.9350594982022246,
        1.1026824909934292
    ],
    "5": [
        0.37777777777777777,
        0.07017543859649122,
        0.9090909090909091,
        0.9579976232103338,
        0.981492462634456,
        1.0033877050466204
    ],
    "6": [
        0.5,
        0.19230769230769232,
        0.9210526315789473,
        1.4224611346619245,
        0.9667343450617607,
        1.1305789178140042
    ],
    "7": [
        0.5555555555555556,
        0.75,
        0.4,
        1.0889569918803463,
        0.8860396298987725,
        1.1545703884307477
    ],
    "8": [
        0.5111111111111111,
        0.1951219512195122,
        0.7755102040816326,
        0.9095202433744753,
        0.9517746306255636,
        1.0437919307734291
    ],
    "9": [
        0.4666666666666667,
        0.7,
        0.28,
        0.7155136929091584,
        0.614238250602748,
        1.1823974075935249
    ],
    "10": [
        0.5111111111111111,
        0.3617021276595745,
        0.6744186046511628,
        1.3115270561859576,
        0.9135810102599939,
        1.1272836103363235
    ],
    "11": [
        0.6333333333333333,
        0.9636363636363636,
        0.11428571428571428,
        1.2959577139654284,
        0.8966930841710028,
        1.112765044031118
    ]
}