{
    "0": [
        0.5333333333333333,
        0.9375,
        0.07142857142857142,
        1.0179987848004823,
        0.8428994816087272,
        1.2316190464924501
    ],
    "1": [
        0.6,
        0.9375,
        0.21428571428571427,
        1.2699623624324479,
        0.8976005373352774,
        1.1422964360284107
    ],
    "2": [
        0.5444444444444444,
        0.9787234042553191,
        0.06976744186046512,
        0.8283429887023438,
        0.8967653668208868,
        1.0921731396767407
    ],
    "3": [
        0.4777777777777778,
        0.3111111111111111,
        0.6444444444444445,
        1.0491960682619335,
        0.9416399759588683,
        1.0415837032379744
    ],
    "4": [
        0.45555555555555555,
        0.9523809523809523,
        0.020833333333333332,
        0.537575843111273,
        0.8671511307639452,
        1.1172803093662986
    ],
    "5": [
        0.5333333333333333,
        0.7192982456140351,
        0.21212121212121213,
        1.3361573720644389,
        0.9201515999964976,
        1.1754155175665129
    ],
    "6": [
        0.5,
        0.4423076923076923,
        0.5789473684210527,
        1.6661329431783563,
        0.8575783994845456,
        1.1305789178140042
    ],
    "7": [
        0.5333333333333333,
        0.675,
        0.42,
        1.271918450443425,
        0.9289094236928562,
        1.1545703884307477
    ],
    "8": [
        0.5111111111111111,
        0.4878048780487805,
        0.5306122448979592,
        1.0185923085320856,
        0.9539722791134384,
        1.0833847541861696
    ],
    "9": [
        0.5888888888888889,
        0.475,
        0.68,
        1.6098946349803478,
        0.9399775357549068,
        1.1823974075935249
    ],
    "10": [
        0.4666666666666667,
        0.2553191489361702,
        0.6976744186046512,
        1.1055613800884958,
        0.9135810102599939,
        1.1272836103363235
    ],
    "11": [
        0.5555555555555556,
        0.8,
        0.17142857142857143,
        1.197876720900282,
        0.8966930841710028,
        1.112765044031118
    ]
}