{
    "0": [
        0.4888888888888889,
        0.8541666666666666,
        0.07142857142857142,
        0.8494365152129528,
        0.8428994816087272,
        1.2316190464924501
    ],
    "1": [
        0.5333333333333333,
        1.0,
        0.0,
        1.2368427783198614,
        0.8976005373352774,
        1.1422964360284107
    ],
    "2": [
        0.5222222222222223,
        0.9787234042553191,
        0.023255813953488372,
        0.7579206287235569,
        0.8967653668208868,
        1.0921731396767407
    ],
    "3": [
        0.5333333333333333,
        0.17777777777777778,
        0.8888888888888888,
        1.034656860292003,
        0.9336788081825143,
        1.0415837032379744
    ],
    "4": [
        0.43333333333333335,
        0.8809523809523809,
        0.041666666666666664,
        0.5295294704421232,
        0.8671511307639452,
        1.1172803093662986
    ],
    "5": [
        0.4222222222222222,
        0.22807017543859648,
        0.7575757575757576,
        1.175577037716595,
        0.981492462634456,
        1.0767682140985009
    ],
    "6": [
        0.6,
        0.5769230769230769,
        0.631578947368421,
        2.316048308313002,
        0.8575783994845456,
        1.1305789178140042
    ],
    "7": [
        0.5555555555555556,
        0.625,
        0.5,
        1.2974101159928317,
        0.9289094236928562,
        1.1545703884307477
    ],
    "8": [
        0.4444444444444444,
        0.43902439024390244,
        0.4489795918367347,
        0.8600082392290753,
        0.9517746306255636,
        1.0996684803621701
    ],
    "9": [
        0.4666666666666667,
        0.225,
        0.66,
        0.6430587124515599,
        0.614238250602748,
        1.1823974075935249
    ],
    "10": [
        0.45555555555555555,
        0.3617021276595745,
        0.5581395348837209,
        1.2091030788006383,
        0.9135810102599939,
        1.1272836103363235
    ],
    "11": [
        0.5666666666666667,
        0.7636363636363637,
        0.2571428571428571,
        1.195348639993083,
        0.8966930841710028,
        1.112765044031118
    ]
}