{
    "0": [
        0.5222222222222223,
        0.9583333333333334,
        0.023809523809523808,
        0.9381917797856626,
        0.8428994816087272,
        1.2316190464924501
    ],
    "1": [
        0.5,
        0.9375,
        0.0,
        1.1994009426778312,
        0.8976005373352774,
        1.1422964360284107
    ],
    "2": [
        0.5333333333333333,
        0.9574468085106383,
        0.06976744186046512,
        0.7213829812035486,
        0.8967653668208868,
        1.0921731396767407
    ],
    "3": [
        0.5333333333333333,
        0.15555555555555556,
        0.9111111111111111,
        1.0331034038241582,
        0.9641825459408555,
        1.0415837032379744
    ],
    "4": [
        0.5111111111111111,
        0.7619047619047619,
        0.2916666666666667,
        0.7792688327967414,
        0.8935441597545427,
        1.1172803093662986
    ],
    "5": [
        0.37777777777777777,
        0.12280701754385964,
        0.8181818181818182,
        1.028971709759706,
        0.981492462634456,
        1.064734270853694
    ],
    "6": [
        0.4777777777777778,
        0.17307692307692307,
        0.8947368421052632,
        1.4241203383890961,
        0.9667343450617607,
        1.1305789178140042
    ],
    "7": [
        0.6,
        0.65,
        0.56,
        1.3587732450751797,
        0.9289094236928562,
        1.1545703884307477
    ],
    "8": [
        0.5444444444444444,
        0.2926829268292683,
        0.7551020408163265,
        1.1622695959485538,
        0.9749271881654102,
        1.0510177227494786
    ],
    "9": [
        0.5333333333333333,
        0.45,
        0.6,
        0.7682751472744958,
        0.614238250602748,
        1.1823974075935249
    ],
    "10": [
        0.4777777777777778,
        0.2978723404255319,
        0.6744186046511628,
        1.1660377667489392,
        0.9135810102599939,
        1.1272836103363235
    ],
    "11": [
        0.6111111111111112,
        0.9090909090909091,
        0.14285714285714285,
        1.293140435268256,
        0.8966930841710028,
        1.112765044031118
    ]
}