{
    "0": [
        0.4111111111111111,
        0.3958333333333333,
        0.42857142857142855,
        0.5265445609981835,
        0.8428994816087272,
        1.1199363948156908
    ],
    "1": [
        0.5222222222222223,
        0.9583333333333334,
        0.023809523809523808,
        1.1913984347157291,
        0.8976005373352774,
        1.1422964360284107
    ],
    "2": [
        0.5666666666666667,
        1.0,
        0.09302325581395349,
        0.78181248119591,
        0.8967653668208868,
        1.0921731396767407
    ],
    "3": [
        0.45555555555555555,
        0.4222222222222222,
        0.4888888888888889,
        1.0513679882250102,
        0.9588859105006234,
        1.0415837032379744
    ],
    "4": [
        0.4777777777777778,
        0.9761904761904762,
        0.041666666666666664,
        0.557774908359067,
        0.8671511307639452,
        1.1172803093662986
    ],
    "5": [
        0.6555555555555556,
        1.0,
        0.06060606060606061,
        1.4480577102150822,
        0.9201515999964976,
        1.1754155175665129
    ],
    "6": [
        0.5666666666666667,
        0.9807692307692307,
        0.0,
        1.694549146340501,
        0.8575783994845456,
        1.1305789178140042
    ],
    "7": [
        0.5,
        0.9,
        0.18,
        0.9998181397902534,
        0.8860396298987725,
        1.1545703884307477
    ],
    "8": [
        0.5111111111111111,
        0.5853658536585366,
        0.4489795918367347,
        1.0464899749715162,
        0.9539722791134384,
        1.0996684803621701
    ],
    "9": [
        0.43333333333333335,
        0.975,
        0.0,
        0.8345962813563033,
        0.614238250602748,
        1.1823974075935249
    ],
    "10": [
        0.45555555555555555,
        0.40425531914893614,
        0.5116279069767442,
        1.1661316885940227,
        0.9667946645033947,
        1.1272836103363235
    ],
    "11": [
        0.5222222222222223,
        0.5272727272727272,
        0.5142857142857142,
        1.253998785275676,
        0.9564820017436121,
        1.112765044031118
    ]
}