{
    "0": [
        0.45555555555555555,
        0.3541666666666667,
        0.5714285714285714,
        0.7144165357357334,
        0.8447552001712682,
        1.1199363948156908
    ],
    "1": [
        0.5,
        0.7291666666666666,
        0.23809523809523808,
        1.02986680637502,
        0.8976005373352774,
        1.1422964360284107
    ],
    "2": [
        0.5222222222222223,
        0.7021276595744681,
        0.32558139534883723,
        0.8433645602912953,
        0.8967653668208868,
        1.0921731396767407
    ],
    "3": [
        0.5222222222222223,
        0.9111111111111111,
        0.13333333333333333,
        0.9861626068058816,
        0.9261302404034122,
        1.0497484108008053
    ],
    "4": [
        0.4444444444444444,
        0.5714285714285714,
        0.3333333333333333,
        0.6422447387276471,
        0.8671511307639452,
        1.1172803093662986
    ],
    "5": [
        0.6333333333333333,
        1.0,
        0.0,
        1.560999435928594,
        0.9201515999964976,
        1.1754155175665129
    ],
    "6": [
        0.5666666666666667,
        0.9807692307692307,
        0.0,
        1.729971393639728,
        0.8575783994845456,
        1.1305789178140042
    ],
    "7": [
        0.4666666666666667,
        0.95,
        0.08,
        0.9429411751076813,
        0.8860396298987725,
        1.1545703884307477
    ],
    "8": [
        0.5111111111111111,
        0.6097560975609756,
        0.42857142857142855,
        1.1369914538460115,
        0.9539722791134384,
        1.0996684803621701
    ],
    "9": [
        0.4444444444444444,
        1.0,
        0.0,
        0.8206880106893513,
        0.614238250602748,
        1.1823974075935249
    ],
    "10": [
        0.4888888888888889,
        0.9148936170212766,
        0.023255813953488372,
        1.2435476549811741,
        0.9135810102599939,
        1.1272836103363235
    ],
    "11": [
        0.5777777777777777,
        0.6909090909090909,
        0.4,
        1.5080961288245924,
        0.9398616925512996,
        1.112765044031118
    ]
}