{
    "0": [
        0.5666666666666667,
        0.9583333333333334,
        0.11904761904761904,
        1.1591270379866863,
        0.8428994816087272,
        1.2316190464924501
    ],
    "1": [
        0.5333333333333333,
        1.0,
        0.0,
        1.2368427783198614,
        0.8976005373352774,
        1.1422964360284107
    ],
    "2": [
        0.5444444444444444,
        1.0,
        0.046511627906976744,
        0.7543110640165125,
        0.8967653668208868,
        1.0921731396767407
    ],
    "3": [
        0.4888888888888889,
        0.4666666666666667,
        0.5111111111111111,
        1.006668896753958,
        0.9336788081825143,
        1.0497484108008053
    ],
    "4": [
        0.5555555555555556,
        0.5476190476190477,
        0.5625,
        0.852201743568944,
        0.8935441597545427,
        1.1172803093662986
    ],
    "5": [
        0.4444444444444444,
        0.2807017543859649,
        0.7272727272727273,
        1.129876183805576,
        0.981492462634456,
        1.0767682140985009
    ],
    "6": [
        0.4444444444444444,
        0.09615384615384616,
        0.9210526315789473,
        1.0256084134905175,
        0.957973072857591,
        1.0500675338236314
    ],
    "7": [
        0.45555555555555555,
        0.975,
        0.04,
        0.9964851006817887,
        0.8860396298987725,
        1.1545703884307477
    ],
    "8": [
        0.4444444444444444,
        0.7317073170731707,
        0.20408163265306123,
        0.9643697734414308,
        0.951386072544974,
        1.0996684803621701
    ],
    "9": [
        0.4444444444444444,
        1.0,
        0.0,
        0.8206880106893513,
        0.614238250602748,
        1.1823974075935249
    ],
    "10": [
        0.4777777777777778,
        0.8936170212765957,
        0.023255813953488372,
        1.2928519148422812,
        0.9135810102599939,
        1.1272836103363235
    ],
    "11": [
        0.5888888888888889,
        0.7272727272727273,
        0.37142857142857144,
        1.2531347420147019,
        0.8966930841710028,
        1.112765044031118
    ]
}