{
    "0": [
        0.4222222222222222,
        0.3333333333333333,
        0.5238095238095238,
        0.5217714525896953,
        0.8428994816087272,
        1.1199363948156908
    ],
    "1": [
        0.5222222222222223,
        0.9583333333333334,
        0.023809523809523808,
        1.259740313077556,
        0.8976005373352774,
        1.1422964360284107
    ],
    "2": [
        0.4111111111111111,
        0.3617021276595745,
        0.46511627906976744,
        0.8341056962959507,
        0.9360634122815932,
        1.0921731396767407
    ],
    "3": [
        0.5111111111111111,
        0.8222222222222222,
        0.2,
        1.019002949735347,
        0.9261302404034122,
        1.0497484108008053
    ],
    "4": [
        0.5444444444444444,
        0.47619047619047616,
        0.6041666666666666,
        0.9679254744975223,
        0.9350594982022246,
        1.1172803093662986
    ],
    "5": [
        0.4777777777777778,
        0.3684210526315789,
        0.6666666666666666,
        1.0246955846586598,
        0.9510629311205345,
        1.0338337391099
    ],
    "6": [
        0.45555555555555555,
        0.09615384615384616,
        0.9473684210526315,
        1.0706025488077375,
        0.9933206382575286,
        1.0500675338236314
    ],
    "7": [
        0.45555555555555555,
        1.0,
        0.02,
        0.9478183757349293,
        0.8860396298987725,
        1.1545703884307477
    ],
    "8": [
        0.4666666666666667,
        0.6097560975609756,
        0.3469387755102041,
        0.9644346932099401,
        0.9517746306255636,
        1.0996684803621701
    ],
    "9": [
        0.4666666666666667,
        0.65,
        0.32,
        0.9058282946555044,
        0.614238250602748,
        1.1823974075935249
    ],
    "10": [
        0.5111111111111111,
        0.9787234042553191,
        0.0,
        1.2394960378322142,
        0.9135810102599939,
        1.1272836103363235
    ],
    "11": [
        0.6444444444444445,
        0.8727272727272727,
        0.2857142857142857,
        1.289664616637372,
        0.8966930841710028,
        1.112765044031118
    ]
}