{
    "0": [
        0.5333333333333333,
        0.8333333333333334,
        0.19047619047619047,
        0.8178841632059495,
        0.8428994816087272,
        1.2316190464924501
    ],
    "1": [
        0.5444444444444444,
        0.8333333333333334,
        0.21428571428571427,
        1.7175489040348055,
        0.8976005373352774,
        1.1422964360284107
    ],
    "2": [
        0.5666666666666667,
        0.9148936170212766,
        0.18604651162790697,
        0.8005675750009213,
        0.8967653668208868,
        1.0921731396767407
    ],
    "3": [
        0.5222222222222223,
        0.15555555555555556,
        0.8888888888888888,
        0.9632093460443804,
        0.9336788081825143,
        1.0404580926767923
    ],
    "4": [
        0.5222222222222223,
        0.09523809523809523,
        0.8958333333333334,
        1.0140756517709384,
        0.9702559114669616,
        1.043367863993261
    ],
    "5": [
        0.5111111111111111,
        0.6140350877192983,
        0.3333333333333333,
        1.18080168684966,
        0.9510629311205345,
        1.0767682140985009
    ],
    "6": [
        0.45555555555555555,
        0.3076923076923077,
        0.6578947368421053,
        1.165671532814814,
        0.9575004920265803,
        1.1197243801018248
    ],
    "7": [
        0.5555555555555556,
        0.9,
        0.28,
        1.178953344559106,
        0.9213085471592081,
        1.1545703884307477
    ],
    "8": [
        0.4222222222222222,
        0.6829268292682927,
        0.20408163265306123,
        1.069597733070109,
        0.951386072544974,
        1.0996684803621701
    ],
    "9": [
        0.4444444444444444,
        1.0,
        0.0,
        0.8206880106893513,
        0.614238250602748,
        1.1823974075935249
    ],
    "10": [
        0.5222222222222223,
        1.0,
        0.0,
        1.2414969434854326,
        0.9135810102599939,
        1.1272836103363235
    ],
    "11": [
        0.6111111111111112,
        1.0,
        0.0,
        1.305064788244068,
        0.8966930841710028,
        1.112765044031118
    ]
}