{
    "0": [
        0.43333333333333335,
        0.4583333333333333,
        0.40476190476190477,
        0.6281764676931677,
        0.8428994816087272,
        1.1199363948156908
    ],
    "1": [
        0.5333333333333333,
        1.0,
        0.0,
        1.2368427783198614,
        0.8976005373352774,
        1.1422964360284107
    ],
    "2": [
        0.5666666666666667,
        0.9787234042553191,
        0.11627906976744186,
        0.7925584998574297,
        0.8967653668208868,
        1.0921731396767407
    ],
    "3": [
        0.5222222222222223,
        0.8666666666666667,
        0.17777777777777778,
        1.098349977456292,
        0.9416399759588683,
        1.0497484108008053
    ],
    "4": [
        0.5,
        0.5,
        0.5,
        0.6454596320078536,
        0.8671511307639452,
        1.061218017325207
    ],
    "5": [
        0.6222222222222222,
        0.9473684210526315,
        0.06060606060606061,
        1.4804362913004594,
        0.9201515999964976,
        1.1754155175665129
    ],
    "6": [
        0.5888888888888889,
        0.9807692307692307,
        0.05263157894736842,
        1.8158268041005494,
        0.8575783994845456,
        1.1305789178140042
    ],
    "7": [
        0.43333333333333335,
        0.975,
        0.0,
        0.8965019609552837,
        0.8860396298987725,
        1.1545703884307477
    ],
    "8": [
        0.5,
        0.7317073170731707,
        0.30612244897959184,
        0.9003896297962882,
        0.951386072544974,
        1.0996684803621701
    ],
    "9": [
        0.43333333333333335,
        0.975,
        0.0,
        0.8345962813563033,
        0.614238250602748,
        1.1823974075935249
    ],
    "10": [
        0.5222222222222223,
        1.0,
        0.0,
        1.2414969434854326,
        0.9135810102599939,
        1.1272836103363235
    ],
    "11": [
        0.5222222222222223,
        0.6,
        0.4,
        1.1764836377146801,
        0.8966930841710028,
        1.112765044031118
    ]
}