{
    "0": [
        0.5444444444444444,
        0.9166666666666666,
        0.11904761904761904,
        1.0533621642776891,
        0.8428994816087272,
        1.2316190464924501
    ],
    "1": [
        0.5222222222222223,
        0.9791666666666666,
        0.0,
        1.1719703074903927,
        0.8976005373352774,
        1.1422964360284107
    ],
    "2": [
        0.5222222222222223,
        0.9787234042553191,
        0.023255813953488372,
        0.7381157397780617,
        0.8967653668208868,
        1.0921731396767407
    ],
    "3": [
        0.5222222222222223,
        0.8888888888888888,
        0.15555555555555556,
        0.9992734312056575,
        0.9261302404034122,
        1.0497484108008053
    ],
    "4": [
        0.5333333333333333,
        0.5952380952380952,
        0.4791666666666667,
        0.7084097972437277,
        0.8671511307639452,
        1.1172803093662986
    ],
    "5": [
        0.6444444444444445,
        1.0,
        0.030303030303030304,
        1.4497079459533497,
        0.9201515999964976,
        1.1754155175665129
    ],
    "6": [
        0.6,
        0.9038461538461539,
        0.18421052631578946,
        1.6908904363570882,
        0.8575783994845456,
        1.1305789178140042
    ],
    "7": [
        0.43333333333333335,
        0.975,
        0.0,
        0.8965019609552837,
        0.8860396298987725,
        1.1545703884307477
    ],
    "8": [
        0.4888888888888889,
        0.8048780487804879,
        0.22448979591836735,
        0.9191136719882281,
        0.951386072544974,
        1.0996684803621701
    ],
    "9": [
        0.4111111111111111,
        0.875,
        0.04,
        0.8974823438633112,
        0.614238250602748,
        1.1823974075935249
    ],
    "10": [
        0.5222222222222223,
        1.0,
        0.0,
        1.2414969434854326,
        0.9135810102599939,
        1.1272836103363235
    ],
    "11": [
        0.5333333333333333,
        0.5454545454545454,
        0.5142857142857142,
        1.222748973672661,
        0.9398616925512996,
        1.112765044031118
    ]
}