{
    "0": [
        0.4222222222222222,
        0.375,
        0.47619047619047616,
        0.5362385741690945,
        0.8428994816087272,
        1.1199363948156908
    ],
    "1": [
        0.5333333333333333,
        1.0,
        0.0,
        1.2368427783198614,
        0.8976005373352774,
        1.1422964360284107
    ],
    "2": [
        0.5444444444444444,
        1.0,
        0.046511627906976744,
        0.8093413481898989,
        0.8967653668208868,
        1.0921731396767407
    ],
    "3": [
        0.4888888888888889,
        0.8222222222222222,
        0.15555555555555556,
        0.9863071194700165,
        0.9261302404034122,
        1.0497484108008053
    ],
    "4": [
        0.45555555555555555,
        0.5,
        0.4166666666666667,
        0.6101550091192681,
        0.8671511307639452,
        1.061218017325207
    ],
    "5": [
        0.6444444444444445,
        0.9298245614035088,
        0.15151515151515152,
        1.4721753384391194,
        0.9201515999964976,
        1.1754155175665129
    ],
    "6": [
        0.36666666666666664,
        0.1346153846153846,
        0.6842105263157895,
        0.9699319695286188,
        0.9045573023657182,
        1.1057205155711587
    ],
    "7": [
        0.45555555555555555,
        0.975,
        0.04,
        0.904762242493708,
        0.8860396298987725,
        1.1545703884307477
    ],
    "8": [
        0.4888888888888889,
        0.6341463414634146,
        0.3673469387755102,
        1.0324001929239348,
        0.9517746306255636,
        1.0996684803621701
    ],
    "9": [
        0.5111111111111111,
        0.925,
        0.18,
        0.937651568085062,
        0.614238250602748,
        1.1823974075935249
    ],
    "10": [
        0.5111111111111111,
        0.9787234042553191,
        0.0,
        1.262125059999063,
        0.9135810102599939,
        1.1272836103363235
    ],
    "11": [
        0.6111111111111112,
        0.8727272727272727,
        0.2,
        1.4777457952083268,
        0.9398616925512996,
        1.112765044031118
    ]
}