{
    "0": [
        0.4,
        0.125,
        0.7142857142857143,
        0.5819807367227133,
        0.8428994816087272,
        1.0512120831686276
    ],
    "1": [
        0.5333333333333333,
        1.0,
        0.0,
        1.2368427783198614,
        0.8976005373352774,
        1.1422964360284107
    ],
    "2": [
        0.5777777777777777,
        0.9574468085106383,
        0.16279069767441862,
        0.8300421330865498,
        0.8967653668208868,
        1.0921731396767407
    ],
    "3": [
        0.5,
        0.8444444444444444,
        0.15555555555555556,
        0.9934255121538972,
        0.9261302404034122,
        1.0497484108008053
    ],
    "4": [
        0.45555555555555555,
        0.9285714285714286,
        0.041666666666666664,
        0.5477490912314972,
        0.8671511307639452,
        1.1172803093662986
    ],
    "5": [
        0.6222222222222222,
        0.9649122807017544,
        0.030303030303030304,
        1.4559591785268438,
        0.9201515999964976,
        1.1754155175665129
    ],
    "6": [
        0.4888888888888889,
        0.6346153846153846,
        0.2894736842105263,
        1.3332845895869667,
        0.8575783994845456,
        1.1305789178140042
    ],
    "7": [
        0.5222222222222223,
        0.8,
        0.3,
        1.066451162619448,
        0.9213085471592081,
        1.1545703884307477
    ],
    "8": [
        0.4888888888888889,
        0.6341463414634146,
        0.3673469387755102,
        1.0324001929239348,
        0.9517746306255636,
        1.0996684803621701
    ],
    "9": [
        0.4444444444444444,
        1.0,
        0.0,
        0.8206880106893513,
        0.614238250602748,
        1.1823974075935249
    ],
    "10": [
        0.5111111111111111,
        0.9787234042553191,
        0.0,
        1.262125059999063,
        0.9135810102599939,
        1.1272836103363235
    ],
    "11": [
        0.5111111111111111,
        0.4,
        0.6857142857142857,
        1.2972955102768977,
        0.9770436733019048,
        1.112765044031118
    ]
}