{
    "0": [
        0.4222222222222222,
        0.1875,
        0.6904761904761905,
        0.6552027705179599,
        0.8447552001712682,
        1.1174880511602239
    ],
    "1": [
        0.5333333333333333,
        1.0,
        0.0,
        1.2368427783198614,
        0.8976005373352774,
        1.1422964360284107
    ],
    "2": [
        0.5888888888888889,
        1.0,
        0.13953488372093023,
        0.8690376457584394,
        0.8967653668208868,
        1.0921731396767407
    ],
    "3": [
        0.5111111111111111,
        1.0,
        0.022222222222222223,
        0.9418897965991269,
        0.9261302404034122,
        1.0497484108008053
    ],
    "4": [
        0.4666666666666667,
        0.9761904761904762,
        0.020833333333333332,
        0.5410374245890982,
        0.8671511307639452,
        1.1172803093662986
    ],
    "5": [
        0.6333333333333333,
        0.9824561403508771,
        0.030303030303030304,
        1.4770444003840228,
        0.9201515999964976,
        1.1754155175665129
    ],
    "6": [
        0.5222222222222223,
        0.8653846153846154,
        0.05263157894736842,
        1.3478540889423762,
        0.8575783994845456,
        1.1197243801018248
    ],
    "7": [
        0.4666666666666667,
        1.0,
        0.04,
        0.8832032380861184,
        0.8860396298987725,
        1.1545703884307477
    ],
    "8": [
        0.5,
        0.6341463414634146,
        0.3877551020408163,
        1.0904812179605092,
        0.951386072544974,
        1.0996684803621701
    ],
    "9": [
        0.45555555555555555,
        0.975,
        0.04,
        0.8014124583078772,
        0.614238250602748,
        1.1823974075935249
    ],
    "10": [
        0.4666666666666667,
        0.6170212765957447,
        0.3023255813953488,
        1.1447565810637164,
        0.9135810102599939,
        1.1272836103363235
    ],
    "11": [
        0.6111111111111112,
        1.0,
        0.0,
        1.305064788244068,
        0.8966930841710028,
        1.112765044031118
    ]
}