{
    "0": [
        0.5,
        0.8125,
        0.14285714285714285,
        1,
        1,
        1
    ],
    "1": [
        0.4666666666666667,
        0.6458333333333334,
        0.2619047619047619,
        1,
        1,
        1
    ],
    "2": [
        0.4666666666666667,
        0.14893617021276595,
        0.813953488372093,
        0.9873150178061384,
        0.9948533999254672,
        1.0041840238437632
    ],
    "3": [
        0.5,
        0.1111111111111111,
        0.8888888888888888,
        1,
        1,
        1
    ],
    "4": [
        0.4888888888888889,
        0.07142857142857142,
        0.8541666666666666,
        1,
        1,
        1
    ],
    "5": [
        0.6222222222222222,
        0.9824561403508771,
        0.0,
        1.0131549878007517,
        0.9975607736671962,
        1.00475445986019
    ],
    "6": [
        0.5777777777777777,
        1.0,
        0.0,
        1.038699397622774,
        0.9896134033626248,
        1.0083750816189483
    ],
    "7": [
        0.4444444444444444,
        1.0,
        0.0,
        0.9967175313706382,
        0.9959458002278502,
        1.004837436286521
    ],
    "8": [
        0.4666666666666667,
        0.4634146341463415,
        0.46938775510204084,
        0.9980497966585496,
        0.9970601267029022,
        1.0056287691983252
    ],
    "9": [
        0.5777777777777777,
        0.575,
        0.58,
        0.9907985017918381,
        0.9774591596601577,
        1.007868329776479
    ],
    "10": [
        0.5666666666666667,
        0.5319148936170213,
        0.6046511627906976,
        1.0237203606955483,
        0.9902525538016692,
        1.0130691410562402
    ],
    "11": [
        0.6111111111111112,
        1.0,
        0.0,
        1.305064788244068,
        0.8966930841710028,
        1.112765044031118
    ]
}