{
    "0": [
        0.4666666666666667,
        0.3333333333333333,
        0.6190476190476191,
        1.0811403744503039,
        0.8428994816087272,
        1.2316190464924501
    ],
    "1": [
        0.5555555555555556,
        0.8125,
        0.2619047619047619,
        1,
        1,
        1
    ],
    "2": [
        0.5555555555555556,
        0.9148936170212766,
        0.16279069767441862,
        1,
        1,
        1
    ],
    "3": [
        0.5555555555555556,
        0.9777777777777777,
        0.13333333333333333,
        0.9151202954533555,
        0.9261302404034122,
        1.0497484108008053
    ],
    "4": [
        0.43333333333333335,
        0.9047619047619048,
        0.020833333333333332,
        0.5471430176260813,
        0.8671511307639452,
        1.1172803093662986
    ],
    "5": [
        0.5555555555555556,
        0.8421052631578947,
        0.06060606060606061,
        1.560999435928594,
        0.9201515999964976,
        1.1754155175665129
    ],
    "6": [
        0.5555555555555556,
        0.5384615384615384,
        0.5789473684210527,
        1.7484607719202154,
        0.8575783994845456,
        1.1305789178140042
    ],
    "7": [
        0.4666666666666667,
        0.925,
        0.1,
        0.9067176888350073,
        0.8860396298987725,
        1.1545703884307477
    ],
    "8": [
        0.45555555555555555,
        0.6829268292682927,
        0.2653061224489796,
        1,
        1,
        1
    ],
    "9": [
        0.4444444444444444,
        0.65,
        0.28,
        1,
        1,
        1
    ],
    "10": [
        0.5222222222222223,
        1.0,
        0.0,
        1.2414969434854326,
        0.9135810102599939,
        1.1272836103363235
    ],
    "11": [
        0.5333333333333333,
        0.8363636363636363,
        0.05714285714285714,
        1.305064788244068,
        0.8966930841710028,
        1.112765044031118
    ]
}