{
    "0": [
        0.5333333333333333,
        1.0,
        0.0,
        1.0000000000019824,
        0.999999999995657,
        1.0000000000052938
    ],
    "1": [
        0.5222222222222223,
        0.5208333333333334,
        0.5238095238095238,
        1,
        1,
        1
    ],
    "2": [
        0.45555555555555555,
        0.10638297872340426,
        0.8372093023255814,
        0.9999999993700384,
        0.9999999997453781,
        1.0000000002060356
    ],
    "3": [
        0.5,
        0.044444444444444446,
        0.9555555555555556,
        1,
        1,
        1
    ],
    "4": [
        0.4777777777777778,
        0.9285714285714286,
        0.08333333333333333,
        0.9999998853097798,
        0.9999999728906249,
        1.0000000210910485
    ],
    "5": [
        0.6444444444444445,
        0.9473684210526315,
        0.12121212121212122,
        1,
        1,
        1
    ],
    "6": [
        0.5777777777777777,
        1.0,
        0.0,
        1.0000080500910216,
        0.9999977863758011,
        1.0000017682472289
    ],
    "7": [
        0.4444444444444444,
        1.0,
        0.0,
        0.9999866351197427,
        0.9999834865794122,
        1.000019616649258
    ],
    "8": [
        0.45555555555555555,
        1.0,
        0.0,
        0.9999576550720237,
        0.9999361353133522,
        1.0001217663640471
    ],
    "9": [
        0.4666666666666667,
        0.975,
        0.06,
        0.9976854407467555,
        0.9943012706060433,
        1.001966587581225
    ],
    "10": [
        0.5666666666666667,
        0.5319148936170213,
        0.6046511627906976,
        1.0237203606955483,
        0.9902525538016692,
        1.0130691410562402
    ],
    "11": [
        0.6111111111111112,
        1.0,
        0.0,
        1.305064788244068,
        0.8966930841710028,
        1.112765044031118
    ]
}
