{
    "0": [
        0.5222222222222223,
        0.7708333333333334,
        0.23809523809523808,
        1.4329799253963393,
        0.8447552001712682,
        1.2316190464924501
    ],
    "1": [
        0.4777777777777778,
        0.875,
        0.023809523809523808,
        1.3737542513667778,
        0.8976005373352774,
        1.1422964360284107
    ],
    "2": [
        0.6111111111111112,
        0.8936170212765957,
        0.3023255813953488,
        0.9371874397383662,
        0.8967653668208868,
        1.0921731396767407
    ],
    "3": [
        0.5222222222222223,
        0.6444444444444445,
        0.4,
        1.0084085717880356,
        0.9336788081825143,
        1.0497484108008053
    ],
    "4": [
        0.4888888888888889,
        0.5952380952380952,
        0.3958333333333333,
        0.702327868842072,
        0.8671511307639452,
        1.1172803093662986
    ],
    "5": [
        0.4888888888888889,
        0.5964912280701754,
        0.30303030303030304,
        1.2816776852707772,
        0.9201515999964976,
        1.1754155175665129
    ],
    "6": [
        0.45555555555555555,
        0.25,
        0.7368421052631579,
        1.016425874484531,
        0.9575004920265803,
        1.056404155433454
    ],
    "7": [
        0.4666666666666667,
        0.85,
        0.16,
        1.1115319009661597,
        0.8860396298987725,
        1.1545703884307477
    ],
    "8": [
        0.4888888888888889,
        0.17073170731707318,
        0.7551020408163265,
        1.0072162784995937,
        0.9517746306255636,
        1.0510177227494786
    ],
    "9": [
        0.43333333333333335,
        0.975,
        0.0,
        0.8345962813563033,
        0.614238250602748,
        1.1823974075935249
    ],
    "10": [
        0.4111111111111111,
        0.5106382978723404,
        0.3023255813953488,
        1.3703421265120128,
        0.9667946645033947,
        1.1272836103363235
    ],
    "11": [
        0.5,
        0.45454545454545453,
        0.5714285714285714,
        1.2369908686695081,
        0.9564820017436121,
        1.112765044031118
    ]
}