{
    "0": [
        0.5333333333333333,
        1.0,
        0.0,
        1.0811403744503039,
        0.8428994816087272,
        1.2316190464924501
    ],
    "1": [
        0.5333333333333333,
        1.0,
        0.0,
        1.2368427783198614,
        0.8976005373352774,
        1.1422964360284107
    ],
    "2": [
        0.5666666666666667,
        0.9148936170212766,
        0.18604651162790697,
        0.8714191781505548,
        0.8967653668208868,
        1.0921731396767407
    ],
    "3": [
        0.5,
        0.8222222222222222,
        0.17777777777777778,
        0.9737871544237942,
        0.9261302404034122,
        1.0497484108008053
    ],
    "4": [
        0.5,
        0.7619047619047619,
        0.2708333333333333,
        0.6993999718453772,
        0.8671511307639452,
        1.1172803093662986
    ],
    "5": [
        0.5111111111111111,
        0.5614035087719298,
        0.42424242424242425,
        1.2580700070119073,
        0.9201515999964976,
        1.1754155175665129
    ],
    "6": [
        0.45555555555555555,
        0.25,
        0.7368421052631579,
        1.0761580116865799,
        0.9575004920265803,
        1.056404155433454
    ],
    "7": [
        0.5,
        0.25,
        0.7,
        0.8721142820292976,
        0.8860396298987725,
        1.0761582023758802
    ],
    "8": [
        0.5,
        0.21951219512195122,
        0.7346938775510204,
        1.0041576797083167,
        0.954154372267397,
        1.0518116263863733
    ],
    "9": [
        0.45555555555555555,
        1.0,
        0.02,
        0.8251779373925441,
        0.614238250602748,
        1.1823974075935249
    ],
    "10": [
        0.45555555555555555,
        0.8723404255319149,
        0.0,
        1.2146403673093453,
        0.9135810102599939,
        1.1272836103363235
    ],
    "11": [
        0.6111111111111112,
        1.0,
        0.0,
        1.305064788244068,
        0.8966930841710028,
        1.112765044031118
    ]
}