{
    "0": [
        0.4666666666666667,
        0.16666666666666666,
        0.8095238095238095,
        0.6763467019875841,
        0.8447552001712682,
        1.1088237689448541
    ],
    "1": [
        0.5333333333333333,
        1.0,
        0.0,
        1.2368427783198614,
        0.8976005373352774,
        1.1422964360284107
    ],
    "2": [
        0.5555555555555556,
        0.9361702127659575,
        0.13953488372093023,
        0.7159884609829977,
        0.8967653668208868,
        1.085465458606541
    ],
    "3": [
        0.5333333333333333,
        0.9777777777777777,
        0.08888888888888889,
        0.972957774433754,
        0.9261302404034122,
        1.0497484108008053
    ],
    "4": [
        0.5,
        0.023809523809523808,
        0.9166666666666666,
        1.0243106242860247,
        0.9793168778119582,
        1.043367863993261
    ],
    "5": [
        0.5777777777777777,
        0.8421052631578947,
        0.12121212121212122,
        1.4628177892928171,
        0.9201515999964976,
        1.1754155175665129
    ],
    "6": [
        0.4666666666666667,
        0.19230769230769232,
        0.8421052631578947,
        1.3327670538372445,
        0.957973072857591,
        1.1305789178140042
    ],
    "7": [
        0.5555555555555556,
        0.625,
        0.5,
        0.9898764455792676,
        0.9289094236928562,
        1.0761582023758802
    ],
    "8": [
        0.5444444444444444,
        0.4878048780487805,
        0.5918367346938775,
        1.0963913275265575,
        0.951386072544974,
        1.0518116263863733
    ],
    "9": [
        0.4222222222222222,
        0.7,
        0.2,
        0.8175612335637826,
        0.614238250602748,
        1.1823974075935249
    ],
    "10": [
        0.4777777777777778,
        0.6808510638297872,
        0.2558139534883721,
        1.185074749525872,
        0.9372473116814342,
        1.1272836103363235
    ],
    "11": [
        0.5777777777777777,
        0.7636363636363637,
        0.2857142857142857,
        1.2446124682384556,
        0.8966930841710028,
        1.112765044031118
    ]
}