{
    "0": [
        0.5666666666666667,
        0.8125,
        0.2857142857142857,
        1.7253382496248837,
        0.8447552001712682,
        1.2316190464924501
    ],
    "1": [
        0.5,
        0.8125,
        0.14285714285714285,
        1.4360431735700845,
        0.8976005373352774,
        1.1422964360284107
    ],
    "2": [
        0.5555555555555556,
        0.8936170212765957,
        0.18604651162790697,
        0.8424653589133697,
        0.8967653668208868,
        1.0921731396767407
    ],
    "3": [
        0.5222222222222223,
        0.4888888888888889,
        0.5555555555555556,
        1.061906428358418,
        0.9336788081825143,
        1.0404580926767923
    ],
    "4": [
        0.5222222222222223,
        0.0,
        0.9791666666666666,
        1.0074572352308697,
        1,
        1.0074572352308697
    ],
    "5": [
        0.6222222222222222,
        0.9122807017543859,
        0.12121212121212122,
        1.4496336970111992,
        0.9201515999964976,
        1.1754155175665129
    ],
    "6": [
        0.4222222222222222,
        0.1346153846153846,
        0.8157894736842105,
        1.129798061093317,
        0.9575004920265803,
        1.1197243801018248
    ],
    "7": [
        0.5555555555555556,
        0.7,
        0.44,
        1.2862370977380146,
        0.9289094236928562,
        1.1545703884307477
    ],
    "8": [
        0.4777777777777778,
        0.6585365853658537,
        0.32653061224489793,
        1.0017484385570916,
        0.9517746306255636,
        1.0996684803621701
    ],
    "9": [
        0.5,
        0.675,
        0.36,
        0.8627794809183112,
        0.614238250602748,
        1.1823974075935249
    ],
    "10": [
        0.4888888888888889,
        0.6595744680851063,
        0.3023255813953488,
        1.2361506927777148,
        0.9446534606817751,
        1.1272836103363235
    ],
    "11": [
        0.6,
        0.9636363636363636,
        0.02857142857142857,
        1.218018485999973,
        0.8966930841710028,
        1.112765044031118
    ]
}