{
    "0": [
        0.5666666666666667,
        0.4791666666666667,
        0.6666666666666666,
        2.123854288440582,
        0.9237196231755173,
        1.2316190464924501
    ],
    "1": [
        0.5333333333333333,
        1.0,
        0.0,
        1.2368427783198614,
        0.8976005373352774,
        1.1422964360284107
    ],
    "2": [
        0.5444444444444444,
        1.0,
        0.046511627906976744,
        0.7717884768016718,
        0.8967653668208868,
        1.0921731396767407
    ],
    "3": [
        0.5222222222222223,
        0.8222222222222222,
        0.2222222222222222,
        1.0816520533067446,
        0.9336788081825143,
        1.0497484108008053
    ],
    "4": [
        0.5222222222222223,
        0.47619047619047616,
        0.5625,
        0.7085512891512442,
        0.8671511307639452,
        1.061218017325207
    ],
    "5": [
        0.43333333333333335,
        0.21052631578947367,
        0.8181818181818182,
        1.0277322336414467,
        0.981492462634456,
        1.064734270853694
    ],
    "6": [
        0.5333333333333333,
        0.5384615384615384,
        0.5263157894736842,
        1.765870220381389,
        0.8575783994845456,
        1.1305789178140042
    ],
    "7": [
        0.45555555555555555,
        0.85,
        0.14,
        1.0284127799016252,
        0.8860396298987725,
        1.1545703884307477
    ],
    "8": [
        0.4444444444444444,
        0.4878048780487805,
        0.40816326530612246,
        1.2348788003829954,
        0.951386072544974,
        1.0833847541861696
    ],
    "9": [
        0.5111111111111111,
        0.575,
        0.46,
        0.9011434445290841,
        0.614238250602748,
        1.1823974075935249
    ],
    "10": [
        0.45555555555555555,
        0.7872340425531915,
        0.09302325581395349,
        1.1627379092563301,
        0.9135810102599939,
        1.1272836103363235
    ],
    "11": [
        0.6111111111111112,
        1.0,
        0.0,
        1.305064788244068,
        0.8966930841710028,
        1.112765044031118
    ]
}