{
    "0": [
        0.4888888888888889,
        0.6666666666666666,
        0.2857142857142857,
        0.5188008322662784,
        0.8428994816087272,
        1.1199363948156908
    ],
    "1": [
        0.5333333333333333,
        0.9791666666666666,
        0.023809523809523808,
        1.07936308574469,
        0.8976005373352774,
        1.1422964360284107
    ],
    "2": [
        0.6,
        0.7872340425531915,
        0.3953488372093023,
        0.8553230169324966,
        0.8967653668208868,
        1.085465458606541
    ],
    "3": [
        0.4888888888888889,
        0.044444444444444446,
        0.9333333333333333,
        1.0657760512884111,
        0.9941446589174241,
        1.0415837032379744
    ],
    "4": [
        0.45555555555555555,
        0.9047619047619048,
        0.0625,
        0.5590352443923244,
        0.8671511307639452,
        1.1172803093662986
    ],
    "5": [
        0.5111111111111111,
        0.7192982456140351,
        0.15151515151515152,
        1.3675355554596385,
        0.9201515999964976,
        1.1754155175665129
    ],
    "6": [
        0.5777777777777777,
        1.0,
        0.0,
        1.7484607719202154,
        0.8575783994845456,
        1.1305789178140042
    ],
    "7": [
        0.5444444444444444,
        0.275,
        0.76,
        1.0871228175861596,
        0.9571006275599473,
        1.0761582023758802
    ],
    "8": [
        0.4888888888888889,
        0.6097560975609756,
        0.3877551020408163,
        1.0418913452260041,
        0.9517746306255636,
        1.0996684803621701
    ],
    "9": [
        0.45555555555555555,
        0.975,
        0.04,
        0.8353790946213439,
        0.614238250602748,
        1.1823974075935249
    ],
    "10": [
        0.5111111111111111,
        0.9787234042553191,
        0.0,
        1.2527635221290867,
        0.9135810102599939,
        1.1272836103363235
    ],
    "11": [
        0.5333333333333333,
        0.6727272727272727,
        0.3142857142857143,
        1.20489854134733,
        0.8966930841710028,
        1.112765044031118
    ]
}