{
    "0": [
        0.43333333333333335,
        0.08333333333333333,
        0.8333333333333334,
        0.6707352708580813,
        0.8447552001712682,
        1.1088237689448541
    ],
    "1": [
        0.5333333333333333,
        1.0,
        0.0,
        1.2368427783198614,
        0.8976005373352774,
        1.1422964360284107
    ],
    "2": [
        0.5333333333333333,
        1.0,
        0.023255813953488372,
        0.7780071740827925,
        0.8967653668208868,
        1.0921731396767407
    ],
    "3": [
        0.4777777777777778,
        0.6888888888888889,
        0.26666666666666666,
        1.0795687624132764,
        0.9336788081825143,
        1.0415837032379744
    ],
    "4": [
        0.5,
        0.7619047619047619,
        0.2708333333333333,
        0.7077518474441908,
        0.8671511307639452,
        1.1172803093662986
    ],
    "5": [
        0.5777777777777777,
        0.8421052631578947,
        0.12121212121212122,
        1.4849400786168963,
        0.9201515999964976,
        1.1754155175665129
    ],
    "6": [
        0.43333333333333335,
        0.15384615384615385,
        0.8157894736842105,
        1.153051658134552,
        0.957973072857591,
        1.1197243801018248
    ],
    "7": [
        0.4666666666666667,
        0.9,
        0.12,
        1.0187308340502448,
        0.8860396298987725,
        1.1545703884307477
    ],
    "8": [
        0.5222222222222223,
        0.5853658536585366,
        0.46938775510204084,
        1.1085060017019541,
        0.9539722791134384,
        1.0996684803621701
    ],
    "9": [
        0.4444444444444444,
        0.875,
        0.1,
        0.6125409008892959,
        0.614238250602748,
        1.1412883414010726
    ],
    "10": [
        0.4888888888888889,
        0.9361702127659575,
        0.0,
        1.2286164786332738,
        0.9135810102599939,
        1.1272836103363235
    ],
    "11": [
        0.5777777777777777,
        0.9272727272727272,
        0.02857142857142857,
        1.2617069342220089,
        0.8966930841710028,
        1.112765044031118
    ]
}