{
    "0": [
        0.5333333333333333,
        1.0,
        0.0,
        1.0811403744503039,
        0.8428994816087272,
        1.2316190464924501
    ],
    "1": [
        0.4888888888888889,
        0.6875,
        0.2619047619047619,
        1.050640973697745,
        0.8976005373352774,
        1.1003261754082725
    ],
    "2": [
        0.4111111111111111,
        0.48936170212765956,
        0.32558139534883723,
        0.7365097307720562,
        0.8967653668208868,
        1.0921731396767407
    ],
    "3": [
        0.5111111111111111,
        0.8666666666666667,
        0.15555555555555556,
        1.0005826547600476,
        0.9261302404034122,
        1.0497484108008053
    ],
    "4": [
        0.4666666666666667,
        0.6666666666666666,
        0.2916666666666667,
        0.7020426140310841,
        0.8671511307639452,
        1.1172803093662986
    ],
    "5": [
        0.37777777777777777,
        0.08771929824561403,
        0.8787878787878788,
        0.9718864610109088,
        0.981492462634456,
        1.0128603208128333
    ],
    "6": [
        0.4666666666666667,
        0.3076923076923077,
        0.6842105263157895,
        1.4554331770211109,
        0.9575004920265803,
        1.1305789178140042
    ],
    "7": [
        0.4666666666666667,
        0.7,
        0.28,
        1.1081461436943159,
        0.8860396298987725,
        1.1545703884307477
    ],
    "8": [
        0.5222222222222223,
        0.6341463414634146,
        0.42857142857142855,
        1.112974974054084,
        0.9539722791134384,
        1.0996684803621701
    ],
    "9": [
        0.4444444444444444,
        0.975,
        0.02,
        0.8212293829540487,
        0.614238250602748,
        1.1823974075935249
    ],
    "10": [
        0.5222222222222223,
        1.0,
        0.0,
        1.2414969434854326,
        0.9135810102599939,
        1.1272836103363235
    ],
    "11": [
        0.5444444444444444,
        0.7636363636363637,
        0.2,
        1.1062695485251923,
        0.8966930841710028,
        1.0761464979382598
    ]
}