{
    "0": [
        0.5444444444444444,
        1.0,
        0.023809523809523808,
        1.1638210339186956,
        0.8428994816087272,
        1.2316190464924501
    ],
    "1": [
        0.5333333333333333,
        1.0,
        0.0,
        1.2368427783198614,
        0.8976005373352774,
        1.1422964360284107
    ],
    "2": [
        0.5555555555555556,
        1.0,
        0.06976744186046512,
        0.8058332951802147,
        0.8967653668208868,
        1.0921731396767407
    ],
    "3": [
        0.4111111111111111,
        0.06666666666666667,
        0.7555555555555555,
        0.8602969705497404,
        0.9489630275408387,
        1.0140086431545463
    ],
    "4": [
        0.5333333333333333,
        0.5,
        0.5625,
        0.841317276145526,
        0.8935441597545427,
        1.1172803093662986
    ],
    "5": [
        0.4111111111111111,
        0.21052631578947367,
        0.7575757575757576,
        1.131843136930974,
        0.981492462634456,
        1.064734270853694
    ],
    "6": [
        0.5888888888888889,
        0.46153846153846156,
        0.7631578947368421,
        1.6817187685823245,
        0.930098717169988,
        1.1305789178140042
    ],
    "7": [
        0.5666666666666667,
        0.775,
        0.4,
        1.2653232454076613,
        0.9289094236928562,
        1.1545703884307477
    ],
    "8": [
        0.4666666666666667,
        0.4146341463414634,
        0.5102040816326531,
        0.9146563721591046,
        0.951386072544974,
        1.0996684803621701
    ],
    "9": [
        0.5222222222222223,
        0.25,
        0.74,
        1.0322412772681506,
        0.9102666786883837,
        1.0695539808017047
    ],
    "10": [
        0.4777777777777778,
        0.40425531914893614,
        0.5581395348837209,
        1.170589678099071,
        0.9135810102599939,
        1.1272836103363235
    ],
    "11": [
        0.6,
        0.9818181818181818,
        0.0,
        1.3489854443312088,
        0.8966930841710028,
        1.112765044031118
    ]
}