{
    "0": [
        0.5333333333333333,
        0.9375,
        0.07142857142857142,
        1.0093073356259201,
        0.8428994816087272,
        1.2316190464924501
    ],
    "1": [
        0.5333333333333333,
        1.0,
        0.0,
        1.2368427783198614,
        0.8976005373352774,
        1.1422964360284107
    ],
    "2": [
        0.5666666666666667,
        0.9787234042553191,
        0.11627906976744186,
        0.8764934173052877,
        0.8967653668208868,
        1.0921731396767407
    ],
    "3": [
        0.4666666666666667,
        0.17777777777777778,
        0.7555555555555555,
        0.9677080071077906,
        0.9336788081825143,
        1.0497484108008053
    ],
    "4": [
        0.5222222222222223,
        0.6428571428571429,
        0.4166666666666667,
        1.0039512776208313,
        0.9350594982022246,
        1.1172803093662986
    ],
    "5": [
        0.5,
        0.5964912280701754,
        0.3333333333333333,
        1.3347563916347898,
        0.9201515999964976,
        1.1754155175665129
    ],
    "6": [
        0.43333333333333335,
        0.09615384615384616,
        0.8947368421052632,
        1.1101749087566883,
        0.9929652716209666,
        1.0500675338236314
    ],
    "7": [
        0.4777777777777778,
        0.9,
        0.14,
        0.9916269805343191,
        0.8860396298987725,
        1.1545703884307477
    ],
    "8": [
        0.45555555555555555,
        0.7073170731707317,
        0.24489795918367346,
        0.9251573929705378,
        0.951386072544974,
        1.0996684803621701
    ],
    "9": [
        0.4444444444444444,
        1.0,
        0.0,
        0.8206880106893513,
        0.614238250602748,
        1.1823974075935249
    ],
    "10": [
        0.4666666666666667,
        0.7872340425531915,
        0.11627906976744186,
        1.3783414866595267,
        0.9135810102599939,
        1.1272836103363235
    ],
    "11": [
        0.5888888888888889,
        0.8545454545454545,
        0.17142857142857143,
        1.2475943915021073,
        0.8966930841710028,
        1.112765044031118
    ]
}