{
    "0": [
        0.5222222222222223,
        0.7083333333333334,
        0.30952380952380953,
        0.812361644333113,
        0.8428994816087272,
        1.1193362550136103
    ],
    "1": [
        0.5222222222222223,
        0.7916666666666666,
        0.21428571428571427,
        0.7830492934932805,
        0.8976005373352774,
        1.1422964360284107
    ],
    "2": [
        0.5444444444444444,
        0.1702127659574468,
        0.9534883720930233,
        1.1636042354612688,
        0.9742273120422176,
        1.085465458606541
    ],
    "3": [
        0.5111111111111111,
        0.9333333333333333,
        0.08888888888888889,
        0.9767216104409054,
        0.9261302404034122,
        1.0497484108008053
    ],
    "4": [
        0.4444444444444444,
        0.8571428571428571,
        0.08333333333333333,
        0.5621041691636649,
        0.8671511307639452,
        1.1026824909934292
    ],
    "5": [
        0.5444444444444444,
        0.6842105263157895,
        0.30303030303030304,
        1.444589438497157,
        0.9201515999964976,
        1.1754155175665129
    ],
    "6": [
        0.5777777777777777,
        1.0,
        0.0,
        1.7484607719202154,
        0.8575783994845456,
        1.1305789178140042
    ],
    "7": [
        0.5111111111111111,
        0.475,
        0.54,
        0.9201639340388877,
        0.9213085471592081,
        1.1545703884307477
    ],
    "8": [
        0.5111111111111111,
        0.5609756097560976,
        0.46938775510204084,
        0.9936182755138272,
        0.9517746306255636,
        1.0996684803621701
    ],
    "9": [
        0.45555555555555555,
        0.525,
        0.4,
        0.7549489262247248,
        0.614238250602748,
        1.1412883414010726
    ],
    "10": [
        0.4777777777777778,
        0.7872340425531915,
        0.13953488372093023,
        0.9948682067079776,
        0.9372473116814342,
        1.0759544369374359
    ],
    "11": [
        0.4666666666666667,
        0.16363636363636364,
        0.9428571428571428,
        1.1375332326824352,
        0.9886599434063197,
        1.0761464979382598
    ]
}