{
    "0": [
        0.5,
        0.22916666666666666,
        0.8095238095238095,
        0.9116788338116616,
        0.8428994816087272,
        1.1193362550136103
    ],
    "1": [
        0.5444444444444444,
        0.4583333333333333,
        0.6428571428571429,
        1.3675138070424673,
        0.9068769836662509,
        1.1422964360284107
    ],
    "2": [
        0.5111111111111111,
        0.6382978723404256,
        0.37209302325581395,
        0.9416105236507784,
        0.8967653668208868,
        1.0921731396767407
    ],
    "3": [
        0.5111111111111111,
        0.022222222222222223,
        1.0,
        1.0201031680405614,
        1,
        1.0201031680405614
    ],
    "4": [
        0.4666666666666667,
        0.5714285714285714,
        0.375,
        0.7631512453013121,
        0.9001306779661119,
        1.0729698336752207
    ],
    "5": [
        0.6111111111111112,
        0.8947368421052632,
        0.12121212121212122,
        1.4301182808283,
        0.9201515999964976,
        1.1754155175665129
    ],
    "6": [
        0.6,
        1.0,
        0.05263157894736842,
        1.8405909090726014,
        0.8575783994845456,
        1.1305789178140042
    ],
    "7": [
        0.5888888888888889,
        0.55,
        0.62,
        0.9546376259584944,
        0.8860396298987725,
        1.1545703884307477
    ],
    "8": [
        0.4888888888888889,
        0.6585365853658537,
        0.3469387755102041,
        0.9242270685736841,
        0.9517746306255636,
        1.0996684803621701
    ],
    "9": [
        0.5555555555555556,
        0.05,
        0.96,
        1.2460232900689145,
        0.9953162519585226,
        1.1823974075935249
    ],
    "10": [
        0.5222222222222223,
        0.8936170212765957,
        0.11627906976744186,
        1.2651646483584376,
        0.9372473116814342,
        1.1272836103363235
    ],
    "11": [
        0.5666666666666667,
        0.6909090909090909,
        0.37142857142857144,
        1.216770093839406,
        0.8966930841710028,
        1.112765044031118
    ]
}