{
    "0": [
        0.5222222222222223,
        0.375,
        0.6904761904761905,
        0.959453730835259,
        0.8913213771639188,
        1.1193362550136103
    ],
    "1": [
        0.6,
        0.7083333333333334,
        0.47619047619047616,
        1.266034122448347,
        0.8976005373352774,
        1.1422964360284107
    ],
    "2": [
        0.5666666666666667,
        0.8297872340425532,
        0.27906976744186046,
        0.8712518672641242,
        0.8967653668208868,
        1.0921731396767407
    ],
    "3": [
        0.5222222222222223,
        0.8444444444444444,
        0.2,
        1.1608896560149797,
        0.9489630275408387,
        1.0497484108008053
    ],
    "4": [
        0.4777777777777778,
        0.7380952380952381,
        0.25,
        0.8655227893136805,
        0.8671511307639452,
        1.1172803093662986
    ],
    "5": [
        0.4777777777777778,
        0.49122807017543857,
        0.45454545454545453,
        1.2829692773343013,
        0.9201515999964976,
        1.1754155175665129
    ],
    "6": [
        0.4666666666666667,
        0.23076923076923078,
        0.7894736842105263,
        1.3193483169824638,
        0.9575004920265803,
        1.1305789178140042
    ],
    "7": [
        0.4666666666666667,
        0.825,
        0.18,
        1.0188259067027858,
        0.8860396298987725,
        1.1545703884307477
    ],
    "8": [
        0.5222222222222223,
        0.4634146341463415,
        0.5714285714285714,
        1.045480113751898,
        0.9517746306255636,
        1.0996684803621701
    ],
    "9": [
        0.4222222222222222,
        0.45,
        0.4,
        0.75145570645428,
        0.614238250602748,
        1.1412883414010726
    ],
    "10": [
        0.4888888888888889,
        0.1702127659574468,
        0.8372093023255814,
        1.054479399206506,
        0.9886485813851645,
        1.0374015309655582
    ],
    "11": [
        0.5111111111111111,
        0.8,
        0.05714285714285714,
        0.9652032574082025,
        0.8966930841710028,
        1.050820615089816
    ]
}