{
    "0": [
        0.5777777777777777,
        0.7916666666666666,
        0.3333333333333333,
        1.4794086874526402,
        0.8428994816087272,
        1.2316190464924501
    ],
    "1": [
        0.5888888888888889,
        0.8333333333333334,
        0.30952380952380953,
        1.5274184298808786,
        0.8976005373352774,
        1.1422964360284107
    ],
    "2": [
        0.6111111111111112,
        0.8297872340425532,
        0.37209302325581395,
        1.0871447982932492,
        0.8967653668208868,
        1.0921731396767407
    ],
    "3": [
        0.5111111111111111,
        0.13333333333333333,
        0.8888888888888888,
        0.8686513983723096,
        0.9261302404034122,
        1.013477698036266
    ],
    "4": [
        0.5333333333333333,
        0.2857142857142857,
        0.75,
        0.7533641565799578,
        0.8671511307639452,
        1.0423761213303204
    ],
    "5": [
        0.43333333333333335,
        0.2631578947368421,
        0.7272727272727273,
        1.1175980445646583,
        0.9201515999964976,
        1.0767682140985009
    ],
    "6": [
        0.4111111111111111,
        0.057692307692307696,
        0.8947368421052632,
        1.0043719596120853,
        0.9921095143660433,
        1.0106876786220071
    ],
    "7": [
        0.4111111111111111,
        0.55,
        0.3,
        0.8463495198114941,
        0.8860396298987725,
        1.1545703884307477
    ],
    "8": [
        0.4888888888888889,
        0.4878048780487805,
        0.4897959183673469,
        0.9223719840714211,
        0.9517746306255636,
        1.0996684803621701
    ],
    "9": [
        0.4888888888888889,
        0.1,
        0.8,
        0.8519891057809489,
        0.9102666786883837,
        1.0383487012313335
    ],
    "10": [
        0.5111111111111111,
        0.8723404255319149,
        0.11627906976744186,
        1.2040369875961285,
        0.9135810102599939,
        1.1272836103363235
    ],
    "11": [
        0.5,
        0.6545454545454545,
        0.2571428571428571,
        1.054561738065309,
        0.8966930841710028,
        1.0761464979382598
    ]
}