{
    "0": [
        0.5444444444444444,
        0.8541666666666666,
        0.19047619047619047,
        1.513727455759945,
        0.8447552001712682,
        1.2316190464924501
    ],
    "1": [
        0.4777777777777778,
        0.375,
        0.5952380952380952,
        0.7157869173869426,
        0.8976005373352774,
        1.0803778479584907
    ],
    "2": [
        0.5444444444444444,
        0.8085106382978723,
        0.2558139534883721,
        1.0263163807025226,
        0.8967653668208868,
        1.0921731396767407
    ],
    "3": [
        0.5666666666666667,
        0.7777777777777778,
        0.35555555555555557,
        1.088806568553519,
        0.9489630275408387,
        1.0404580926767923
    ],
    "4": [
        0.4666666666666667,
        0.6190476190476191,
        0.3333333333333333,
        0.7018478389302777,
        0.8935441597545427,
        1.1172803093662986
    ],
    "5": [
        0.4,
        0.2631578947368421,
        0.6363636363636364,
        0.9845953267658465,
        0.9201515999964976,
        1.0359036230261935
    ],
    "6": [
        0.5666666666666667,
        0.9615384615384616,
        0.02631578947368421,
        1.650661269101883,
        0.8575783994845456,
        1.1305789178140042
    ],
    "7": [
        0.4666666666666667,
        0.5,
        0.44,
        0.7586025766504906,
        0.8860396298987725,
        1.0761582023758802
    ],
    "8": [
        0.4777777777777778,
        0.8536585365853658,
        0.16326530612244897,
        0.9588576764541259,
        0.951386072544974,
        1.0833847541861696
    ],
    "9": [
        0.4222222222222222,
        0.575,
        0.3,
        1.102848783937864,
        0.9102666786883837,
        1.1025624992932657
    ],
    "10": [
        0.45555555555555555,
        0.2765957446808511,
        0.6511627906976745,
        0.9306083468427752,
        0.9446534606817751,
        1.0374015309655582
    ],
    "11": [
        0.5666666666666667,
        0.9090909090909091,
        0.02857142857142857,
        1.254448957999486,
        0.8966930841710028,
        1.112765044031118
    ]
}