{
    "0": [
        0.5444444444444444,
        0.9791666666666666,
        0.047619047619047616,
        1.0750365225230827,
        0.8428994816087272,
        1.2316190464924501
    ],
    "1": [
        0.5444444444444444,
        0.7708333333333334,
        0.2857142857142857,
        0.9080952902828449,
        0.8976005373352774,
        1.1422964360284107
    ],
    "2": [
        0.5222222222222223,
        1.0,
        0.0,
        0.7636991557977252,
        0.8967653668208868,
        1.0921731396767407
    ],
    "3": [
        0.4888888888888889,
        0.37777777777777777,
        0.6,
        0.8565963718507416,
        0.9261302404034122,
        1.0324221310424897
    ],
    "4": [
        0.5555555555555556,
        0.09523809523809523,
        0.9583333333333334,
        0.929273421540456,
        0.911807536373567,
        1.0101706794083147
    ],
    "5": [
        0.4777777777777778,
        0.3157894736842105,
        0.7575757575757576,
        1.0005071252117725,
        0.9201515999964976,
        1.0338337391099
    ],
    "6": [
        0.5777777777777777,
        1.0,
        0.0,
        1.7484607719202154,
        0.8575783994845456,
        1.1305789178140042
    ],
    "7": [
        0.4777777777777778,
        0.4,
        0.54,
        0.9263674725490049,
        0.9566365371761729,
        1.0603394410351554
    ],
    "8": [
        0.4888888888888889,
        0.34146341463414637,
        0.6122448979591837,
        0.887984689326486,
        0.9517746306255636,
        1.0518116263863733
    ],
    "9": [
        0.5,
        0.175,
        0.76,
        1.126361578726044,
        0.9450091581568407,
        1.1025624992932657
    ],
    "10": [
        0.5333333333333333,
        0.6808510638297872,
        0.37209302325581395,
        1.0190369286901453,
        0.9372473116814342,
        1.0759544369374359
    ],
    "11": [
        0.6,
        0.6909090909090909,
        0.45714285714285713,
        1.2794602731095162,
        0.9398616925512996,
        1.0761464979382598
    ]
}