{
    "0": [
        0.4888888888888889,
        0.2916666666666667,
        0.7142857142857143,
        1.061201427478367,
        0.8428994816087272,
        1.1193362550136103
    ],
    "1": [
        0.4444444444444444,
        0.25,
        0.6666666666666666,
        0.8891252554249676,
        0.9068769836662509,
        1.0897668882566307
    ],
    "2": [
        0.5444444444444444,
        0.7446808510638298,
        0.32558139534883723,
        0.947297698655357,
        0.8967653668208868,
        1.085465458606541
    ],
    "3": [
        0.5222222222222223,
        0.9777777777777777,
        0.06666666666666667,
        1.0285455433713435,
        0.9261302404034122,
        1.0497484108008053
    ],
    "4": [
        0.5,
        0.5,
        0.5,
        0.8472288729895877,
        0.8671511307639452,
        1.1026824909934292
    ],
    "5": [
        0.5555555555555556,
        0.7894736842105263,
        0.15151515151515152,
        1.5377832847699495,
        0.9201515999964976,
        1.1754155175665129
    ],
    "6": [
        0.5888888888888889,
        0.9807692307692307,
        0.05263157894736842,
        1.8158268041005494,
        0.8575783994845456,
        1.1305789178140042
    ],
    "7": [
        0.5222222222222223,
        0.625,
        0.44,
        0.9001989831771623,
        0.8860396298987725,
        1.0603394410351554
    ],
    "8": [
        0.4888888888888889,
        0.6585365853658537,
        0.3469387755102041,
        0.9924556108069095,
        0.951386072544974,
        1.0996684803621701
    ],
    "9": [
        0.5,
        0.175,
        0.76,
        1.0768463916258455,
        0.9302193023206287,
        1.1412883414010726
    ],
    "10": [
        0.5777777777777777,
        0.8723404255319149,
        0.2558139534883721,
        1.135403332146278,
        0.9135810102599939,
        1.1272836103363235
    ],
    "11": [
        0.5333333333333333,
        0.45454545454545453,
        0.6571428571428571,
        1.169078767273721,
        0.8966930841710028,
        1.112765044031118
    ]
}