{
    "0": [
        0.5444444444444444,
        0.9583333333333334,
        0.07142857142857142,
        1.2731059734047905,
        0.8447552001712682,
        1.2316190464924501
    ],
    "1": [
        0.5111111111111111,
        0.3541666666666667,
        0.6904761904761905,
        0.9594544302462225,
        0.8976005373352774,
        1.0897668882566307
    ],
    "2": [
        0.5333333333333333,
        0.5319148936170213,
        0.5348837209302325,
        1.0113065918648942,
        0.8967653668208868,
        1.0921731396767407
    ],
    "3": [
        0.5111111111111111,
        0.3333333333333333,
        0.6888888888888889,
        1.108653355909964,
        0.9763200092772786,
        1.0324221310424897
    ],
    "4": [
        0.5333333333333333,
        0.3333333333333333,
        0.7083333333333334,
        1.029588169709296,
        0.9001306779661119,
        1.1026824909934292
    ],
    "5": [
        0.4444444444444444,
        0.15789473684210525,
        0.9393939393939394,
        0.9980187905142006,
        0.9510629311205345,
        1.0338337391099
    ],
    "6": [
        0.5222222222222223,
        0.4423076923076923,
        0.631578947368421,
        1.6125970599947717,
        0.8575783994845456,
        1.1305789178140042
    ],
    "7": [
        0.45555555555555555,
        0.875,
        0.12,
        1.0386331033416947,
        0.8860396298987725,
        1.1545703884307477
    ],
    "8": [
        0.5222222222222223,
        0.6097560975609756,
        0.4489795918367347,
        1.01197736107486,
        0.951386072544974,
        1.0833847541861696
    ],
    "9": [
        0.5555555555555556,
        0.575,
        0.54,
        1.1169596583572825,
        0.9399775357549068,
        1.1823974075935249
    ],
    "10": [
        0.5222222222222223,
        0.2553191489361702,
        0.813953488372093,
        1.0406803528296849,
        0.9446534606817751,
        1.0241508333660432
    ],
    "11": [
        0.5888888888888889,
        0.9636363636363636,
        0.0,
        1.1850169780007684,
        0.8966930841710028,
        1.0761464979382598
    ]
}