{
    "0": [
        0.5666666666666667,
        0.8333333333333334,
        0.2619047619047619,
        1.7366309989540876,
        0.8796590351586018,
        1.2316190464924501
    ],
    "1": [
        0.4888888888888889,
        0.75,
        0.19047619047619047,
        0.7878656941771707,
        0.8976005373352774,
        1.1422964360284107
    ],
    "2": [
        0.4888888888888889,
        0.7872340425531915,
        0.16279069767441862,
        0.8319445941557915,
        0.8967653668208868,
        1.0921731396767407
    ],
    "3": [
        0.5222222222222223,
        0.35555555555555557,
        0.6888888888888889,
        1.0906201165955827,
        0.9416399759588683,
        1.0404580926767923
    ],
    "4": [
        0.5555555555555556,
        0.38095238095238093,
        0.7083333333333334,
        1.030221603760821,
        0.9350594982022246,
        1.1026824909934292
    ],
    "5": [
        0.4111111111111111,
        0.21052631578947367,
        0.7575757575757576,
        1.1205254707769132,
        0.9861612369586473,
        1.0767682140985009
    ],
    "6": [
        0.5666666666666667,
        0.9230769230769231,
        0.07894736842105263,
        1.7185006581900726,
        0.8575783994845456,
        1.1305789178140042
    ],
    "7": [
        0.5444444444444444,
        0.7,
        0.42,
        0.9718780733493293,
        0.9213085471592081,
        1.0761582023758802
    ],
    "8": [
        0.5666666666666667,
        0.21951219512195122,
        0.8571428571428571,
        1.0461359960204604,
        0.9539722791134384,
        1.0996684803621701
    ],
    "9": [
        0.4,
        0.575,
        0.26,
        0.6238590929749095,
        0.614238250602748,
        1.1025624992932657
    ],
    "10": [
        0.5,
        0.8085106382978723,
        0.16279069767441862,
        1.0284776452523157,
        0.9135810102599939,
        1.078811281340542
    ],
    "11": [
        0.5333333333333333,
        0.6,
        0.42857142857142855,
        1.2045314675394558,
        0.8966930841710028,
        1.112765044031118
    ]
}