{
    "0": [
        0.6,
        0.7708333333333334,
        0.40476190476190477,
        0.9873247153227309,
        0.8428994816087272,
        1.1193362550136103
    ],
    "1": [
        0.5111111111111111,
        0.4166666666666667,
        0.6190476190476191,
        0.8219818898265546,
        0.8976005373352774,
        1.0845210765398334
    ],
    "2": [
        0.4777777777777778,
        0.8085106382978723,
        0.11627906976744186,
        0.7708459410725667,
        0.8967653668208868,
        1.0921731396767407
    ],
    "3": [
        0.5111111111111111,
        0.6222222222222222,
        0.4,
        0.9166708264781495,
        0.9261302404034122,
        1.0324221310424897
    ],
    "4": [
        0.5111111111111111,
        0.19047619047619047,
        0.7916666666666666,
        0.8867432301404324,
        0.9056297539983926,
        1.1026824909934292
    ],
    "5": [
        0.6222222222222222,
        0.8947368421052632,
        0.15151515151515152,
        1.4568823977946834,
        0.9201515999964976,
        1.1754155175665129
    ],
    "6": [
        0.5555555555555556,
        0.9423076923076923,
        0.02631578947368421,
        1.6565340103706,
        0.8575783994845456,
        1.1305789178140042
    ],
    "7": [
        0.5,
        0.575,
        0.44,
        1.103063664207548,
        0.9289094236928562,
        1.1545703884307477
    ],
    "8": [
        0.5111111111111111,
        0.43902439024390244,
        0.5714285714285714,
        0.9436524558920691,
        0.9517746306255636,
        1.0518116263863733
    ],
    "9": [
        0.4222222222222222,
        0.825,
        0.1,
        0.6837353462220316,
        0.614238250602748,
        1.1412883414010726
    ],
    "10": [
        0.4777777777777778,
        0.6382978723404256,
        0.3023255813953488,
        1.2140126588946758,
        0.9372473116814342,
        1.1272836103363235
    ],
    "11": [
        0.5888888888888889,
        0.6363636363636364,
        0.5142857142857142,
        1.1402531315681739,
        0.8966930841710028,
        1.0761464979382598
    ]
}