{
    "0": [
        0.5777777777777777,
        0.9302325581395349,
        0.2553191489361702,
        1.513727455759945,
        0.8447552001712682,
        1.2316190464924501
    ],
    "1": [
        0.4777777777777778,
        0.5714285714285714,
        0.36585365853658536,
        1.0614835043856443,
        0.8976005373352774,
        1.1422964360284107
    ],
    "2": [
        0.5111111111111111,
        0.7368421052631579,
        0.34615384615384615,
        0.6733081344463431,
        0.8967653668208868,
        1.0537517108668841
    ],
    "3": [
        0.5333333333333333,
        0.7045454545454546,
        0.3695652173913043,
        1.1098048034290806,
        0.9489630275408387,
        1.0497484108008053
    ],
    "4": [
        0.6111111111111112,
        0.375,
        0.7413793103448276,
        0.895480967758258,
        0.9350594982022246,
        1.1026824909934292
    ],
    "5": [
        0.34444444444444444,
        0.26229508196721313,
        0.5172413793103449,
        1.0034818417568159,
        0.9510629311205345,
        1.0338337391099
    ],
    "6": [
        0.2777777777777778,
        0.4067796610169492,
        0.03225806451612903,
        0.9980653820730807,
        0.8707473242818813,
        1.1057205155711587
    ],
    "7": [
        0.37777777777777777,
        1.0,
        0.0,
        0.9067176888350073,
        0.8860396298987725,
        1.1545703884307477
    ],
    "8": [
        0.45555555555555555,
        0.21951219512195122,
        0.6530612244897959,
        0.8995210506229913,
        0.951386072544974,
        1.0364075305018494
    ],
    "9": [
        0.5444444444444444,
        0.9245283018867925,
        0.0,
        0.8176924071590387,
        0.614238250602748,
        1.1823974075935249
    ],
    "10": [
        0.5444444444444444,
        0.8478260869565217,
        0.22727272727272727,
        1.3730320333641433,
        0.9372473116814342,
        1.1272836103363235
    ],
    "11": [
        0.28888888888888886,
        0.16071428571428573,
        0.5,
        1.0015261552154533,
        0.9564820017436121,
        1.050820615089816
    ]
}