{
    "0": [
        0.5888888888888889,
        0.9302325581395349,
        0.2765957446808511,
        1.5109505699175534,
        0.8447552001712682,
        1.2316190464924501
    ],
    "1": [
        0.5222222222222223,
        0.40816326530612246,
        0.6585365853658537,
        0.9051631326909613,
        0.8993958574636876,
        1.0897668882566307
    ],
    "2": [
        0.5111111111111111,
        0.9210526315789473,
        0.21153846153846154,
        0.8799622502047134,
        0.8967653668208868,
        1.0921731396767407
    ],
    "3": [
        0.5111111111111111,
        0.0,
        1.0,
        1,
        1,
        1
    ],
    "4": [
        0.45555555555555555,
        0.46875,
        0.4482758620689655,
        0.732934871902267,
        0.8671511307639452,
        1.1172803093662986
    ],
    "5": [
        0.32222222222222224,
        0.0,
        1.0,
        1,
        1,
        1
    ],
    "6": [
        0.4111111111111111,
        0.576271186440678,
        0.0967741935483871,
        1.3225740306377447,
        0.8575783994845456,
        1.1305789178140042
    ],
    "7": [
        0.37777777777777777,
        0.7352941176470589,
        0.16071428571428573,
        0.966441986993727,
        0.8860396298987725,
        1.1545703884307477
    ],
    "8": [
        0.37777777777777777,
        0.12195121951219512,
        0.5918367346938775,
        0.8967017892454203,
        0.9517746306255636,
        1.0397782609385222
    ],
    "9": [
        0.4888888888888889,
        0.5471698113207547,
        0.40540540540540543,
        1.360433608553207,
        0.9441287787096084,
        1.1823974075935249
    ],
    "10": [
        0.4777777777777778,
        0.9347826086956522,
        0.0,
        1.234166458005469,
        0.9135810102599939,
        1.1272836103363235
    ],
    "11": [
        0.5444444444444444,
        0.6428571428571429,
        0.38235294117647056,
        1.016494219118088,
        0.8966930841710028,
        1.0761464979382598
    ]
}