{
    "0": [
        0.5444444444444444,
        0.9534883720930233,
        0.1702127659574468,
        1.6252831718881562,
        0.8447552001712682,
        1.2316190464924501
    ],
    "1": [
        0.5777777777777777,
        0.9795918367346939,
        0.0975609756097561,
        1.1938057632853474,
        0.8976005373352774,
        1.1422964360284107
    ],
    "2": [
        0.4777777777777778,
        0.9736842105263158,
        0.11538461538461539,
        0.8847337087553722,
        0.8967653668208868,
        1.0921731396767407
    ],
    "3": [
        0.7666666666666667,
        0.5454545454545454,
        0.9782608695652174,
        1.1840486442862956,
        0.969124793782672,
        1.0404580926767923
    ],
    "4": [
        0.5777777777777777,
        0.71875,
        0.5,
        0.8685558224063975,
        0.8935441597545427,
        1.1172803093662986
    ],
    "5": [
        0.3888888888888889,
        0.18032786885245902,
        0.8275862068965517,
        1.0940561580077532,
        0.9201515999964976,
        1.064734270853694
    ],
    "6": [
        0.3111111111111111,
        0.03389830508474576,
        0.8387096774193549,
        1.0325048871325455,
        0.957973072857591,
        1.0500675338236314
    ],
    "7": [
        0.4666666666666667,
        0.35294117647058826,
        0.5357142857142857,
        0.764448968465595,
        0.8860396298987725,
        1.0761582023758802
    ],
    "8": [
        0.36666666666666664,
        0.4634146341463415,
        0.2857142857142857,
        0.7868304425128826,
        0.951386072544974,
        1.0996684803621701
    ],
    "9": [
        0.5111111111111111,
        0.5471698113207547,
        0.4594594594594595,
        1.0989594652864816,
        0.9441287787096084,
        1.1025624992932657
    ],
    "10": [
        0.5111111111111111,
        1.0,
        0.0,
        1.2414969434854326,
        0.9135810102599939,
        1.1272836103363235
    ],
    "11": [
        0.45555555555555555,
        0.26785714285714285,
        0.7647058823529411,
        0.9841224403187194,
        0.8966930841710028,
        1.0345883457826892
    ]
}