{
    "0": [
        0.4,
        0.2558139534883721,
        0.5319148936170213,
        1.27206413349431,
        0.8447552001712682,
        1.1174880511602239
    ],
    "1": [
        0.5,
        0.4489795918367347,
        0.5609756097560976,
        0.8918351039192874,
        0.8993958574636876,
        1.0897668882566307
    ],
    "2": [
        0.4222222222222222,
        1.0,
        0.0,
        0.7636991557977252,
        0.8967653668208868,
        1.0921731396767407
    ],
    "3": [
        0.4777777777777778,
        0.045454545454545456,
        0.8913043478260869,
        0.9970264482369197,
        0.9641825459408555,
        1.0404580926767923
    ],
    "4": [
        0.3888888888888889,
        0.5625,
        0.29310344827586204,
        0.5644540487839371,
        0.8671511307639452,
        1.0729698336752207
    ],
    "5": [
        0.3333333333333333,
        0.18032786885245902,
        0.6551724137931034,
        1.0818325752686246,
        0.9534713219780738,
        1.0338337391099
    ],
    "6": [
        0.4,
        0.5423728813559322,
        0.12903225806451613,
        0.8069073284350804,
        0.8575783994845456,
        1.111283046194372
    ],
    "7": [
        0.6222222222222222,
        0.5588235294117647,
        0.6607142857142857,
        1.2987833788945005,
        0.9289094236928562,
        1.1545703884307477
    ],
    "8": [
        0.32222222222222224,
        0.4146341463414634,
        0.24489795918367346,
        0.8381760495113186,
        0.951386072544974,
        1.0996684803621701
    ],
    "9": [
        0.36666666666666664,
        0.18867924528301888,
        0.6216216216216216,
        0.6977978714248222,
        0.614238250602748,
        1.1412883414010726
    ],
    "10": [
        0.5111111111111111,
        0.9130434782608695,
        0.09090909090909091,
        1.1989555287120517,
        0.9135810102599939,
        1.1272836103363235
    ],
    "11": [
        0.5111111111111111,
        0.6785714285714286,
        0.23529411764705882,
        1.1442339953466378,
        0.8966930841710028,
        1.0761464979382598
    ]
}