{
    "0": [
        0.6111111111111112,
        0.9069767441860465,
        0.3404255319148936,
        2.0063828094746974,
        0.8447552001712682,
        1.2316190464924501
    ],
    "1": [
        0.5555555555555556,
        0.8775510204081632,
        0.17073170731707318,
        1.088713815901707,
        0.8976005373352774,
        1.1422964360284107
    ],
    "2": [
        0.4888888888888889,
        1.0,
        0.11538461538461539,
        0.8405495322197909,
        0.8967653668208868,
        1.0921731396767407
    ],
    "3": [
        0.4888888888888889,
        0.8863636363636364,
        0.10869565217391304,
        0.9674044367610025,
        0.9261302404034122,
        1.0497484108008053
    ],
    "4": [
        0.5222222222222223,
        0.46875,
        0.5517241379310345,
        0.847391638805453,
        0.8935441597545427,
        1.1172803093662986
    ],
    "5": [
        0.32222222222222224,
        0.16393442622950818,
        0.6551724137931034,
        1.0801903595607085,
        0.9534713219780738,
        1.0338337391099
    ],
    "6": [
        0.34444444444444444,
        0.1016949152542373,
        0.8064516129032258,
        1.0155549270719828,
        0.957973072857591,
        1.0500675338236314
    ],
    "7": [
        0.4777777777777778,
        0.9411764705882353,
        0.19642857142857142,
        1.0807376476381052,
        0.8860396298987725,
        1.1545703884307477
    ],
    "8": [
        0.5888888888888889,
        0.2682926829268293,
        0.8571428571428571,
        1.1250066751622088,
        0.9702760900406621,
        1.0518116263863733
    ],
    "9": [
        0.4,
        0.2641509433962264,
        0.5945945945945946,
        0.9164251843405845,
        0.9441287787096084,
        1.0475966430219024
    ],
    "10": [
        0.5111111111111111,
        1.0,
        0.0,
        1.2414969434854326,
        0.9135810102599939,
        1.1272836103363235
    ],
    "11": [
        0.4222222222222222,
        0.42857142857142855,
        0.4117647058823529,
        1.093568398894929,
        0.8966930841710028,
        1.0761464979382598
    ]
}