{
    "0": [
        0.4777777777777778,
        1.0,
        0.0,
        1.0811403744503039,
        0.8428994816087272,
        1.2316190464924501
    ],
    "1": [
        0.5888888888888889,
        0.7959183673469388,
        0.34146341463414637,
        1.0653703608728493,
        0.8976005373352774,
        1.1422964360284107
    ],
    "2": [
        0.4222222222222222,
        0.7368421052631579,
        0.19230769230769232,
        0.7589162032339999,
        0.8967653668208868,
        1.0921731396767407
    ],
    "3": [
        0.5,
        0.25,
        0.7391304347826086,
        0.9627884596678009,
        0.9261302404034122,
        1.0404580926767923
    ],
    "4": [
        0.4111111111111111,
        0.96875,
        0.10344827586206896,
        0.6038926374090238,
        0.8671511307639452,
        1.1172803093662986
    ],
    "5": [
        0.4,
        0.3770491803278688,
        0.4482758620689655,
        1.140985183053058,
        0.9510629311205345,
        1.0767682140985009
    ],
    "6": [
        0.34444444444444444,
        0.0,
        1.0,
        1,
        1,
        1
    ],
    "7": [
        0.5555555555555556,
        0.5294117647058824,
        0.5714285714285714,
        1.0169564948573835,
        0.9419149156328538,
        1.0761582023758802
    ],
    "8": [
        0.34444444444444444,
        0.4634146341463415,
        0.24489795918367346,
        1.0346338877768073,
        0.9517746306255636,
        1.0996684803621701
    ],
    "9": [
        0.4222222222222222,
        0.32075471698113206,
        0.5675675675675675,
        0.6073742071865316,
        0.614238250602748,
        1.1412883414010726
    ],
    "10": [
        0.5111111111111111,
        1.0,
        0.0,
        1.2414969434854326,
        0.9135810102599939,
        1.1272836103363235
    ],
    "11": [
        0.4111111111111111,
        0.16071428571428573,
        0.8235294117647058,
        1.031818686490464,
        0.9564820017436121,
        1.050820615089816
    ]
}