{
    "0": [
        0.6555555555555556,
        0.7906976744186046,
        0.5319148936170213,
        1.3951884821138758,
        0.8447552001712682,
        1.1174880511602239
    ],
    "1": [
        0.4222222222222222,
        0.30612244897959184,
        0.5609756097560976,
        0.8632660046895517,
        0.8993958574636876,
        1.0897668882566307
    ],
    "2": [
        0.5444444444444444,
        0.07894736842105263,
        0.8846153846153846,
        0.8128500755954886,
        0.9360634122815932,
        1.0080575150679765
    ],
    "3": [
        0.5111111111111111,
        0.0,
        1.0,
        1,
        1,
        1
    ],
    "4": [
        0.4111111111111111,
        1.0,
        0.08620689655172414,
        0.5389273481954838,
        0.8671511307639452,
        1.1172803093662986
    ],
    "5": [
        0.3888888888888889,
        0.13114754098360656,
        0.9310344827586207,
        1.0285039739796098,
        0.9534713219780738,
        1.0338337391099
    ],
    "6": [
        0.3888888888888889,
        0.3728813559322034,
        0.41935483870967744,
        0.7808497424870088,
        0.8707473242818813,
        1.1057205155711587
    ],
    "7": [
        0.4666666666666667,
        0.38235294117647056,
        0.5178571428571429,
        1.1624910002526436,
        0.9213085471592081,
        1.1545703884307477
    ],
    "8": [
        0.5111111111111111,
        0.4634146341463415,
        0.5510204081632653,
        1.141909207721753,
        0.9539722791134384,
        1.0996684803621701
    ],
    "9": [
        0.37777777777777777,
        0.09433962264150944,
        0.7837837837837838,
        0.988151862810931,
        0.949539875437737,
        1.0475966430219024
    ],
    "10": [
        0.4222222222222222,
        0.8260869565217391,
        0.0,
        1.0767170907891723,
        0.9135810102599939,
        1.078811281340542
    ],
    "11": [
        0.43333333333333335,
        0.6607142857142857,
        0.058823529411764705,
        1.0047636890751597,
        0.8966930841710028,
        1.0761464979382598
    ]
}