{
    "0": [
        0.3,
        0.09302325581395349,
        0.48936170212765956,
        0.6865507074454366,
        0.8428994816087272,
        1.1193362550136103
    ],
    "1": [
        0.6222222222222222,
        0.6122448979591837,
        0.6341463414634146,
        1.1924349548921662,
        0.9068769836662509,
        1.0897668882566307
    ],
    "2": [
        0.4444444444444444,
        0.3157894736842105,
        0.5384615384615384,
        0.8695638847342209,
        0.9360634122815932,
        1.0921731396767407
    ],
    "3": [
        0.5,
        0.0,
        0.9782608695652174,
        1.0252395808016288,
        1,
        1.0252395808016288
    ],
    "4": [
        0.6444444444444445,
        0.0,
        1.0,
        1,
        1,
        1
    ],
    "5": [
        0.34444444444444444,
        0.19672131147540983,
        0.6551724137931034,
        1.087036641777134,
        0.9534713219780738,
        1.0338337391099
    ],
    "6": [
        0.4222222222222222,
        0.6101694915254238,
        0.06451612903225806,
        1.0222092450241318,
        0.8575783994845456,
        1.1270765377324055
    ],
    "7": [
        0.4666666666666667,
        0.6470588235294118,
        0.35714285714285715,
        0.9096050808368913,
        0.8860396298987725,
        1.0761582023758802
    ],
    "8": [
        0.32222222222222224,
        0.4878048780487805,
        0.1836734693877551,
        0.889571041132158,
        0.951386072544974,
        1.0996684803621701
    ],
    "9": [
        0.3888888888888889,
        0.32075471698113206,
        0.4864864864864865,
        0.9832801633703566,
        0.9441287787096084,
        1.0475966430219024
    ],
    "10": [
        0.5111111111111111,
        1.0,
        0.0,
        1.2414969434854326,
        0.9135810102599939,
        1.1272836103363235
    ],
    "11": [
        0.5,
        0.44642857142857145,
        0.5882352941176471,
        1.0640461242668116,
        0.8966930841710028,
        1.0761464979382598
    ]
}