{
    "0": [
        0.5888888888888889,
        0.9069767441860465,
        0.2978723404255319,
        1.7380219626587192,
        0.8447552001712682,
        1.2316190464924501
    ],
    "1": [
        0.6555555555555556,
        0.8163265306122449,
        0.4634146341463415,
        1.3214906281595593,
        0.8993958574636876,
        1.1422964360284107
    ],
    "2": [
        0.4666666666666667,
        0.8157894736842105,
        0.21153846153846154,
        0.9305833538396814,
        0.8967653668208868,
        1.0921731396767407
    ],
    "3": [
        0.37777777777777777,
        0.09090909090909091,
        0.6521739130434783,
        1.005456500648594,
        0.9628984821643946,
        1.0252395808016288
    ],
    "4": [
        0.36666666666666664,
        1.0,
        0.017241379310344827,
        0.5427730956881756,
        0.8671511307639452,
        1.1172803093662986
    ],
    "5": [
        0.32222222222222224,
        0.0,
        1.0,
        1,
        1,
        1
    ],
    "6": [
        0.5777777777777777,
        0.847457627118644,
        0.06451612903225806,
        1.4321328854843232,
        0.8575783994845456,
        1.1270765377324055
    ],
    "7": [
        0.5111111111111111,
        0.29411764705882354,
        0.6428571428571429,
        0.9262136688873136,
        0.9213085471592081,
        1.0603394410351554
    ],
    "8": [
        0.4444444444444444,
        0.3902439024390244,
        0.4897959183673469,
        0.972109029839029,
        0.9539722791134384,
        1.0996684803621701
    ],
    "9": [
        0.4222222222222222,
        0.4339622641509434,
        0.40540540540540543,
        1.0895051489908958,
        0.9441287787096084,
        1.0695539808017047
    ],
    "10": [
        0.4111111111111111,
        0.717391304347826,
        0.09090909090909091,
        1.0909755581109004,
        0.9135810102599939,
        1.078811281340542
    ],
    "11": [
        0.3888888888888889,
        0.19642857142857142,
        0.7058823529411765,
        0.9801378642943005,
        0.9612588089652891,
        1.0298427175552842
    ]
}