{
    "0": [
        0.5,
        0.9767441860465116,
        0.06382978723404255,
        1.2684524986880776,
        0.8428994816087272,
        1.2316190464924501
    ],
    "1": [
        0.3888888888888889,
        0.5306122448979592,
        0.21951219512195122,
        1.0255627837076653,
        0.8976005373352774,
        1.1422964360284107
    ],
    "2": [
        0.34444444444444444,
        0.6578947368421053,
        0.11538461538461539,
        0.8007625491301433,
        0.9029473490481763,
        1.0921731396767407
    ],
    "3": [
        0.7333333333333333,
        0.7272727272727273,
        0.7391304347826086,
        1.1374006201071458,
        0.9641825459408555,
        1.0404580926767923
    ],
    "4": [
        0.6111111111111112,
        0.125,
        0.8793103448275862,
        0.8005124115696614,
        0.8935441597545427,
        1.0423761213303204
    ],
    "5": [
        0.4222222222222222,
        0.26229508196721313,
        0.7586206896551724,
        1.0270308190124644,
        0.9534713219780738,
        1.0338337391099
    ],
    "6": [
        0.5777777777777777,
        0.4745762711864407,
        0.7741935483870968,
        1.6659460934040284,
        0.8575783994845456,
        1.1305789178140042
    ],
    "7": [
        0.36666666666666664,
        0.9705882352941176,
        0.0,
        0.8965019609552837,
        0.8860396298987725,
        1.1545703884307477
    ],
    "8": [
        0.4666666666666667,
        0.1951219512195122,
        0.6938775510204082,
        0.955112576794947,
        0.951386072544974,
        1.0485393324718126
    ],
    "9": [
        0.3888888888888889,
        0.5094339622641509,
        0.21621621621621623,
        0.757197502358545,
        0.614238250602748,
        1.1412883414010726
    ],
    "10": [
        0.5666666666666667,
        0.8043478260869565,
        0.3181818181818182,
        1.2888940223468115,
        0.9135810102599939,
        1.1272836103363235
    ],
    "11": [
        0.3888888888888889,
        0.125,
        0.8235294117647058,
        1.011279006026542,
        0.9564820017436121,
        1.0345883457826892
    ]
}