{
    "0": [
        0.5333333333333333,
        1.0,
        0.10638297872340426,
        1.582465134126437,
        0.8447552001712682,
        1.2316190464924501
    ],
    "1": [
        0.5555555555555556,
        0.9795918367346939,
        0.04878048780487805,
        1.2145314720865603,
        0.8976005373352774,
        1.1422964360284107
    ],
    "2": [
        0.4444444444444444,
        0.9736842105263158,
        0.057692307692307696,
        0.7458059959998612,
        0.8967653668208868,
        1.0921731396767407
    ],
    "3": [
        0.5333333333333333,
        0.11363636363636363,
        0.9347826086956522,
        1.003354097537323,
        0.9715789456023118,
        1.0324221310424897
    ],
    "4": [
        0.37777777777777777,
        0.84375,
        0.1206896551724138,
        0.6368332982585146,
        0.8671511307639452,
        1.1172803093662986
    ],
    "5": [
        0.3333333333333333,
        0.26229508196721313,
        0.4827586206896552,
        1.0385478881418695,
        0.9201515999964976,
        1.0359036230261935
    ],
    "6": [
        0.6444444444444445,
        0.9830508474576272,
        0.0,
        1.729971393639728,
        0.8575783994845456,
        1.1305789178140042
    ],
    "7": [
        0.3333333333333333,
        0.8823529411764706,
        0.0,
        0.9396380741061993,
        0.8860396298987725,
        1.1545703884307477
    ],
    "8": [
        0.5444444444444444,
        0.0975609756097561,
        0.9183673469387755,
        1.0169393123521924,
        0.9666702151223526,
        1.027605965894657
    ],
    "9": [
        0.5333333333333333,
        0.8301886792452831,
        0.10810810810810811,
        1.5698670743034147,
        0.9302193023206287,
        1.1823974075935249
    ],
    "10": [
        0.4888888888888889,
        0.9565217391304348,
        0.0,
        1.2438852644324085,
        0.9135810102599939,
        1.1272836103363235
    ],
    "11": [
        0.4111111111111111,
        0.6607142857142857,
        0.0,
        0.9944375703193739,
        0.8966930841710028,
        1.050820615089816
    ]
}