{
    "0": [
        0.4777777777777778,
        1.0,
        0.0,
        1.0811403744503039,
        0.8428994816087272,
        1.2316190464924501
    ],
    "1": [
        0.5888888888888889,
        0.7346938775510204,
        0.4146341463414634,
        0.9843938386670567,
        0.8993958574636876,
        1.0897668882566307
    ],
    "2": [
        0.43333333333333335,
        0.9736842105263158,
        0.038461538461538464,
        0.8058332951802147,
        0.8967653668208868,
        1.0921731396767407
    ],
    "3": [
        0.5111111111111111,
        0.13636363636363635,
        0.8695652173913043,
        1.0207549950498482,
        0.9715789456023118,
        1.0324221310424897
    ],
    "4": [
        0.4222222222222222,
        0.875,
        0.1724137931034483,
        0.6305249160532179,
        0.8671511307639452,
        1.1172803093662986
    ],
    "5": [
        0.6555555555555556,
        0.8688524590163934,
        0.20689655172413793,
        1.3754879499746329,
        0.9201515999964976,
        1.1754155175665129
    ],
    "6": [
        0.5555555555555556,
        0.847457627118644,
        0.0,
        1.2832188743825872,
        0.8575783994845456,
        1.1270765377324055
    ],
    "7": [
        0.4111111111111111,
        1.0,
        0.05357142857142857,
        0.9185986789011359,
        0.8860396298987725,
        1.1545703884307477
    ],
    "8": [
        0.5666666666666667,
        0.07317073170731707,
        0.9795918367346939,
        1.0243860052399325,
        0.9903780108495673,
        1.0193894268140908
    ],
    "9": [
        0.6111111111111112,
        0.9433962264150944,
        0.13513513513513514,
        1.2515125404445484,
        0.9102666786883837,
        1.1823974075935249
    ],
    "10": [
        0.5111111111111111,
        1.0,
        0.0,
        1.2414969434854326,
        0.9135810102599939,
        1.1272836103363235
    ],
    "11": [
        0.5888888888888889,
        0.9464285714285714,
        0.0,
        1.130197697803416,
        0.8966930841710028,
        1.0761464979382598
    ]
}