{
    "0": [
        0.5,
        0.8837209302325582,
        0.14893617021276595,
        0.9463457927120112,
        0.8428994816087272,
        1.2316190464924501
    ],
    "1": [
        0.5555555555555556,
        1.0,
        0.024390243902439025,
        1.139501485687856,
        0.8976005373352774,
        1.1422964360284107
    ],
    "2": [
        0.43333333333333335,
        0.9736842105263158,
        0.038461538461538464,
        0.7817543574440599,
        0.8967653668208868,
        1.0921731396767407
    ],
    "3": [
        0.5,
        0.0,
        0.9782608695652174,
        0.9715789456023118,
        0.9715789456023118,
        1
    ],
    "4": [
        0.3888888888888889,
        0.96875,
        0.06896551724137931,
        0.6287567509644915,
        0.8671511307639452,
        1.1172803093662986
    ],
    "5": [
        0.6555555555555556,
        0.8688524590163934,
        0.20689655172413793,
        1.4058338635319019,
        0.9201515999964976,
        1.1754155175665129
    ],
    "6": [
        0.6333333333333333,
        0.9661016949152542,
        0.0,
        1.742227490812075,
        0.8575783994845456,
        1.1305789178140042
    ],
    "7": [
        0.4,
        0.8529411764705882,
        0.125,
        1.0656179490517461,
        0.8860396298987725,
        1.1545703884307477
    ],
    "8": [
        0.5666666666666667,
        0.4634146341463415,
        0.6530612244897959,
        0.9730894852084367,
        0.9539722791134384,
        1.0996684803621701
    ],
    "9": [
        0.5222222222222223,
        0.4716981132075472,
        0.5945945945945946,
        0.8697713671764818,
        0.614238250602748,
        1.1823974075935249
    ],
    "10": [
        0.4777777777777778,
        0.9347826086956522,
        0.0,
        1.2160549544550674,
        0.9135810102599939,
        1.1272836103363235
    ],
    "11": [
        0.5666666666666667,
        0.6785714285714286,
        0.38235294117647056,
        1.1081183590897785,
        0.8966930841710028,
        1.0761464979382598
    ]
}