{
    "0": [
        0.4888888888888889,
        1.0,
        0.02127659574468085,
        1.1201505148143407,
        0.8428994816087272,
        1.2316190464924501
    ],
    "1": [
        0.5555555555555556,
        1.0,
        0.024390243902439025,
        1.139501485687856,
        0.8976005373352774,
        1.1422964360284107
    ],
    "2": [
        0.4111111111111111,
        0.9736842105263158,
        0.0,
        0.7575948240872213,
        0.8967653668208868,
        1.0921731396767407
    ],
    "3": [
        0.5111111111111111,
        0.06818181818181818,
        0.9347826086956522,
        1.035666329009578,
        0.9715789456023118,
        1.0324221310424897
    ],
    "4": [
        0.35555555555555557,
        0.9375,
        0.034482758620689655,
        0.5523612231742576,
        0.8671511307639452,
        1.1172803093662986
    ],
    "5": [
        0.7111111111111111,
        0.819672131147541,
        0.4827586206896552,
        1.3829742055741603,
        0.9201515999964976,
        1.1754155175665129
    ],
    "6": [
        0.5222222222222223,
        0.7966101694915254,
        0.0,
        1.2708058970766438,
        0.8575783994845456,
        1.1270765377324055
    ],
    "7": [
        0.4,
        0.8529411764705882,
        0.125,
        1.0301645200620244,
        0.8860396298987725,
        1.1545703884307477
    ],
    "8": [
        0.5555555555555556,
        0.0975609756097561,
        0.9387755102040817,
        1.0431562738392943,
        0.9749806590771442,
        1.0437919307734291
    ],
    "9": [
        0.5777777777777777,
        0.9811320754716981,
        0.0,
        0.8243842761453034,
        0.614238250602748,
        1.1823974075935249
    ],
    "10": [
        0.5,
        0.9782608695652174,
        0.0,
        1.262125059999063,
        0.9135810102599939,
        1.1272836103363235
    ],
    "11": [
        0.34444444444444444,
        0.5535714285714286,
        0.0,
        0.9192902582461541,
        0.8966930841710028,
        1.050820615089816
    ]
}