{
    "0": [
        0.5444444444444444,
        0.9767441860465116,
        0.14893617021276595,
        1.098091968784843,
        0.8428994816087272,
        1.2316190464924501
    ],
    "1": [
        0.4666666666666667,
        0.5714285714285714,
        0.34146341463414637,
        0.9716103135852021,
        0.8993958574636876,
        1.1003261754082725
    ],
    "2": [
        0.4222222222222222,
        1.0,
        0.0,
        0.7636991557977252,
        0.8967653668208868,
        1.0921731396767407
    ],
    "3": [
        0.5444444444444444,
        0.18181818181818182,
        0.8913043478260869,
        0.9473635577596785,
        0.9641825459408555,
        1.0324221310424897
    ],
    "4": [
        0.32222222222222224,
        0.59375,
        0.1724137931034483,
        0.6436125858078543,
        0.8671511307639452,
        1.1172803093662986
    ],
    "5": [
        0.6555555555555556,
        0.8524590163934426,
        0.2413793103448276,
        1.3932023984169988,
        0.9201515999964976,
        1.1754155175665129
    ],
    "6": [
        0.35555555555555557,
        0.03389830508474576,
        0.967741935483871,
        1.0430537529111985,
        0.9933206382575286,
        1.0500675338236314
    ],
    "7": [
        0.4,
        1.0,
        0.03571428571428571,
        0.9217014102084511,
        0.8860396298987725,
        1.1545703884307477
    ],
    "8": [
        0.5333333333333333,
        0.4634146341463415,
        0.5918367346938775,
        1.0892641169482629,
        0.9539722791134384,
        1.0996684803621701
    ],
    "9": [
        0.5888888888888889,
        0.8490566037735849,
        0.21621621621621623,
        1.3065640363494895,
        0.9302193023206287,
        1.1823974075935249
    ],
    "10": [
        0.4666666666666667,
        0.782608695652174,
        0.13636363636363635,
        1.1353923669510906,
        0.9372473116814342,
        1.1272836103363235
    ],
    "11": [
        0.5666666666666667,
        0.9107142857142857,
        0.0,
        1.1481498055173638,
        0.8966930841710028,
        1.0761464979382598
    ]
}