{
    "0": [
        0.5333333333333333,
        0.9767441860465116,
        0.1276595744680851,
        1.1220692675028223,
        0.8428994816087272,
        1.2316190464924501
    ],
    "1": [
        0.5555555555555556,
        1.0,
        0.024390243902439025,
        1.139501485687856,
        0.8976005373352774,
        1.1422964360284107
    ],
    "2": [
        0.4111111111111111,
        0.9736842105263158,
        0.0,
        0.7575948240872213,
        0.8967653668208868,
        1.0921731396767407
    ],
    "3": [
        0.5333333333333333,
        0.1590909090909091,
        0.8913043478260869,
        0.9695617722209392,
        0.9641825459408555,
        1.0324221310424897
    ],
    "4": [
        0.3888888888888889,
        0.8125,
        0.15517241379310345,
        0.6263638099347838,
        0.8671511307639452,
        1.1172803093662986
    ],
    "5": [
        0.6555555555555556,
        0.8524590163934426,
        0.2413793103448276,
        1.3932023984169988,
        0.9201515999964976,
        1.1754155175665129
    ],
    "6": [
        0.6444444444444445,
        0.9830508474576272,
        0.0,
        1.729971393639728,
        0.8575783994845456,
        1.1305789178140042
    ],
    "7": [
        0.37777777777777777,
        1.0,
        0.0,
        0.9067176888350073,
        0.8860396298987725,
        1.1545703884307477
    ],
    "8": [
        0.5,
        0.4878048780487805,
        0.5102040816326531,
        1.0847025106857444,
        0.9539722791134384,
        1.0996684803621701
    ],
    "9": [
        0.5,
        0.1509433962264151,
        1.0,
        1.030895574443008,
        0.9749452432060726,
        1.025603546455665
    ],
    "10": [
        0.5111111111111111,
        1.0,
        0.0,
        1.2414969434854326,
        0.9135810102599939,
        1.1272836103363235
    ],
    "11": [
        0.35555555555555557,
        0.48214285714285715,
        0.14705882352941177,
        0.976101766535275,
        0.8966930841710028,
        1.050820615089816
    ]
}