{
    "0": [
        0.5444444444444444,
        0.9767441860465116,
        0.14893617021276595,
        1.189906175623591,
        0.8428994816087272,
        1.2316190464924501
    ],
    "1": [
        0.5555555555555556,
        1.0,
        0.024390243902439025,
        1.139501485687856,
        0.8976005373352774,
        1.1422964360284107
    ],
    "2": [
        0.43333333333333335,
        0.9736842105263158,
        0.038461538461538464,
        0.8610385768841493,
        0.8967653668208868,
        1.0921731396767407
    ],
    "3": [
        0.5,
        0.09090909090909091,
        0.8913043478260869,
        1.0329388932644665,
        0.9715789456023118,
        1.0324221310424897
    ],
    "4": [
        0.4222222222222222,
        0.78125,
        0.22413793103448276,
        0.686320166912525,
        0.8671511307639452,
        1.1172803093662986
    ],
    "5": [
        0.37777777777777777,
        0.39344262295081966,
        0.3448275862068966,
        1.044243909959194,
        0.9201515999964976,
        1.0359036230261935
    ],
    "6": [
        0.3333333333333333,
        0.05084745762711865,
        0.8709677419354839,
        1.0174488715914303,
        0.9796207651587744,
        1.0224452921798917
    ],
    "7": [
        0.3888888888888889,
        0.6764705882352942,
        0.21428571428571427,
        0.9931881273135461,
        0.8860396298987725,
        1.1545703884307477
    ],
    "8": [
        0.5555555555555556,
        0.21951219512195122,
        0.8367346938775511,
        1.0891151299598059,
        0.9749806590771442,
        1.0437919307734291
    ],
    "9": [
        0.26666666666666666,
        0.1320754716981132,
        0.4594594594594595,
        1.025821631039666,
        0.9441287787096084,
        1.0695539808017047
    ],
    "10": [
        0.4777777777777778,
        0.9347826086956522,
        0.0,
        1.243954895278639,
        0.9135810102599939,
        1.1272836103363235
    ],
    "11": [
        0.6222222222222222,
        1.0,
        0.0,
        1.305064788244068,
        0.8966930841710028,
        1.112765044031118
    ]
}