{
    "0": [
        0.5555555555555556,
        0.9534883720930233,
        0.19148936170212766,
        1.255016638547361,
        0.8428994816087272,
        1.2316190464924501
    ],
    "1": [
        0.5444444444444444,
        0.9591836734693877,
        0.04878048780487805,
        0.9700607308698661,
        0.8976005373352774,
        1.1422964360284107
    ],
    "2": [
        0.4,
        0.9210526315789473,
        0.019230769230769232,
        0.7629007802594924,
        0.8967653668208868,
        1.0921731396767407
    ],
    "3": [
        0.5,
        0.0,
        0.9782608695652174,
        0.9715789456023118,
        0.9715789456023118,
        1
    ],
    "4": [
        0.34444444444444444,
        0.84375,
        0.06896551724137931,
        0.6129676083090105,
        0.8671511307639452,
        1.1172803093662986
    ],
    "5": [
        0.3111111111111111,
        0.11475409836065574,
        0.7241379310344828,
        0.982014194072246,
        0.9201515999964976,
        1.0359036230261935
    ],
    "6": [
        0.6444444444444445,
        0.9830508474576272,
        0.0,
        1.729971393639728,
        0.8575783994845456,
        1.1305789178140042
    ],
    "7": [
        0.4111111111111111,
        0.7058823529411765,
        0.23214285714285715,
        0.9452028963774441,
        0.8860396298987725,
        1.1545703884307477
    ],
    "8": [
        0.5666666666666667,
        0.0975609756097561,
        0.9591836734693877,
        1.1286666515946702,
        0.9994079858813998,
        1.0518116263863733
    ],
    "9": [
        0.5333333333333333,
        0.3584905660377358,
        0.7837837837837838,
        1.3339178198399249,
        0.9302193023206287,
        1.1823974075935249
    ],
    "10": [
        0.4777777777777778,
        0.9347826086956522,
        0.0,
        1.249558341538005,
        0.9135810102599939,
        1.1272836103363235
    ],
    "11": [
        0.6,
        0.9642857142857143,
        0.0,
        1.1528924269257175,
        0.8966930841710028,
        1.0761464979382598
    ]
}