{
    "0": [
        0.5111111111111111,
        0.9534883720930233,
        0.10638297872340426,
        1.324684767974197,
        0.8428994816087272,
        1.2316190464924501
    ],
    "1": [
        0.5111111111111111,
        0.5714285714285714,
        0.43902439024390244,
        1.1882665183213603,
        0.8993958574636876,
        1.0897668882566307
    ],
    "2": [
        0.4666666666666667,
        1.0,
        0.07692307692307693,
        0.8180925541047064,
        0.8967653668208868,
        1.0921731396767407
    ],
    "3": [
        0.5777777777777777,
        0.2727272727272727,
        0.8695652173913043,
        0.9754075472562512,
        0.9641825459408555,
        1.0404580926767923
    ],
    "4": [
        0.4,
        0.9375,
        0.10344827586206896,
        0.5800115081193781,
        0.8671511307639452,
        1.1172803093662986
    ],
    "5": [
        0.6444444444444445,
        0.8524590163934426,
        0.20689655172413793,
        1.394790119936859,
        0.9201515999964976,
        1.1754155175665129
    ],
    "6": [
        0.6777777777777778,
        0.9491525423728814,
        0.16129032258064516,
        1.653721025197459,
        0.8575783994845456,
        1.1305789178140042
    ],
    "7": [
        0.4111111111111111,
        0.7941176470588235,
        0.17857142857142858,
        1.0492745876294116,
        0.8860396298987725,
        1.1545703884307477
    ],
    "8": [
        0.5777777777777777,
        0.0975609756097561,
        0.9795918367346939,
        1.017189028967755,
        0.9903780108495673,
        1.0193894268140908
    ],
    "9": [
        0.4111111111111111,
        0.32075471698113206,
        0.5405405405405406,
        0.9437266670795927,
        0.9441287787096084,
        1.0475966430219024
    ],
    "10": [
        0.4777777777777778,
        0.9347826086956522,
        0.0,
        1.2160549544550674,
        0.9135810102599939,
        1.1272836103363235
    ],
    "11": [
        0.6111111111111112,
        0.9821428571428571,
        0.0,
        1.1728125314903153,
        0.8966930841710028,
        1.0761464979382598
    ]
}