{
    "0": [
        0.6222222222222222,
        0.9534883720930233,
        0.3191489361702128,
        0.9929655288248698,
        0.8428994816087272,
        1.2316190464924501
    ],
    "1": [
        0.5555555555555556,
        1.0,
        0.024390243902439025,
        1.139501485687856,
        0.8976005373352774,
        1.1422964360284107
    ],
    "2": [
        0.4111111111111111,
        0.9736842105263158,
        0.0,
        0.7575948240872213,
        0.8967653668208868,
        1.0921731396767407
    ],
    "3": [
        0.4777777777777778,
        0.11363636363636363,
        0.8260869565217391,
        1.0854636007626166,
        0.9715789456023118,
        1.0404580926767923
    ],
    "4": [
        0.35555555555555557,
        0.8125,
        0.10344827586206896,
        0.625795156764614,
        0.8671511307639452,
        1.1172803093662986
    ],
    "5": [
        0.6555555555555556,
        0.8524590163934426,
        0.2413793103448276,
        1.3932023984169988,
        0.9201515999964976,
        1.1754155175665129
    ],
    "6": [
        0.6444444444444445,
        0.9830508474576272,
        0.0,
        1.729971393639728,
        0.8575783994845456,
        1.1305789178140042
    ],
    "7": [
        0.4111111111111111,
        1.0,
        0.05357142857142857,
        0.9185986789011359,
        0.8860396298987725,
        1.1545703884307477
    ],
    "8": [
        0.5888888888888889,
        0.21951219512195122,
        0.8979591836734694,
        0.9435635279743311,
        0.9749806590771442,
        1.02583535941385
    ],
    "9": [
        0.4111111111111111,
        0.6037735849056604,
        0.13513513513513514,
        0.9212972527718,
        0.9102666786883837,
        1.1823974075935249
    ],
    "10": [
        0.5111111111111111,
        1.0,
        0.0,
        1.2414969434854326,
        0.9135810102599939,
        1.1272836103363235
    ],
    "11": [
        0.4777777777777778,
        0.7678571428571429,
        0.0,
        0.9818466852362219,
        0.8966930841710028,
        1.050820615089816
    ]
}