{
    "0": [
        0.5333333333333333,
        0.7916666666666666,
        0.23809523809523808,
        1.5821365600113668,
        0.8447552001712682,
        1.2316190464924501
    ],
    "1": [
        0.5888888888888889,
        0.8541666666666666,
        0.2857142857142857,
        1.3644112796303274,
        0.8976005373352774,
        1.1422964360284107
    ],
    "2": [
        0.4888888888888889,
        0.3404255319148936,
        0.6511627906976745,
        1.0369219871971382,
        0.9380556815520376,
        1.0921731396767407
    ],
    "3": [
        0.4888888888888889,
        0.9555555555555556,
        0.022222222222222223,
        0.8978759867401062,
        0.9261302404034122,
        1.0415837032379744
    ],
    "4": [
        0.5111111111111111,
        0.9285714285714286,
        0.14583333333333334,
        0.5975108427800145,
        0.8671511307639452,
        1.1172803093662986
    ],
    "5": [
        0.6222222222222222,
        0.9649122807017544,
        0.030303030303030304,
        1.4408189613660098,
        0.9201515999964976,
        1.1754155175665129
    ],
    "6": [
        0.5777777777777777,
        0.9230769230769231,
        0.10526315789473684,
        1.7027566291195282,
        0.8575783994845456,
        1.1305789178140042
    ],
    "7": [
        0.5222222222222223,
        0.15,
        0.82,
        0.9581631601714099,
        0.9571006275599473,
        1.0322310900595004
    ],
    "8": [
        0.5444444444444444,
        0.8292682926829268,
        0.30612244897959184,
        1.1008870883772472,
        0.951386072544974,
        1.0996684803621701
    ],
    "9": [
        0.5111111111111111,
        0.2,
        0.76,
        1.007188251241352,
        0.9399775357549068,
        1.0695539808017047
    ],
    "10": [
        0.5222222222222223,
        0.9787234042553191,
        0.023255813953488372,
        1.2361587601730133,
        0.9135810102599939,
        1.1272836103363235
    ],
    "11": [
        0.5,
        0.5636363636363636,
        0.4,
        1.055227679048552,
        0.8966930841710028,
        1.0761464979382598
    ]
}