{
    "0": [
        0.5333333333333333,
        1.0,
        0.0,
        1.0811403744503039,
        0.8428994816087272,
        1.2316190464924501
    ],
    "1": [
        0.4777777777777778,
        0.25,
        0.7380952380952381,
        1.3048316450585464,
        0.8993958574636876,
        1.0897668882566307
    ],
    "2": [
        0.45555555555555555,
        0.14893617021276595,
        0.7906976744186046,
        0.9504246897256785,
        0.9572132038428559,
        1.0397412411420657
    ],
    "3": [
        0.3888888888888889,
        0.6222222222222222,
        0.15555555555555556,
        0.8310020969958081,
        0.9261302404034122,
        1.0415837032379744
    ],
    "4": [
        0.45555555555555555,
        0.4523809523809524,
        0.4583333333333333,
        0.7629642005922662,
        0.9001306779661119,
        1.0729698336752207
    ],
    "5": [
        0.5222222222222223,
        0.6842105263157895,
        0.24242424242424243,
        1.474124814074283,
        0.9201515999964976,
        1.1754155175665129
    ],
    "6": [
        0.5777777777777777,
        1.0,
        0.0,
        1.7484607719202154,
        0.8575783994845456,
        1.1305789178140042
    ],
    "7": [
        0.4444444444444444,
        0.5,
        0.4,
        0.681560175591303,
        0.8860396298987725,
        1.0761582023758802
    ],
    "8": [
        0.4888888888888889,
        0.5365853658536586,
        0.4489795918367347,
        0.9383796587513183,
        0.951386072544974,
        1.0833847541861696
    ],
    "9": [
        0.5111111111111111,
        0.65,
        0.4,
        1.3396623571482762,
        0.9441287787096084,
        1.1823974075935249
    ],
    "10": [
        0.5222222222222223,
        1.0,
        0.0,
        1.2414969434854326,
        0.9135810102599939,
        1.1272836103363235
    ],
    "11": [
        0.5,
        0.7090909090909091,
        0.17142857142857143,
        1.1751098483082498,
        0.8966930841710028,
        1.112765044031118
    ]
}