{
    "0": [
        0.5666666666666667,
        0.6875,
        0.42857142857142855,
        0.9298494779692326,
        0.8428994816087272,
        1.1193362550136103
    ],
    "1": [
        0.5444444444444444,
        0.75,
        0.30952380952380953,
        1.3448597094712824,
        0.8976005373352774,
        1.1422964360284107
    ],
    "2": [
        0.5555555555555556,
        0.8297872340425532,
        0.2558139534883721,
        0.8841848127616455,
        0.8967653668208868,
        1.085465458606541
    ],
    "3": [
        0.4444444444444444,
        0.8222222222222222,
        0.06666666666666667,
        0.9321001418771727,
        0.9261302404034122,
        1.0497484108008053
    ],
    "4": [
        0.5555555555555556,
        0.047619047619047616,
        1.0,
        1.0124134395327102,
        1,
        1.0080511027031755
    ],
    "5": [
        0.6333333333333333,
        0.9298245614035088,
        0.12121212121212122,
        1.4465435399834856,
        0.9201515999964976,
        1.1754155175665129
    ],
    "6": [
        0.5777777777777777,
        0.9423076923076923,
        0.07894736842105263,
        1.7115151518956748,
        0.8575783994845456,
        1.1305789178140042
    ],
    "7": [
        0.5666666666666667,
        0.2,
        0.86,
        1.1080487161866017,
        0.9419149156328538,
        1.0603394410351554
    ],
    "8": [
        0.5111111111111111,
        0.6097560975609756,
        0.42857142857142855,
        1.009891599937854,
        0.951386072544974,
        1.0833847541861696
    ],
    "9": [
        0.5888888888888889,
        0.25,
        0.86,
        1.0874257686103745,
        0.9570618728694352,
        1.0695539808017047
    ],
    "10": [
        0.4,
        0.3404255319148936,
        0.46511627906976744,
        1.0204531990527987,
        0.9667946645033947,
        1.0374015309655582
    ],
    "11": [
        0.4,
        0.01818181818181818,
        1.0,
        0.9897010365783592,
        0.9897010365783592,
        1
    ]
}