{
    "0": [
        0.4888888888888889,
        0.3541666666666667,
        0.6428571428571429,
        0.5665956168499706,
        0.8428994816087272,
        1.1193362550136103
    ],
    "1": [
        0.5444444444444444,
        0.7916666666666666,
        0.2619047619047619,
        1.6649170695913993,
        0.8976005373352774,
        1.1422964360284107
    ],
    "2": [
        0.4777777777777778,
        0.1702127659574468,
        0.813953488372093,
        1.0664637809331001,
        0.9673486771739811,
        1.0921731396767407
    ],
    "3": [
        0.5333333333333333,
        0.8222222222222222,
        0.24444444444444444,
        1.0267534231859692,
        0.9261302404034122,
        1.0497484108008053
    ],
    "4": [
        0.5,
        0.8571428571428571,
        0.1875,
        0.6770630052834219,
        0.8935441597545427,
        1.1172803093662986
    ],
    "5": [
        0.6333333333333333,
        1.0,
        0.0,
        1.560999435928594,
        0.9201515999964976,
        1.1754155175665129
    ],
    "6": [
        0.5666666666666667,
        0.9423076923076923,
        0.05263157894736842,
        1.6395854293038263,
        0.8575783994845456,
        1.1305789178140042
    ],
    "7": [
        0.4666666666666667,
        0.5,
        0.44,
        0.8785334315644707,
        0.8860396298987725,
        1.1545703884307477
    ],
    "8": [
        0.5111111111111111,
        0.4146341463414634,
        0.5918367346938775,
        1.0626831244052901,
        0.951386072544974,
        1.0833847541861696
    ],
    "9": [
        0.5,
        0.275,
        0.68,
        1.0348714355706279,
        0.9399775357549068,
        1.0695539808017047
    ],
    "10": [
        0.5111111111111111,
        0.9574468085106383,
        0.023255813953488372,
        1.2415023868512647,
        0.9135810102599939,
        1.1272836103363235
    ],
    "11": [
        0.5555555555555556,
        0.6545454545454545,
        0.4,
        1.1979921668321132,
        0.8966930841710028,
        1.112765044031118
    ]
}