{
    "0": [
        0.5222222222222223,
        0.5208333333333334,
        0.5238095238095238,
        0.6474053264698743,
        0.8428994816087272,
        1.1193362550136103
    ],
    "1": [
        0.45555555555555555,
        0.14583333333333334,
        0.8095238095238095,
        1.0334256089851803,
        0.8993958574636876,
        1.0854244543378067
    ],
    "2": [
        0.5333333333333333,
        1.0,
        0.023255813953488372,
        0.7575948240872213,
        0.8967653668208868,
        1.0921731396767407
    ],
    "3": [
        0.4777777777777778,
        0.7555555555555555,
        0.2,
        0.9562268777993665,
        0.9261302404034122,
        1.0415837032379744
    ],
    "4": [
        0.5777777777777777,
        0.5,
        0.6458333333333334,
        0.9587938391583846,
        0.8935441597545427,
        1.1172803093662986
    ],
    "5": [
        0.5222222222222223,
        0.631578947368421,
        0.3333333333333333,
        1.3514669510711852,
        0.9201515999964976,
        1.1754155175665129
    ],
    "6": [
        0.5888888888888889,
        0.9807692307692307,
        0.05263157894736842,
        1.8158268041005494,
        0.8575783994845456,
        1.1305789178140042
    ],
    "7": [
        0.45555555555555555,
        0.975,
        0.04,
        0.9229030077202609,
        0.8860396298987725,
        1.1545703884307477
    ],
    "8": [
        0.43333333333333335,
        0.9024390243902439,
        0.04081632653061224,
        0.9509916511957295,
        0.951386072544974,
        1.0996684803621701
    ],
    "9": [
        0.4444444444444444,
        0.85,
        0.12,
        0.7311944832812184,
        0.614238250602748,
        1.1823974075935249
    ],
    "10": [
        0.5444444444444444,
        0.9148936170212766,
        0.13953488372093023,
        1.2398600249919816,
        0.9135810102599939,
        1.1272836103363235
    ],
    "11": [
        0.4444444444444444,
        0.5272727272727272,
        0.3142857142857143,
        0.8742199405030825,
        0.8966930841710028,
        1.0298427175552842
    ]
}