{
    "0": [
        0.4777777777777778,
        0.3541666666666667,
        0.6190476190476191,
        0.5257712649572235,
        0.8428994816087272,
        1.1193362550136103
    ],
    "1": [
        0.5111111111111111,
        0.125,
        0.9523809523809523,
        1.1145181016975596,
        0.9456391960005189,
        1.0854244543378067
    ],
    "2": [
        0.5777777777777777,
        1.0,
        0.11627906976744186,
        0.8177475811472822,
        0.8967653668208868,
        1.0921731396767407
    ],
    "3": [
        0.4888888888888889,
        0.8666666666666667,
        0.1111111111111111,
        0.9211817413651955,
        0.9261302404034122,
        1.0415837032379744
    ],
    "4": [
        0.5,
        0.16666666666666666,
        0.7916666666666666,
        0.7772696306435437,
        0.9001306779661119,
        1.043367863993261
    ],
    "5": [
        0.6333333333333333,
        1.0,
        0.0,
        1.560999435928594,
        0.9201515999964976,
        1.1754155175665129
    ],
    "6": [
        0.6,
        0.6538461538461539,
        0.5263157894736842,
        1.7000220768453715,
        0.8575783994845456,
        1.1305789178140042
    ],
    "7": [
        0.45555555555555555,
        0.4,
        0.5,
        0.9102924088343881,
        0.9213085471592081,
        1.0551183010109986
    ],
    "8": [
        0.4444444444444444,
        0.8536585365853658,
        0.10204081632653061,
        0.9110866814249684,
        0.951386072544974,
        1.0996684803621701
    ],
    "9": [
        0.5111111111111111,
        0.925,
        0.18,
        1.3508584673239377,
        0.9102666786883837,
        1.1823974075935249
    ],
    "10": [
        0.5222222222222223,
        0.7872340425531915,
        0.23255813953488372,
        1.1616451045795773,
        0.9135810102599939,
        1.1272836103363235
    ],
    "11": [
        0.6222222222222222,
        0.9818181818181818,
        0.05714285714285714,
        1.3059874941809182,
        0.8966930841710028,
        1.112765044031118
    ]
}