{
    "0": [
        0.6333333333333333,
        0.6875,
        0.5714285714285714,
        1.740528905474781,
        0.8447552001712682,
        1.2316190464924501
    ],
    "1": [
        0.4888888888888889,
        0.4166666666666667,
        0.5714285714285714,
        1.3563526743769827,
        0.8993958574636876,
        1.1003261754082725
    ],
    "2": [
        0.5555555555555556,
        0.7872340425531915,
        0.3023255813953488,
        0.8712293986532345,
        0.8967653668208868,
        1.085465458606541
    ],
    "3": [
        0.4777777777777778,
        0.7333333333333333,
        0.2222222222222222,
        0.9675475515037807,
        0.9261302404034122,
        1.0497484108008053
    ],
    "4": [
        0.4777777777777778,
        0.42857142857142855,
        0.5208333333333334,
        0.6806239777501458,
        0.8671511307639452,
        1.0729698336752207
    ],
    "5": [
        0.6333333333333333,
        1.0,
        0.0,
        1.560999435928594,
        0.9201515999964976,
        1.1754155175665129
    ],
    "6": [
        0.5777777777777777,
        1.0,
        0.0,
        1.7484607719202154,
        0.8575783994845456,
        1.1305789178140042
    ],
    "7": [
        0.4777777777777778,
        0.65,
        0.34,
        1.092712927704791,
        0.9289094236928562,
        1.1545703884307477
    ],
    "8": [
        0.5222222222222223,
        0.4146341463414634,
        0.6122448979591837,
        0.9616384370222303,
        0.951386072544974,
        1.0833847541861696
    ],
    "9": [
        0.5444444444444444,
        0.35,
        0.7,
        1.0755933008971599,
        0.949539875437737,
        1.0475966430219024
    ],
    "10": [
        0.5,
        0.9574468085106383,
        0.0,
        1.0995423214415505,
        0.9135810102599939,
        1.078811281340542
    ],
    "11": [
        0.37777777777777777,
        0.03636363636363636,
        0.9142857142857143,
        1.0249560002729712,
        0.9887971411314296,
        1.0150333013998263
    ]
}