{
    "0": [
        0.5333333333333333,
        0.7916666666666666,
        0.23809523809523808,
        1.5821365600113668,
        0.8447552001712682,
        1.2316190464924501
    ],
    "1": [
        0.4777777777777778,
        0.4583333333333333,
        0.5,
        1.0371207872910049,
        0.9068769836662509,
        1.0897668882566307
    ],
    "2": [
        0.45555555555555555,
        0.2978723404255319,
        0.627906976744186,
        0.8292740492777485,
        0.9360634122815932,
        1.0921731396767407
    ],
    "3": [
        0.5111111111111111,
        1.0,
        0.022222222222222223,
        0.9418897965991269,
        0.9261302404034122,
        1.0497484108008053
    ],
    "4": [
        0.45555555555555555,
        0.9047619047619048,
        0.0625,
        0.5495576847870652,
        0.8671511307639452,
        1.1172803093662986
    ],
    "5": [
        0.6333333333333333,
        1.0,
        0.0,
        1.560999435928594,
        0.9201515999964976,
        1.1754155175665129
    ],
    "6": [
        0.5777777777777777,
        1.0,
        0.0,
        1.7484607719202154,
        0.8575783994845456,
        1.1305789178140042
    ],
    "7": [
        0.45555555555555555,
        0.85,
        0.14,
        1.045720023410916,
        0.8860396298987725,
        1.1545703884307477
    ],
    "8": [
        0.4777777777777778,
        0.6341463414634146,
        0.3469387755102041,
        0.9790304623786047,
        0.9517746306255636,
        1.0996684803621701
    ],
    "9": [
        0.5,
        0.45,
        0.54,
        0.9278435928779114,
        0.9399775357549068,
        1.0695539808017047
    ],
    "10": [
        0.5111111111111111,
        0.8936170212765957,
        0.09302325581395349,
        1.2306142296002278,
        0.9135810102599939,
        1.1272836103363235
    ],
    "11": [
        0.4,
        0.21818181818181817,
        0.6857142857142857,
        1.0382331139149426,
        0.9564820017436121,
        1.050820615089816
    ]
}