{
    "0": [
        0.5222222222222223,
        0.7916666666666666,
        0.21428571428571427,
        1.4890140417930533,
        0.8447552001712682,
        1.2316190464924501
    ],
    "1": [
        0.5666666666666667,
        0.8125,
        0.2857142857142857,
        1.544122180412599,
        0.8976005373352774,
        1.1422964360284107
    ],
    "2": [
        0.5333333333333333,
        0.7872340425531915,
        0.2558139534883721,
        0.8957370781740437,
        0.8967653668208868,
        1.085465458606541
    ],
    "3": [
        0.5111111111111111,
        0.7333333333333333,
        0.28888888888888886,
        1.09364854314521,
        0.9489630275408387,
        1.0497484108008053
    ],
    "4": [
        0.4666666666666667,
        0.9523809523809523,
        0.041666666666666664,
        0.5438336350032799,
        0.8671511307639452,
        1.1172803093662986
    ],
    "5": [
        0.6333333333333333,
        1.0,
        0.0,
        1.560999435928594,
        0.9201515999964976,
        1.1754155175665129
    ],
    "6": [
        0.6,
        1.0,
        0.05263157894736842,
        1.806493005819524,
        0.8575783994845456,
        1.1305789178140042
    ],
    "7": [
        0.4222222222222222,
        0.4,
        0.44,
        0.6923192494165592,
        0.8860396298987725,
        1.0761582023758802
    ],
    "8": [
        0.4666666666666667,
        1.0,
        0.02040816326530612,
        1.011955423337456,
        0.951386072544974,
        1.0996684803621701
    ],
    "9": [
        0.4666666666666667,
        0.975,
        0.06,
        0.7741774198882382,
        0.614238250602748,
        1.1823974075935249
    ],
    "10": [
        0.5444444444444444,
        1.0,
        0.046511627906976744,
        1.242493332731141,
        0.9135810102599939,
        1.1272836103363235
    ],
    "11": [
        0.4777777777777778,
        0.4727272727272727,
        0.4857142857142857,
        1.2444806062934506,
        0.9612588089652891,
        1.112765044031118
    ]
}