{
    "0": [
        0.5111111111111111,
        0.6666666666666666,
        0.3333333333333333,
        0.844447177616562,
        0.8428994816087272,
        1.1193362550136103
    ],
    "1": [
        0.4777777777777778,
        0.2708333333333333,
        0.7142857142857143,
        1.3692038524181966,
        0.9358864027538706,
        1.1003261754082725
    ],
    "2": [
        0.5888888888888889,
        0.5531914893617021,
        0.627906976744186,
        1.2069565388816932,
        0.9029473490481763,
        1.0921731396767407
    ],
    "3": [
        0.43333333333333335,
        0.5111111111111111,
        0.35555555555555557,
        0.8215648306820882,
        0.9261302404034122,
        1.0497484108008053
    ],
    "4": [
        0.5222222222222223,
        0.7857142857142857,
        0.2916666666666667,
        0.5074572465404368,
        0.8671511307639452,
        1.1172803093662986
    ],
    "5": [
        0.6333333333333333,
        1.0,
        0.0,
        1.560999435928594,
        0.9201515999964976,
        1.1754155175665129
    ],
    "6": [
        0.5777777777777777,
        0.9423076923076923,
        0.07894736842105263,
        1.7115151518956748,
        0.8575783994845456,
        1.1305789178140042
    ],
    "7": [
        0.45555555555555555,
        0.9,
        0.1,
        0.943096719754556,
        0.8860396298987725,
        1.1545703884307477
    ],
    "8": [
        0.45555555555555555,
        0.4634146341463415,
        0.4489795918367347,
        0.9694063903684615,
        0.9517746306255636,
        1.0996684803621701
    ],
    "9": [
        0.5444444444444444,
        0.55,
        0.54,
        0.8893350046336076,
        0.9399775357549068,
        1.0475966430219024
    ],
    "10": [
        0.5111111111111111,
        0.9574468085106383,
        0.023255813953488372,
        1.252035275030129,
        0.9135810102599939,
        1.1272836103363235
    ],
    "11": [
        0.5666666666666667,
        0.8,
        0.2,
        1.153713998127529,
        0.8966930841710028,
        1.112765044031118
    ]
}