{
    "0": [
        0.45555555555555555,
        0.25,
        0.6904761904761905,
        0.6256898649288989,
        0.8428994816087272,
        1.1193362550136103
    ],
    "1": [
        0.45555555555555555,
        0.4583333333333333,
        0.4523809523809524,
        1.1551120484172843,
        0.8993958574636876,
        1.1131882542126519
    ],
    "2": [
        0.5333333333333333,
        0.5957446808510638,
        0.46511627906976744,
        0.8487010504417086,
        0.8967653668208868,
        1.0537517108668841
    ],
    "3": [
        0.5111111111111111,
        1.0,
        0.022222222222222223,
        0.9035327538669935,
        0.9261302404034122,
        1.0497484108008053
    ],
    "4": [
        0.45555555555555555,
        0.5476190476190477,
        0.375,
        0.6290338812246776,
        0.8671511307639452,
        1.0729698336752207
    ],
    "5": [
        0.5666666666666667,
        0.8245614035087719,
        0.12121212121212122,
        1.4641449831094793,
        0.9510629311205345,
        1.1754155175665129
    ],
    "6": [
        0.5555555555555556,
        0.9615384615384616,
        0.0,
        1.6650936397904914,
        0.8575783994845456,
        1.1305789178140042
    ],
    "7": [
        0.4444444444444444,
        1.0,
        0.0,
        0.9067176888350073,
        0.8860396298987725,
        1.1545703884307477
    ],
    "8": [
        0.4666666666666667,
        1.0,
        0.02040816326530612,
        0.8930321437879152,
        0.951386072544974,
        1.0996684803621701
    ],
    "9": [
        0.5444444444444444,
        0.775,
        0.36,
        0.7597665247591805,
        0.614238250602748,
        1.1823974075935249
    ],
    "10": [
        0.5333333333333333,
        0.723404255319149,
        0.32558139534883723,
        1.174607825538893,
        0.9135810102599939,
        1.1272836103363235
    ],
    "11": [
        0.5333333333333333,
        0.45454545454545453,
        0.6571428571428571,
        1.1165505870329744,
        0.9398616925512996,
        1.048539817428495
    ]
}