{
    "0": [
        0.43333333333333335,
        0.3541666666666667,
        0.5238095238095238,
        0.652508800083575,
        0.8428994816087272,
        1.1193362550136103
    ],
    "1": [
        0.4666666666666667,
        0.041666666666666664,
        0.9523809523809523,
        1.0658854578264632,
        0.9374501258363532,
        1.0854244543378067
    ],
    "2": [
        0.4222222222222222,
        0.5531914893617021,
        0.27906976744186046,
        0.6027949929891507,
        0.8967653668208868,
        1.0537517108668841
    ],
    "3": [
        0.4888888888888889,
        0.9555555555555556,
        0.022222222222222223,
        0.9550965131832474,
        0.9261302404034122,
        1.0497484108008053
    ],
    "4": [
        0.5,
        0.35714285714285715,
        0.625,
        0.6429860485809323,
        0.8671511307639452,
        1.043367863993261
    ],
    "5": [
        0.6333333333333333,
        1.0,
        0.0,
        1.560999435928594,
        0.9201515999964976,
        1.1754155175665129
    ],
    "6": [
        0.4222222222222222,
        0.07692307692307693,
        0.8947368421052632,
        1.0268412655214973,
        0.957973072857591,
        1.0500675338236314
    ],
    "7": [
        0.45555555555555555,
        0.725,
        0.24,
        1.0341274224156187,
        0.9213085471592081,
        1.1545703884307477
    ],
    "8": [
        0.43333333333333335,
        0.7317073170731707,
        0.1836734693877551,
        0.7667546809743377,
        0.951386072544974,
        1.0996684803621701
    ],
    "9": [
        0.5222222222222223,
        0.9,
        0.22,
        0.7734967779070347,
        0.614238250602748,
        1.1823974075935249
    ],
    "10": [
        0.5222222222222223,
        0.3191489361702128,
        0.7441860465116279,
        1.01996193864452,
        0.9135810102599939,
        1.078811281340542
    ],
    "11": [
        0.6,
        0.6909090909090909,
        0.45714285714285713,
        1.374773915997287,
        0.9398616925512996,
        1.112765044031118
    ]
}