{
    "0": [
        0.4444444444444444,
        0.0625,
        0.8809523809523809,
        0.7523632192412558,
        0.8447552001712682,
        1.1088237689448541
    ],
    "1": [
        0.5111111111111111,
        0.3333333333333333,
        0.7142857142857143,
        1.0395628706718107,
        0.9068769836662509,
        1.0897668882566307
    ],
    "2": [
        0.5555555555555556,
        0.6595744680851063,
        0.4418604651162791,
        0.8956979339654969,
        0.8967653668208868,
        1.085465458606541
    ],
    "3": [
        0.45555555555555555,
        0.5555555555555556,
        0.35555555555555557,
        0.786750669043101,
        0.9261302404034122,
        1.0497484108008053
    ],
    "4": [
        0.5666666666666667,
        0.35714285714285715,
        0.75,
        0.9777382290998041,
        0.9379612616570732,
        1.1172803093662986
    ],
    "5": [
        0.4666666666666667,
        0.2807017543859649,
        0.7878787878787878,
        1.0245971582240219,
        0.9510629311205345,
        1.0338337391099
    ],
    "6": [
        0.5777777777777777,
        1.0,
        0.0,
        1.7484607719202154,
        0.8575783994845456,
        1.1305789178140042
    ],
    "7": [
        0.4777777777777778,
        0.825,
        0.2,
        0.9033778159253839,
        0.8860396298987725,
        1.1545703884307477
    ],
    "8": [
        0.5333333333333333,
        0.5121951219512195,
        0.5510204081632653,
        1.08448225963066,
        0.951386072544974,
        1.0833847541861696
    ],
    "9": [
        0.5222222222222223,
        0.775,
        0.32,
        1.368470413463495,
        0.9441287787096084,
        1.1823974075935249
    ],
    "10": [
        0.5,
        0.2553191489361702,
        0.7674418604651163,
        1.1250453736417396,
        0.9372473116814342,
        1.1272836103363235
    ],
    "11": [
        0.4777777777777778,
        0.4909090909090909,
        0.45714285714285713,
        1.0771950761559663,
        0.8966930841710028,
        1.112765044031118
    ]
}