{
    "0": [
        0.5444444444444444,
        0.9375,
        0.09523809523809523,
        1.3306235928617556,
        0.8428994816087272,
        1.2316190464924501
    ],
    "1": [
        0.4666666666666667,
        0.3958333333333333,
        0.5476190476190477,
        1.1002139644094198,
        0.9068769836662509,
        1.0897668882566307
    ],
    "2": [
        0.5111111111111111,
        0.5957446808510638,
        0.4186046511627907,
        1.0250540830797232,
        0.9360634122815932,
        1.0921731396767407
    ],
    "3": [
        0.5111111111111111,
        0.13333333333333333,
        0.8888888888888888,
        0.8245169980695644,
        0.9261302404034122,
        1.0404580926767923
    ],
    "4": [
        0.45555555555555555,
        0.5,
        0.4166666666666667,
        0.6857007820308407,
        0.8671511307639452,
        1.1172803093662986
    ],
    "5": [
        0.6333333333333333,
        1.0,
        0.0,
        1.560999435928594,
        0.9201515999964976,
        1.1754155175665129
    ],
    "6": [
        0.43333333333333335,
        0.057692307692307696,
        0.9473684210526315,
        1.051759300050271,
        0.9575004920265803,
        1.0999418441903264
    ],
    "7": [
        0.4222222222222222,
        0.9,
        0.04,
        0.9222346737825725,
        0.8860396298987725,
        1.1545703884307477
    ],
    "8": [
        0.5333333333333333,
        0.6341463414634146,
        0.4489795918367347,
        1.080543647272455,
        0.951386072544974,
        1.0996684803621701
    ],
    "9": [
        0.5444444444444444,
        0.55,
        0.54,
        0.9509343617869903,
        0.9441287787096084,
        1.0475966430219024
    ],
    "10": [
        0.5222222222222223,
        0.19148936170212766,
        0.8837209302325582,
        1.0460643066985473,
        0.9886485813851645,
        1.0214558601298704
    ],
    "11": [
        0.5444444444444444,
        0.6909090909090909,
        0.3142857142857143,
        1.166341598273274,
        0.8966930841710028,
        1.112765044031118
    ]
}