{
    "0": [
        0.4444444444444444,
        0.375,
        0.5238095238095238,
        0.5825778198992044,
        0.8428994816087272,
        1.1193362550136103
    ],
    "1": [
        0.5222222222222223,
        0.625,
        0.40476190476190477,
        1.3991664014192384,
        0.8993958574636876,
        1.1131882542126519
    ],
    "2": [
        0.5111111111111111,
        0.3191489361702128,
        0.7209302325581395,
        1.0679213384326176,
        0.9360634122815932,
        1.0921731396767407
    ],
    "3": [
        0.4666666666666667,
        0.8222222222222222,
        0.1111111111111111,
        0.8625655186934643,
        0.9261302404034122,
        1.0497484108008053
    ],
    "4": [
        0.4444444444444444,
        0.9285714285714286,
        0.020833333333333332,
        0.5139142986342345,
        0.8671511307639452,
        1.1026824909934292
    ],
    "5": [
        0.4666666666666667,
        0.5964912280701754,
        0.24242424242424243,
        1.4184646052895202,
        0.9510629311205345,
        1.1754155175665129
    ],
    "6": [
        0.6222222222222222,
        0.5384615384615384,
        0.7368421052631579,
        2.0756666721755037,
        0.8575783994845456,
        1.1305789178140042
    ],
    "7": [
        0.5666666666666667,
        0.325,
        0.76,
        0.9839214869562377,
        0.9213085471592081,
        1.0761582023758802
    ],
    "8": [
        0.5222222222222223,
        0.6829268292682927,
        0.3877551020408163,
        1.219167485274814,
        0.9539722791134384,
        1.0996684803621701
    ],
    "9": [
        0.4666666666666667,
        1.0,
        0.04,
        0.9236428957884671,
        0.614238250602748,
        1.1823974075935249
    ],
    "10": [
        0.4777777777777778,
        0.8936170212765957,
        0.023255813953488372,
        1.0875455572099582,
        0.9135810102599939,
        1.078811281340542
    ],
    "11": [
        0.4888888888888889,
        0.6181818181818182,
        0.2857142857142857,
        1.0248156349152187,
        0.8966930841710028,
        1.112765044031118
    ]
}