{
    "0": [
        0.5333333333333333,
        1.0,
        0.0,
        1.0811403744503039,
        0.8428994816087272,
        1.2316190464924501
    ],
    "1": [
        0.5111111111111111,
        0.9375,
        0.023809523809523808,
        1.2102158285894427,
        0.8976005373352774,
        1.1422964360284107
    ],
    "2": [
        0.3888888888888889,
        0.3829787234042553,
        0.3953488372093023,
        0.8092184297384671,
        0.9360634122815932,
        1.0921731396767407
    ],
    "3": [
        0.5111111111111111,
        0.3111111111111111,
        0.7111111111111111,
        0.9313214750889803,
        0.9261302404034122,
        1.0404580926767923
    ],
    "4": [
        0.4666666666666667,
        1.0,
        0.0,
        0.5471430176260813,
        0.8671511307639452,
        1.1172803093662986
    ],
    "5": [
        0.6333333333333333,
        1.0,
        0.0,
        1.560999435928594,
        0.9201515999964976,
        1.1754155175665129
    ],
    "6": [
        0.5777777777777777,
        0.9807692307692307,
        0.02631578947368421,
        1.83466751230206,
        0.8707473242818813,
        1.1305789178140042
    ],
    "7": [
        0.4444444444444444,
        1.0,
        0.0,
        0.9067176888350073,
        0.8860396298987725,
        1.1545703884307477
    ],
    "8": [
        0.4666666666666667,
        0.6341463414634146,
        0.32653061224489793,
        0.977488976565769,
        0.951386072544974,
        1.0833847541861696
    ],
    "9": [
        0.45555555555555555,
        0.875,
        0.12,
        0.8967694911626757,
        0.614238250602748,
        1.1823974075935249
    ],
    "10": [
        0.4888888888888889,
        0.7659574468085106,
        0.18604651162790697,
        1.1319694061691163,
        0.9135810102599939,
        1.1272836103363235
    ],
    "11": [
        0.5,
        0.5454545454545454,
        0.42857142857142855,
        1.2131522662711072,
        0.8966930841710028,
        1.112765044031118
    ]
}