{
    "0": [
        0.5444444444444444,
        0.875,
        0.16666666666666666,
        1.5732452749670482,
        0.8447552001712682,
        1.2316190464924501
    ],
    "1": [
        0.4888888888888889,
        0.875,
        0.047619047619047616,
        1.0460405119929157,
        0.8976005373352774,
        1.1131882542126519
    ],
    "2": [
        0.35555555555555557,
        0.1702127659574468,
        0.5581395348837209,
        0.7397021928606645,
        0.9360634122815932,
        1.0397412411420657
    ],
    "3": [
        0.4888888888888889,
        0.17777777777777778,
        0.8,
        0.973323572845883,
        0.9336788081825143,
        1.0415837032379744
    ],
    "4": [
        0.5,
        0.3333333333333333,
        0.6458333333333334,
        0.6138671463468746,
        0.8671511307639452,
        1.061218017325207
    ],
    "5": [
        0.6333333333333333,
        0.8771929824561403,
        0.21212121212121213,
        1.438014155270945,
        0.9201515999964976,
        1.1754155175665129
    ],
    "6": [
        0.5666666666666667,
        0.9807692307692307,
        0.0,
        1.7484607719202154,
        0.8575783994845456,
        1.1305789178140042
    ],
    "7": [
        0.5222222222222223,
        0.925,
        0.2,
        1.1121779111235792,
        0.9213085471592081,
        1.1545703884307477
    ],
    "8": [
        0.5,
        0.6341463414634146,
        0.3877551020408163,
        0.9313149647030997,
        0.951386072544974,
        1.0833847541861696
    ],
    "9": [
        0.4444444444444444,
        0.7,
        0.24,
        0.6263589310929276,
        0.614238250602748,
        1.1412883414010726
    ],
    "10": [
        0.5777777777777777,
        0.9148936170212766,
        0.20930232558139536,
        1.2600546334876093,
        0.9135810102599939,
        1.1272836103363235
    ],
    "11": [
        0.4444444444444444,
        0.12727272727272726,
        0.9428571428571428,
        1.1918730399285822,
        0.9886599434063197,
        1.112765044031118
    ]
}