{
    "0": [
        0.4444444444444444,
        0.3125,
        0.5952380952380952,
        0.8340378807352152,
        0.8447552001712682,
        1.1174880511602239
    ],
    "1": [
        0.5444444444444444,
        0.75,
        0.30952380952380953,
        1.609088460157113,
        0.8976005373352774,
        1.1422964360284107
    ],
    "2": [
        0.5222222222222223,
        1.0,
        0.0,
        0.7636991557977252,
        0.8967653668208868,
        1.0921731396767407
    ],
    "3": [
        0.5222222222222223,
        0.2222222222222222,
        0.8222222222222222,
        0.9811079422528923,
        0.9628984821643946,
        1.0404580926767923
    ],
    "4": [
        0.43333333333333335,
        0.4523809523809524,
        0.4166666666666667,
        0.5532879733373715,
        0.8671511307639452,
        1.061218017325207
    ],
    "5": [
        0.5,
        0.42105263157894735,
        0.6363636363636364,
        1.3732906404977392,
        0.9804279995294566,
        1.1754155175665129
    ],
    "6": [
        0.5777777777777777,
        1.0,
        0.0,
        1.7484607719202154,
        0.8575783994845456,
        1.1305789178140042
    ],
    "7": [
        0.5444444444444444,
        0.8,
        0.34,
        1.0816399525895146,
        0.8860396298987725,
        1.1545703884307477
    ],
    "8": [
        0.4777777777777778,
        0.9024390243902439,
        0.12244897959183673,
        1.0645393358145199,
        0.951386072544974,
        1.0996684803621701
    ],
    "9": [
        0.5222222222222223,
        0.55,
        0.5,
        1.0401742062270216,
        0.9441287787096084,
        1.0695539808017047
    ],
    "10": [
        0.5,
        0.7021276595744681,
        0.27906976744186046,
        1.1914248792627702,
        0.9135810102599939,
        1.1272836103363235
    ],
    "11": [
        0.5111111111111111,
        0.36363636363636365,
        0.7428571428571429,
        1.2106933292355,
        0.9612588089652891,
        1.112765044031118
    ]
}