{
    "0": [
        0.5666666666666667,
        0.6041666666666666,
        0.5238095238095238,
        1.3234939958079046,
        0.8447552001712682,
        1.1893653052104987
    ],
    "1": [
        0.4666666666666667,
        0.5,
        0.42857142857142855,
        1.1342592238198967,
        0.8993958574636876,
        1.1003261754082725
    ],
    "2": [
        0.5222222222222223,
        1.0,
        0.0,
        0.7636991557977252,
        0.8967653668208868,
        1.0921731396767407
    ],
    "3": [
        0.4444444444444444,
        0.6888888888888889,
        0.2,
        0.8227281529037223,
        0.9261302404034122,
        1.0497484108008053
    ],
    "4": [
        0.4444444444444444,
        0.47619047619047616,
        0.4166666666666667,
        0.5531682210331809,
        0.8671511307639452,
        1.061218017325207
    ],
    "5": [
        0.5666666666666667,
        0.7894736842105263,
        0.18181818181818182,
        1.2631040703403367,
        0.9201515999964976,
        1.1754155175665129
    ],
    "6": [
        0.5777777777777777,
        0.5961538461538461,
        0.5526315789473685,
        1.8998595602707975,
        0.930098717169988,
        1.1305789178140042
    ],
    "7": [
        0.43333333333333335,
        0.95,
        0.02,
        0.8619439392260074,
        0.8860396298987725,
        1.1545703884307477
    ],
    "8": [
        0.5555555555555556,
        0.6341463414634146,
        0.4897959183673469,
        1.0902014130056168,
        0.951386072544974,
        1.0833847541861696
    ],
    "9": [
        0.5444444444444444,
        0.725,
        0.4,
        0.8392855961414424,
        0.614238250602748,
        1.1823974075935249
    ],
    "10": [
        0.45555555555555555,
        0.02127659574468085,
        0.9302325581395349,
        0.9961638982841947,
        0.9958549049392487,
        1.0039125723606417
    ],
    "11": [
        0.6,
        0.9636363636363636,
        0.02857142857142857,
        1.3099071918272918,
        0.8966930841710028,
        1.112765044031118
    ]
}