{
    "0": [
        0.4888888888888889,
        0.5625,
        0.40476190476190477,
        0.6388679076908952,
        0.8428994816087272,
        1.1193362550136103
    ],
    "1": [
        0.4111111111111111,
        0.4375,
        0.38095238095238093,
        0.9016502169901082,
        0.8976005373352774,
        1.0897668882566307
    ],
    "2": [
        0.5222222222222223,
        1.0,
        0.0,
        0.7636991557977252,
        0.8967653668208868,
        1.0921731396767407
    ],
    "3": [
        0.5222222222222223,
        0.35555555555555557,
        0.6888888888888889,
        0.875347678498976,
        0.9261302404034122,
        1.0415837032379744
    ],
    "4": [
        0.5,
        0.40476190476190477,
        0.5833333333333334,
        0.8043754589386317,
        0.9001306779661119,
        1.043367863993261
    ],
    "5": [
        0.6333333333333333,
        1.0,
        0.0,
        1.560999435928594,
        0.9201515999964976,
        1.1754155175665129
    ],
    "6": [
        0.45555555555555555,
        0.2692307692307692,
        0.7105263157894737,
        1.1855534125310105,
        0.9575004920265803,
        1.0999418441903264
    ],
    "7": [
        0.43333333333333335,
        0.975,
        0.0,
        0.9288506813412326,
        0.8860396298987725,
        1.1545703884307477
    ],
    "8": [
        0.5222222222222223,
        0.6097560975609756,
        0.4489795918367347,
        1.0273877042145587,
        0.951386072544974,
        1.0833847541861696
    ],
    "9": [
        0.4777777777777778,
        0.25,
        0.66,
        1.0607953487783872,
        0.9399775357549068,
        1.0695539808017047
    ],
    "10": [
        0.5222222222222223,
        0.6170212765957447,
        0.4186046511627907,
        1.0689626864951167,
        0.9135810102599939,
        1.078811281340542
    ],
    "11": [
        0.4666666666666667,
        0.509090909090909,
        0.4,
        1.0363227248032105,
        0.8966930841710028,
        1.112765044031118
    ]
}