{
    "0": [
        0.4444444444444444,
        0.08333333333333333,
        0.8571428571428571,
        0.881330537884647,
        0.8447552001712682,
        1.1042350595192174
    ],
    "1": [
        0.5111111111111111,
        0.375,
        0.6666666666666666,
        1.4787745201602276,
        0.8993958574636876,
        1.1422964360284107
    ],
    "2": [
        0.6,
        0.5957446808510638,
        0.6046511627906976,
        1.004545867017218,
        0.9029473490481763,
        1.0537517108668841
    ],
    "3": [
        0.4777777777777778,
        0.7777777777777778,
        0.17777777777777778,
        0.8299914116392568,
        0.9261302404034122,
        1.0497484108008053
    ],
    "4": [
        0.4666666666666667,
        0.8095238095238095,
        0.16666666666666666,
        0.6353802783526018,
        0.8671511307639452,
        1.1026824909934292
    ],
    "5": [
        0.6333333333333333,
        1.0,
        0.0,
        1.560999435928594,
        0.9201515999964976,
        1.1754155175665129
    ],
    "6": [
        0.5666666666666667,
        0.9615384615384616,
        0.02631578947368421,
        1.6565340103706,
        0.8575783994845456,
        1.1305789178140042
    ],
    "7": [
        0.43333333333333335,
        0.375,
        0.48,
        0.7057012884082297,
        0.8860396298987725,
        1.0551183010109986
    ],
    "8": [
        0.5,
        0.4878048780487805,
        0.5102040816326531,
        0.9558615831191197,
        0.9517746306255636,
        1.0996684803621701
    ],
    "9": [
        0.5333333333333333,
        0.05,
        0.92,
        0.9735756135713849,
        0.9570618728694352,
        1.0212903384366934
    ],
    "10": [
        0.4222222222222222,
        0.3617021276595745,
        0.4883720930232558,
        1.0297796647573259,
        0.9667946645033947,
        1.0374015309655582
    ],
    "11": [
        0.4888888888888889,
        0.5636363636363636,
        0.37142857142857144,
        1.0396775221917216,
        0.8966930841710028,
        1.112765044031118
    ]
}