{
    "0": [
        0.5444444444444444,
        0.9375,
        0.09523809523809523,
        0.8964569592352365,
        0.8428994816087272,
        1.2316190464924501
    ],
    "1": [
        0.4888888888888889,
        0.5625,
        0.40476190476190477,
        1.0836553005146932,
        0.8976005373352774,
        1.1422964360284107
    ],
    "2": [
        0.5222222222222223,
        0.44680851063829785,
        0.6046511627906976,
        0.9596673951754044,
        0.9360634122815932,
        1.0921731396767407
    ],
    "3": [
        0.5111111111111111,
        1.0,
        0.022222222222222223,
        0.9801232366350004,
        0.9261302404034122,
        1.0497484108008053
    ],
    "4": [
        0.5111111111111111,
        0.40476190476190477,
        0.6041666666666666,
        0.7500901771024369,
        0.8671511307639452,
        1.0729698336752207
    ],
    "5": [
        0.6111111111111112,
        0.8947368421052632,
        0.12121212121212122,
        1.6163534772123578,
        0.9201515999964976,
        1.1754155175665129
    ],
    "6": [
        0.5666666666666667,
        0.9615384615384616,
        0.02631578947368421,
        1.6565340103706,
        0.8575783994845456,
        1.1305789178140042
    ],
    "7": [
        0.4444444444444444,
        0.225,
        0.62,
        0.6920989167498652,
        0.8860396298987725,
        1.0404070527725415
    ],
    "8": [
        0.4777777777777778,
        0.6341463414634146,
        0.3469387755102041,
        0.9628778928836101,
        0.951386072544974,
        1.0833847541861696
    ],
    "9": [
        0.5444444444444444,
        0.65,
        0.46,
        0.6678625812423342,
        0.614238250602748,
        1.1412883414010726
    ],
    "10": [
        0.43333333333333335,
        0.44680851063829785,
        0.4186046511627907,
        1.0250762816718737,
        0.9667946645033947,
        1.0374015309655582
    ],
    "11": [
        0.5555555555555556,
        0.8545454545454545,
        0.08571428571428572,
        1.2364974560421598,
        0.8966930841710028,
        1.112765044031118
    ]
}