{
    "0": [
        0.5,
        0.8958333333333334,
        0.047619047619047616,
        1.2717915000367206,
        0.8447552001712682,
        1.2316190464924501
    ],
    "1": [
        0.4777777777777778,
        0.020833333333333332,
        1.0,
        1.0146465939563807,
        1,
        1.0146465939563807
    ],
    "2": [
        0.4666666666666667,
        0.2127659574468085,
        0.7441860465116279,
        0.972109398044159,
        0.9380556815520376,
        1.085465458606541
    ],
    "3": [
        0.5888888888888889,
        0.5555555555555556,
        0.6222222222222222,
        1.0753896043025868,
        0.9416399759588683,
        1.0404580926767923
    ],
    "4": [
        0.5222222222222223,
        0.023809523809523808,
        0.9583333333333334,
        0.9850144073456105,
        0.9350594982022246,
        1.0423761213303204
    ],
    "5": [
        0.6,
        0.8947368421052632,
        0.09090909090909091,
        1.5660321023582013,
        0.9201515999964976,
        1.1754155175665129
    ],
    "6": [
        0.5777777777777777,
        0.9230769230769231,
        0.10526315789473684,
        1.7027566291195282,
        0.8575783994845456,
        1.1305789178140042
    ],
    "7": [
        0.4777777777777778,
        0.55,
        0.42,
        0.7908807227528377,
        0.8860396298987725,
        1.0761582023758802
    ],
    "8": [
        0.5111111111111111,
        0.24390243902439024,
        0.7346938775510204,
        0.9722205857142755,
        0.9517746306255636,
        1.0518116263863733
    ],
    "9": [
        0.4888888888888889,
        0.35,
        0.6,
        0.7274389100107058,
        0.614238250602748,
        1.1823974075935249
    ],
    "10": [
        0.45555555555555555,
        0.6170212765957447,
        0.27906976744186046,
        1.1525980185090259,
        0.9372473116814342,
        1.1272836103363235
    ],
    "11": [
        0.5888888888888889,
        0.8909090909090909,
        0.11428571428571428,
        1.3903236824535559,
        0.8966930841710028,
        1.112765044031118
    ]
}