{
    "0": [
        0.4444444444444444,
        0.625,
        0.23809523809523808,
        0.5570749448241208,
        0.8428994816087272,
        1.1199363948156908
    ],
    "1": [
        0.5333333333333333,
        0.4791666666666667,
        0.5952380952380952,
        1.2895105733862702,
        0.8976005373352774,
        1.1422964360284107
    ],
    "2": [
        0.4888888888888889,
        0.7446808510638298,
        0.20930232558139536,
        0.778564511380996,
        0.8967653668208868,
        1.085465458606541
    ],
    "3": [
        0.5111111111111111,
        0.9333333333333333,
        0.08888888888888889,
        1.0110500420458746,
        0.9261302404034122,
        1.0497484108008053
    ],
    "4": [
        0.4888888888888889,
        0.30952380952380953,
        0.6458333333333334,
        0.6432642658709629,
        0.8671511307639452,
        1.061218017325207
    ],
    "5": [
        0.5777777777777777,
        0.8596491228070176,
        0.09090909090909091,
        1.5663596414009273,
        0.9201515999964976,
        1.1754155175665129
    ],
    "6": [
        0.5777777777777777,
        1.0,
        0.0,
        1.7484607719202154,
        0.8575783994845456,
        1.1305789178140042
    ],
    "7": [
        0.37777777777777777,
        0.525,
        0.26,
        0.9133879999508122,
        0.8860396298987725,
        1.1545703884307477
    ],
    "8": [
        0.4777777777777778,
        0.5365853658536586,
        0.42857142857142855,
        0.8480337497766974,
        0.9517746306255636,
        1.0996684803621701
    ],
    "9": [
        0.45555555555555555,
        0.5,
        0.42,
        0.8393730371283387,
        0.614238250602748,
        1.1823974075935249
    ],
    "10": [
        0.43333333333333335,
        0.3191489361702128,
        0.5581395348837209,
        1.04532027838663,
        0.9667946645033947,
        1.0374015309655582
    ],
    "11": [
        0.5111111111111111,
        0.41818181818181815,
        0.6571428571428571,
        1.2392953985288122,
        0.9564820017436121,
        1.112765044031118
    ]
}