{
    "0": [
        0.5222222222222223,
        0.9375,
        0.047619047619047616,
        1.1167937372213026,
        0.8428994816087272,
        1.2316190464924501
    ],
    "1": [
        0.5222222222222223,
        0.2708333333333333,
        0.8095238095238095,
        1.0916560272497673,
        0.8993958574636876,
        1.0897668882566307
    ],
    "2": [
        0.5777777777777777,
        0.7659574468085106,
        0.37209302325581395,
        0.923464882446789,
        0.8967653668208868,
        1.085465458606541
    ],
    "3": [
        0.4777777777777778,
        0.8444444444444444,
        0.1111111111111111,
        0.8718964738101304,
        0.9261302404034122,
        1.0497484108008053
    ],
    "4": [
        0.45555555555555555,
        0.9523809523809523,
        0.020833333333333332,
        0.5942337811209915,
        0.8671511307639452,
        1.1172803093662986
    ],
    "5": [
        0.6,
        0.8771929824561403,
        0.12121212121212122,
        1.5649556154270887,
        0.9201515999964976,
        1.1754155175665129
    ],
    "6": [
        0.5444444444444444,
        0.8846153846153846,
        0.07894736842105263,
        1.5085144841533988,
        0.8575783994845456,
        1.1305789178140042
    ],
    "7": [
        0.4222222222222222,
        0.55,
        0.32,
        0.7801454721778003,
        0.8860396298987725,
        1.1545703884307477
    ],
    "8": [
        0.4777777777777778,
        0.4146341463414634,
        0.5306122448979592,
        1.020679990627972,
        0.9517746306255636,
        1.0996684803621701
    ],
    "9": [
        0.5111111111111111,
        0.35,
        0.64,
        1.0044885869191995,
        0.9102666786883837,
        1.1025624992932657
    ],
    "10": [
        0.4777777777777778,
        0.6382978723404256,
        0.3023255813953488,
        1.0464462176402982,
        0.9372473116814342,
        1.0759544369374359
    ],
    "11": [
        0.5333333333333333,
        0.5636363636363636,
        0.4857142857142857,
        1.346744495915213,
        0.9564820017436121,
        1.112765044031118
    ]
}