{
    "0": [
        0.5,
        0.8958333333333334,
        0.047619047619047616,
        0.735657849634498,
        0.8428994816087272,
        1.2316190464924501
    ],
    "1": [
        0.4888888888888889,
        0.125,
        0.9047619047619048,
        1.185600059555282,
        0.9374501258363532,
        1.1131882542126519
    ],
    "2": [
        0.5555555555555556,
        0.851063829787234,
        0.23255813953488372,
        0.9118899435658017,
        0.8967653668208868,
        1.0921731396767407
    ],
    "3": [
        0.5333333333333333,
        0.9333333333333333,
        0.13333333333333333,
        1.1315564170665546,
        0.9489630275408387,
        1.0497484108008053
    ],
    "4": [
        0.5,
        0.7619047619047619,
        0.2708333333333333,
        0.7901649035771819,
        0.8935441597545427,
        1.1172803093662986
    ],
    "5": [
        0.6333333333333333,
        1.0,
        0.0,
        1.560999435928594,
        0.9201515999964976,
        1.1754155175665129
    ],
    "6": [
        0.5666666666666667,
        0.9615384615384616,
        0.02631578947368421,
        1.736728703224188,
        0.8575783994845456,
        1.1305789178140042
    ],
    "7": [
        0.43333333333333335,
        0.95,
        0.02,
        0.8682461678691298,
        0.8860396298987725,
        1.1545703884307477
    ],
    "8": [
        0.5,
        0.34146341463414637,
        0.6326530612244898,
        1.0228654671880932,
        0.9517746306255636,
        1.0833847541861696
    ],
    "9": [
        0.5555555555555556,
        0.5,
        0.6,
        0.8858730420048537,
        0.9399775357549068,
        1.0475966430219024
    ],
    "10": [
        0.5222222222222223,
        1.0,
        0.0,
        1.2414969434854326,
        0.9135810102599939,
        1.1272836103363235
    ],
    "11": [
        0.4666666666666667,
        0.36363636363636365,
        0.6285714285714286,
        1.1521868133726594,
        0.9564820017436121,
        1.112765044031118
    ]
}