{
    "0": [
        0.5444444444444444,
        0.9791666666666666,
        0.047619047619047616,
        1.176222368924002,
        0.8428994816087272,
        1.2316190464924501
    ],
    "1": [
        0.4888888888888889,
        0.10416666666666667,
        0.9285714285714286,
        1.036082101785124,
        0.8993958574636876,
        1.066876746895579
    ],
    "2": [
        0.5333333333333333,
        0.9361702127659575,
        0.09302325581395349,
        0.7572042566227727,
        0.8967653668208868,
        1.0921731396767407
    ],
    "3": [
        0.45555555555555555,
        0.4444444444444444,
        0.4666666666666667,
        0.9351404359798766,
        0.9489630275408387,
        1.0497484108008053
    ],
    "4": [
        0.45555555555555555,
        0.9047619047619048,
        0.0625,
        0.5437181747886247,
        0.8671511307639452,
        1.1172803093662986
    ],
    "5": [
        0.6222222222222222,
        0.9824561403508771,
        0.0,
        1.5904344611456966,
        0.9201515999964976,
        1.1754155175665129
    ],
    "6": [
        0.6,
        1.0,
        0.05263157894736842,
        1.806493005819524,
        0.8575783994845456,
        1.1305789178140042
    ],
    "7": [
        0.45555555555555555,
        0.525,
        0.4,
        1.1522799331898648,
        0.9289094236928562,
        1.1545703884307477
    ],
    "8": [
        0.4777777777777778,
        0.2926829268292683,
        0.6326530612244898,
        0.8613208053309855,
        0.9517746306255636,
        1.0996684803621701
    ],
    "9": [
        0.5222222222222223,
        0.4,
        0.62,
        0.9803572670973324,
        0.9399775357549068,
        1.0695539808017047
    ],
    "10": [
        0.4111111111111111,
        0.3617021276595745,
        0.46511627906976744,
        1.022100506113499,
        0.9667946645033947,
        1.0374015309655582
    ],
    "11": [
        0.5666666666666667,
        0.8545454545454545,
        0.11428571428571428,
        1.2219382549546876,
        0.8966930841710028,
        1.112765044031118
    ]
}