{
    "0": [
        0.4111111111111111,
        0.020833333333333332,
        0.8571428571428571,
        0.7724859924750264,
        0.8447552001712682,
        1.0136845464420372
    ],
    "1": [
        0.4777777777777778,
        0.0625,
        0.9523809523809523,
        1.147098780824709,
        0.9694469307078416,
        1.0726321376799959
    ],
    "2": [
        0.5444444444444444,
        0.6170212765957447,
        0.46511627906976744,
        0.8528208206141905,
        0.8967653668208868,
        1.085465458606541
    ],
    "3": [
        0.5333333333333333,
        0.8222222222222222,
        0.24444444444444444,
        1.1103288463157766,
        0.9416399759588683,
        1.0497484108008053
    ],
    "4": [
        0.4777777777777778,
        0.7142857142857143,
        0.2708333333333333,
        0.5816681411497822,
        0.8671511307639452,
        1.1172803093662986
    ],
    "5": [
        0.6333333333333333,
        1.0,
        0.0,
        1.560999435928594,
        0.9201515999964976,
        1.1754155175665129
    ],
    "6": [
        0.5555555555555556,
        0.9615384615384616,
        0.0,
        1.6650936397904914,
        0.8575783994845456,
        1.1305789178140042
    ],
    "7": [
        0.45555555555555555,
        0.925,
        0.08,
        0.9172197320824177,
        0.8860396298987725,
        1.1545703884307477
    ],
    "8": [
        0.4777777777777778,
        0.2682926829268293,
        0.6530612244897959,
        0.9297030804955001,
        0.9517746306255636,
        1.0518116263863733
    ],
    "9": [
        0.4222222222222222,
        0.5,
        0.36,
        0.7767234815514361,
        0.614238250602748,
        1.1412883414010726
    ],
    "10": [
        0.4666666666666667,
        0.6595744680851063,
        0.2558139534883721,
        1.0966047590838093,
        0.9372473116814342,
        1.0759544369374359
    ],
    "11": [
        0.4,
        0.2545454545454545,
        0.6285714285714286,
        1.1409801505231818,
        0.9564820017436121,
        1.112765044031118
    ]
}