{
    "0": [
        0.4666666666666667,
        0.3125,
        0.6428571428571429,
        0.593489511583057,
        0.8428994816087272,
        1.1193362550136103
    ],
    "1": [
        0.5333333333333333,
        0.5416666666666666,
        0.5238095238095238,
        1.6274377982066213,
        0.8976005373352774,
        1.1422964360284107
    ],
    "2": [
        0.5444444444444444,
        0.6808510638297872,
        0.3953488372093023,
        0.951432656607659,
        0.8967653668208868,
        1.0921731396767407
    ],
    "3": [
        0.4888888888888889,
        0.3111111111111111,
        0.6666666666666666,
        1.0768026094368757,
        0.9641825459408555,
        1.0324221310424897
    ],
    "4": [
        0.43333333333333335,
        0.5952380952380952,
        0.2916666666666667,
        0.5711730077123501,
        0.8671511307639452,
        1.0729698336752207
    ],
    "5": [
        0.6333333333333333,
        0.8771929824561403,
        0.21212121212121213,
        1.291281325138851,
        0.9201515999964976,
        1.0767682140985009
    ],
    "6": [
        0.5777777777777777,
        1.0,
        0.0,
        1.7484607719202154,
        0.8575783994845456,
        1.1305789178140042
    ],
    "7": [
        0.4777777777777778,
        0.475,
        0.48,
        0.7335832845063804,
        0.8860396298987725,
        1.0551183010109986
    ],
    "8": [
        0.45555555555555555,
        0.7317073170731707,
        0.22448979591836735,
        0.7968617216717429,
        0.951386072544974,
        1.0996684803621701
    ],
    "9": [
        0.5222222222222223,
        0.4,
        0.62,
        0.9361531908354401,
        0.9102666786883837,
        1.1025624992932657
    ],
    "10": [
        0.4444444444444444,
        0.3617021276595745,
        0.5348837209302325,
        1.0383019708279506,
        0.9667946645033947,
        1.0374015309655582
    ],
    "11": [
        0.5444444444444444,
        0.6363636363636364,
        0.4,
        1.183443793254016,
        0.8966930841710028,
        1.112765044031118
    ]
}