{
    "0": [
        0.5444444444444444,
        0.8333333333333334,
        0.21428571428571427,
        1.683505339300737,
        0.8447552001712682,
        1.2316190464924501
    ],
    "1": [
        0.5111111111111111,
        0.4791666666666667,
        0.5476190476190477,
        1.3329507732532564,
        0.9068769836662509,
        1.1131882542126519
    ],
    "2": [
        0.5777777777777777,
        0.5531914893617021,
        0.6046511627906976,
        0.9510731489824434,
        0.8967653668208868,
        1.0921731396767407
    ],
    "3": [
        0.4888888888888889,
        0.3333333333333333,
        0.6444444444444445,
        0.9777066808831115,
        0.9336788081825143,
        1.0404580926767923
    ],
    "4": [
        0.45555555555555555,
        0.6428571428571429,
        0.2916666666666667,
        0.8088064086960032,
        0.8671511307639452,
        1.1172803093662986
    ],
    "5": [
        0.6222222222222222,
        0.9824561403508771,
        0.0,
        1.5904344611456966,
        0.9201515999964976,
        1.1754155175665129
    ],
    "6": [
        0.5777777777777777,
        1.0,
        0.0,
        1.7484607719202154,
        0.8575783994845456,
        1.1305789178140042
    ],
    "7": [
        0.43333333333333335,
        0.475,
        0.4,
        0.8600271364703731,
        0.8860396298987725,
        1.0761582023758802
    ],
    "8": [
        0.4777777777777778,
        0.1951219512195122,
        0.7142857142857143,
        0.8318438461664917,
        0.9517746306255636,
        1.0360859218774636
    ],
    "9": [
        0.43333333333333335,
        0.4,
        0.46,
        1.2739925393808547,
        0.9399775357549068,
        1.1025624992932657
    ],
    "10": [
        0.45555555555555555,
        0.44680851063829785,
        0.46511627906976744,
        1.2874257379208374,
        0.9667946645033947,
        1.1272836103363235
    ],
    "11": [
        0.4111111111111111,
        0.34545454545454546,
        0.5142857142857142,
        1.0253082768380593,
        0.8966930841710028,
        1.112765044031118
    ]
}