{
    "0": [
        0.6444444444444445,
        0.9302325581395349,
        0.3829787234042553,
        1.560778020701368,
        0.8447552001712682,
        1.2316190464924501
    ],
    "1": [
        0.5444444444444444,
        1.0,
        0.0,
        1.2368427783198614,
        0.8976005373352774,
        1.1422964360284107
    ],
    "2": [
        0.4222222222222222,
        1.0,
        0.0,
        0.7636991557977252,
        0.8967653668208868,
        1.0921731396767407
    ],
    "3": [
        0.3888888888888889,
        0.25,
        0.5217391304347826,
        0.8056319256414741,
        0.9261302404034122,
        1.0497484108008053
    ],
    "4": [
        0.37777777777777777,
        1.0,
        0.034482758620689655,
        0.5465271912152924,
        0.8671511307639452,
        1.1172803093662986
    ],
    "5": [
        0.3111111111111111,
        0.0,
        0.9655172413793104,
        0.9986389277326733,
        0.9986389277326733,
        1
    ],
    "6": [
        0.7,
        0.9661016949152542,
        0.1935483870967742,
        1.7003280979274553,
        0.8575783994845456,
        1.1305789178140042
    ],
    "7": [
        0.5555555555555556,
        0.20588235294117646,
        0.7678571428571429,
        0.8284035366723376,
        0.8860396298987725,
        1.0761582023758802
    ],
    "8": [
        0.4666666666666667,
        0.4146341463414634,
        0.5102040816326531,
        0.9492077351253664,
        0.9539722791134384,
        1.0996684803621701
    ],
    "9": [
        0.4444444444444444,
        0.4339622641509434,
        0.4594594594594595,
        1.0539053900702369,
        0.9441287787096084,
        1.0695539808017047
    ],
    "10": [
        0.4444444444444444,
        0.8260869565217391,
        0.045454545454545456,
        1.22050317191199,
        0.9135810102599939,
        1.1272836103363235
    ],
    "11": [
        0.6,
        0.6785714285714286,
        0.47058823529411764,
        1.043758816740478,
        0.8966930841710028,
        1.0761464979382598
    ]
}