{
    "0": [
        0.6555555555555556,
        0.9302325581395349,
        0.40425531914893614,
        1.607106363385179,
        0.8447552001712682,
        1.2316190464924501
    ],
    "1": [
        0.5444444444444444,
        1.0,
        0.0,
        1.2368427783198614,
        0.8976005373352774,
        1.1422964360284107
    ],
    "2": [
        0.4222222222222222,
        1.0,
        0.0,
        0.7636991557977252,
        0.8967653668208868,
        1.0921731396767407
    ],
    "3": [
        0.4,
        0.7272727272727273,
        0.08695652173913043,
        0.8881859117149857,
        0.9261302404034122,
        1.0497484108008053
    ],
    "4": [
        0.36666666666666664,
        1.0,
        0.017241379310344827,
        0.5427730956881756,
        0.8671511307639452,
        1.1172803093662986
    ],
    "5": [
        0.5666666666666667,
        0.7049180327868853,
        0.27586206896551724,
        1.3487932178421673,
        0.9201515999964976,
        1.1754155175665129
    ],
    "6": [
        0.4111111111111111,
        0.6101694915254238,
        0.03225806451612903,
        1.06631488824441,
        0.8575783994845456,
        1.1270765377324055
    ],
    "7": [
        0.5888888888888889,
        0.14705882352941177,
        0.8571428571428571,
        0.94412072536107,
        0.9213085471592081,
        1.0551183010109986
    ],
    "8": [
        0.4777777777777778,
        0.7073170731707317,
        0.2857142857142857,
        0.9860251428754446,
        0.951386072544974,
        1.0996684803621701
    ],
    "9": [
        0.5777777777777777,
        0.9622641509433962,
        0.02702702702702703,
        0.8561755233485214,
        0.614238250602748,
        1.1823974075935249
    ],
    "10": [
        0.5222222222222223,
        0.7391304347826086,
        0.29545454545454547,
        1.1723651290400856,
        0.9135810102599939,
        1.1272836103363235
    ],
    "11": [
        0.5888888888888889,
        0.75,
        0.3235294117647059,
        1.1235249996595305,
        0.8966930841710028,
        1.0761464979382598
    ]
}