{
    "0": [
        0.6777777777777778,
        0.9302325581395349,
        0.44680851063829785,
        2.04794298999654,
        0.8796590351586018,
        1.2316190464924501
    ],
    "1": [
        0.5444444444444444,
        1.0,
        0.0,
        1.2368427783198614,
        0.8976005373352774,
        1.1422964360284107
    ],
    "2": [
        0.4222222222222222,
        1.0,
        0.0,
        0.7636991557977252,
        0.8967653668208868,
        1.0921731396767407
    ],
    "3": [
        0.4888888888888889,
        1.0,
        0.0,
        0.9151202954533555,
        0.9261302404034122,
        1.0497484108008053
    ],
    "4": [
        0.36666666666666664,
        1.0,
        0.017241379310344827,
        0.5427730956881756,
        0.8671511307639452,
        1.1172803093662986
    ],
    "5": [
        0.3888888888888889,
        0.45901639344262296,
        0.2413793103448276,
        0.9969992583718269,
        0.9201515999964976,
        1.0359036230261935
    ],
    "6": [
        0.6555555555555556,
        0.9661016949152542,
        0.06451612903225806,
        1.830268511496798,
        0.8575783994845456,
        1.1305789178140042
    ],
    "7": [
        0.6,
        0.14705882352941177,
        0.875,
        0.9385513976762113,
        0.9213085471592081,
        1.0551183010109986
    ],
    "8": [
        0.5222222222222223,
        0.7560975609756098,
        0.32653061224489793,
        1.0649412006081924,
        0.951386072544974,
        1.0996684803621701
    ],
    "9": [
        0.4888888888888889,
        0.5283018867924528,
        0.43243243243243246,
        1.0665971071923142,
        0.9441287787096084,
        1.0695539808017047
    ],
    "10": [
        0.5,
        0.9782608695652174,
        0.0,
        1.2394960378322142,
        0.9135810102599939,
        1.1272836103363235
    ],
    "11": [
        0.5888888888888889,
        0.6607142857142857,
        0.47058823529411764,
        1.0283000718311772,
        0.8966930841710028,
        1.0761464979382598
    ]
}