{
    "0": [
        0.6333333333333333,
        0.9069767441860465,
        0.3829787234042553,
        1.6896664112599489,
        0.8447552001712682,
        1.2316190464924501
    ],
    "1": [
        0.5444444444444444,
        1.0,
        0.0,
        1.2368427783198614,
        0.8976005373352774,
        1.1422964360284107
    ],
    "2": [
        0.4222222222222222,
        1.0,
        0.0,
        0.7636991557977252,
        0.8967653668208868,
        1.0921731396767407
    ],
    "3": [
        0.4888888888888889,
        1.0,
        0.0,
        0.9151202954533555,
        0.9261302404034122,
        1.0497484108008053
    ],
    "4": [
        0.3333333333333333,
        0.90625,
        0.017241379310344827,
        0.5485540540792682,
        0.8671511307639452,
        1.1172803093662986
    ],
    "5": [
        0.3111111111111111,
        0.29508196721311475,
        0.3448275862068966,
        1.089713318320904,
        0.9510629311205345,
        1.0353789874767925
    ],
    "6": [
        0.6444444444444445,
        0.9661016949152542,
        0.03225806451612903,
        1.8211272859110166,
        0.8575783994845456,
        1.1305789178140042
    ],
    "7": [
        0.5111111111111111,
        0.8235294117647058,
        0.32142857142857145,
        1.240177979740427,
        0.9213085471592081,
        1.1545703884307477
    ],
    "8": [
        0.4888888888888889,
        0.6585365853658537,
        0.3469387755102041,
        0.9488825806468666,
        0.951386072544974,
        1.0996684803621701
    ],
    "9": [
        0.5333333333333333,
        0.6226415094339622,
        0.40540540540540543,
        1.1326625551444072,
        0.9302193023206287,
        1.1823974075935249
    ],
    "10": [
        0.5111111111111111,
        1.0,
        0.0,
        1.2414969434854326,
        0.9135810102599939,
        1.1272836103363235
    ],
    "11": [
        0.6111111111111112,
        0.9821428571428571,
        0.0,
        1.1728125314903153,
        0.8966930841710028,
        1.0761464979382598
    ]
}