{
    "0": [
        0.6444444444444445,
        0.8372093023255814,
        0.46808510638297873,
        1.9152529930558038,
        0.8447552001712682,
        1.2316190464924501
    ],
    "1": [
        0.5444444444444444,
        1.0,
        0.0,
        1.2368427783198614,
        0.8976005373352774,
        1.1422964360284107
    ],
    "2": [
        0.4222222222222222,
        1.0,
        0.0,
        0.7636991557977252,
        0.8967653668208868,
        1.0921731396767407
    ],
    "3": [
        0.4222222222222222,
        0.75,
        0.10869565217391304,
        0.8169554884589932,
        0.9261302404034122,
        1.0497484108008053
    ],
    "4": [
        0.36666666666666664,
        0.875,
        0.08620689655172414,
        0.5423204569104902,
        0.8671511307639452,
        1.1172803093662986
    ],
    "5": [
        0.6444444444444445,
        0.9180327868852459,
        0.06896551724137931,
        1.4893754141891113,
        0.9201515999964976,
        1.1754155175665129
    ],
    "6": [
        0.6777777777777778,
        0.9661016949152542,
        0.12903225806451613,
        1.62224737075975,
        0.8575783994845456,
        1.1305789178140042
    ],
    "7": [
        0.6111111111111112,
        0.23529411764705882,
        0.8392857142857143,
        0.8930696317115044,
        0.9213085471592081,
        1.0551183010109986
    ],
    "8": [
        0.5555555555555556,
        0.0975609756097561,
        0.9387755102040817,
        1.0139520662797228,
        0.9749806590771442,
        1.0437919307734291
    ],
    "9": [
        0.5555555555555556,
        0.9245283018867925,
        0.02702702702702703,
        0.8640787467983538,
        0.614238250602748,
        1.1823974075935249
    ],
    "10": [
        0.5111111111111111,
        1.0,
        0.0,
        1.2414969434854326,
        0.9135810102599939,
        1.1272836103363235
    ],
    "11": [
        0.6222222222222222,
        0.6964285714285714,
        0.5,
        1.0765904026713937,
        0.8966930841710028,
        1.0761464979382598
    ]
}