{
    "0": [
        0.6555555555555556,
        0.9302325581395349,
        0.40425531914893614,
        1.607106363385179,
        0.8447552001712682,
        1.2316190464924501
    ],
    "1": [
        0.5444444444444444,
        1.0,
        0.0,
        1.2368427783198614,
        0.8976005373352774,
        1.1422964360284107
    ],
    "2": [
        0.4222222222222222,
        1.0,
        0.0,
        0.7636991557977252,
        0.8967653668208868,
        1.0921731396767407
    ],
    "3": [
        0.5777777777777777,
        1.0,
        0.17391304347826086,
        0.9621355074556958,
        0.9261302404034122,
        1.0497484108008053
    ],
    "4": [
        0.3888888888888889,
        0.875,
        0.1206896551724138,
        0.49664205803649997,
        0.8671511307639452,
        1.1026824909934292
    ],
    "5": [
        0.3888888888888889,
        0.26229508196721313,
        0.6551724137931034,
        1.0653561450051232,
        0.9510629311205345,
        1.0338337391099
    ],
    "6": [
        0.6777777777777778,
        0.9491525423728814,
        0.16129032258064516,
        1.7101661528123753,
        0.8575783994845456,
        1.1305789178140042
    ],
    "7": [
        0.6111111111111112,
        0.20588235294117646,
        0.8571428571428571,
        1.0095517921225823,
        0.9213085471592081,
        1.0761582023758802
    ],
    "8": [
        0.45555555555555555,
        0.9024390243902439,
        0.08163265306122448,
        1.1328289700833996,
        0.951386072544974,
        1.0996684803621701
    ],
    "9": [
        0.4888888888888889,
        0.5283018867924528,
        0.43243243243243246,
        1.0665971071923142,
        0.9441287787096084,
        1.0695539808017047
    ],
    "10": [
        0.4777777777777778,
        0.8043478260869565,
        0.13636363636363635,
        1.1825704350933324,
        0.9135810102599939,
        1.1272836103363235
    ],
    "11": [
        0.5555555555555556,
        0.8035714285714286,
        0.14705882352941177,
        1.1392439316611915,
        0.8966930841710028,
        1.0761464979382598
    ]
}