{
    "0": [
        0.6222222222222222,
        0.9302325581395349,
        0.3404255319148936,
        1.6132331742075192,
        0.8447552001712682,
        1.2316190464924501
    ],
    "1": [
        0.5444444444444444,
        1.0,
        0.0,
        1.2368427783198614,
        0.8976005373352774,
        1.1422964360284107
    ],
    "2": [
        0.4222222222222222,
        1.0,
        0.0,
        0.7636991557977252,
        0.8967653668208868,
        1.0921731396767407
    ],
    "3": [
        0.4888888888888889,
        1.0,
        0.0,
        0.9151202954533555,
        0.9261302404034122,
        1.0497484108008053
    ],
    "4": [
        0.3333333333333333,
        0.90625,
        0.017241379310344827,
        0.5402733476452687,
        0.8671511307639452,
        1.1172803093662986
    ],
    "5": [
        0.6,
        0.7868852459016393,
        0.20689655172413793,
        1.3777704697671378,
        0.9201515999964976,
        1.1754155175665129
    ],
    "6": [
        0.6555555555555556,
        1.0,
        0.0,
        1.7484607719202154,
        0.8575783994845456,
        1.1305789178140042
    ],
    "7": [
        0.4888888888888889,
        0.8235294117647058,
        0.2857142857142857,
        1.1969043868165057,
        0.9213085471592081,
        1.1545703884307477
    ],
    "8": [
        0.5777777777777777,
        0.3902439024390244,
        0.7346938775510204,
        1.044303923909357,
        0.951386072544974,
        1.0833847541861696
    ],
    "9": [
        0.45555555555555555,
        0.4339622641509434,
        0.4864864864864865,
        1.0517878851779676,
        0.9441287787096084,
        1.0695539808017047
    ],
    "10": [
        0.5111111111111111,
        1.0,
        0.0,
        1.2414969434854326,
        0.9135810102599939,
        1.1272836103363235
    ],
    "11": [
        0.6,
        0.75,
        0.35294117647058826,
        1.106279765111719,
        0.8966930841710028,
        1.0761464979382598
    ]
}