{
    "0": [
        0.6444444444444445,
        0.9069767441860465,
        0.40425531914893614,
        1.750633632010688,
        0.8447552001712682,
        1.2316190464924501
    ],
    "1": [
        0.5444444444444444,
        1.0,
        0.0,
        1.2368427783198614,
        0.8976005373352774,
        1.1422964360284107
    ],
    "2": [
        0.4222222222222222,
        1.0,
        0.0,
        0.7636991557977252,
        0.8967653668208868,
        1.0921731396767407
    ],
    "3": [
        0.5,
        1.0,
        0.021739130434782608,
        0.9801232366350004,
        0.9261302404034122,
        1.0497484108008053
    ],
    "4": [
        0.36666666666666664,
        1.0,
        0.017241379310344827,
        0.5427730956881756,
        0.8671511307639452,
        1.1172803093662986
    ],
    "5": [
        0.6444444444444445,
        0.8360655737704918,
        0.2413793103448276,
        1.3755128617329346,
        0.9201515999964976,
        1.1754155175665129
    ],
    "6": [
        0.6444444444444445,
        0.9830508474576272,
        0.0,
        1.729971393639728,
        0.8575783994845456,
        1.1305789178140042
    ],
    "7": [
        0.5777777777777777,
        0.08823529411764706,
        0.875,
        0.9723815243210155,
        0.9213085471592081,
        1.0551183010109986
    ],
    "8": [
        0.5777777777777777,
        0.4634146341463415,
        0.673469387755102,
        1.0023498641610589,
        0.951386072544974,
        1.0833847541861696
    ],
    "9": [
        0.5555555555555556,
        0.7924528301886793,
        0.21621621621621623,
        1.3187994329955948,
        0.9302193023206287,
        1.1823974075935249
    ],
    "10": [
        0.5111111111111111,
        1.0,
        0.0,
        1.2414969434854326,
        0.9135810102599939,
        1.1272836103363235
    ],
    "11": [
        0.5444444444444444,
        0.8571428571428571,
        0.029411764705882353,
        1.1105051894068507,
        0.8966930841710028,
        1.0761464979382598
    ]
}