{
    "0": [
        0.6555555555555556,
        0.9302325581395349,
        0.40425531914893614,
        1.607106363385179,
        0.8447552001712682,
        1.2316190464924501
    ],
    "1": [
        0.5555555555555556,
        1.0,
        0.024390243902439025,
        1.139501485687856,
        0.8976005373352774,
        1.1422964360284107
    ],
    "2": [
        0.43333333333333335,
        1.0,
        0.019230769230769232,
        0.7440631184732341,
        0.8967653668208868,
        1.0921731396767407
    ],
    "3": [
        0.5111111111111111,
        1.0,
        0.043478260869565216,
        0.9409932524751382,
        0.9261302404034122,
        1.0497484108008053
    ],
    "4": [
        0.36666666666666664,
        1.0,
        0.017241379310344827,
        0.5427730956881756,
        0.8671511307639452,
        1.1172803093662986
    ],
    "5": [
        0.6555555555555556,
        0.9180327868852459,
        0.10344827586206896,
        1.5063134574613417,
        0.9201515999964976,
        1.1754155175665129
    ],
    "6": [
        0.4666666666666667,
        0.5932203389830508,
        0.22580645161290322,
        0.9991757820564204,
        0.8575783994845456,
        1.1270765377324055
    ],
    "7": [
        0.5555555555555556,
        0.14705882352941177,
        0.8035714285714286,
        1.0656923540723073,
        0.9213085471592081,
        1.0761582023758802
    ],
    "8": [
        0.4666666666666667,
        0.7560975609756098,
        0.22448979591836735,
        0.9556856399001059,
        0.951386072544974,
        1.0996684803621701
    ],
    "9": [
        0.4666666666666667,
        0.6037735849056604,
        0.2702702702702703,
        1.1510490802588629,
        0.9302193023206287,
        1.1823974075935249
    ],
    "10": [
        0.4666666666666667,
        0.8260869565217391,
        0.09090909090909091,
        1.2394217464038497,
        0.9135810102599939,
        1.1272836103363235
    ],
    "11": [
        0.6333333333333333,
        0.7142857142857143,
        0.5,
        1.0991550373895365,
        0.8966930841710028,
        1.0761464979382598
    ]
}