{
    "0": [
        0.5111111111111111,
        0.3953488372093023,
        0.6170212765957447,
        1.2110649454430547,
        0.8447552001712682,
        1.1174880511602239
    ],
    "1": [
        0.5222222222222223,
        0.7346938775510204,
        0.2682926829268293,
        1.163565362732837,
        0.8976005373352774,
        1.1422964360284107
    ],
    "2": [
        0.4222222222222222,
        1.0,
        0.0,
        0.7636991557977252,
        0.8967653668208868,
        1.0921731396767407
    ],
    "3": [
        0.5666666666666667,
        0.13636363636363635,
        0.9782608695652174,
        1.0348267964829527,
        0.9715789456023118,
        1.0303029365847962
    ],
    "4": [
        0.4,
        0.96875,
        0.08620689655172414,
        0.5910538427209112,
        0.8671511307639452,
        1.1172803093662986
    ],
    "5": [
        0.34444444444444444,
        0.29508196721311475,
        0.4482758620689655,
        1.096138662850698,
        0.9510629311205345,
        1.0338337391099
    ],
    "6": [
        0.6777777777777778,
        0.9322033898305084,
        0.1935483870967742,
        1.9089816015972736,
        0.8575783994845456,
        1.1305789178140042
    ],
    "7": [
        0.6,
        0.47058823529411764,
        0.6785714285714286,
        1.2133180105701797,
        0.9289094236928562,
        1.1545703884307477
    ],
    "8": [
        0.4444444444444444,
        0.7073170731707317,
        0.22448979591836735,
        0.9707825902741801,
        0.951386072544974,
        1.0996684803621701
    ],
    "9": [
        0.5,
        0.5283018867924528,
        0.4594594594594595,
        1.044362280783908,
        0.9441287787096084,
        1.0695539808017047
    ],
    "10": [
        0.5111111111111111,
        1.0,
        0.0,
        1.2414969434854326,
        0.9135810102599939,
        1.1272836103363235
    ],
    "11": [
        0.5111111111111111,
        0.5714285714285714,
        0.4117647058823529,
        0.9748840519256255,
        0.8966930841710028,
        1.0761464979382598
    ]
}