{
    "0": [
        0.4777777777777778,
        1.0,
        0.0,
        1.0811403744503039,
        0.8428994816087272,
        1.2316190464924501
    ],
    "1": [
        0.4666666666666667,
        0.1836734693877551,
        0.8048780487804879,
        1.311238571318615,
        0.9358864027538706,
        1.0897668882566307
    ],
    "2": [
        0.4777777777777778,
        0.8421052631578947,
        0.21153846153846154,
        0.9297467727773027,
        0.8967653668208868,
        1.0921731396767407
    ],
    "3": [
        0.4222222222222222,
        0.4090909090909091,
        0.43478260869565216,
        1.1697916870631235,
        0.9336788081825143,
        1.0497484108008053
    ],
    "4": [
        0.4111111111111111,
        0.9375,
        0.1206896551724138,
        0.6102138543919976,
        0.8671511307639452,
        1.1172803093662986
    ],
    "5": [
        0.35555555555555557,
        0.36065573770491804,
        0.3448275862068966,
        1.1201520903567967,
        0.9510629311205345,
        1.0353789874767925
    ],
    "6": [
        0.6777777777777778,
        0.8305084745762712,
        0.3870967741935484,
        1.5059063370489278,
        0.8575783994845456,
        1.1305789178140042
    ],
    "7": [
        0.4777777777777778,
        0.47058823529411764,
        0.48214285714285715,
        1.0693805406291323,
        0.9213085471592081,
        1.0761582023758802
    ],
    "8": [
        0.4222222222222222,
        0.6585365853658537,
        0.22448979591836735,
        1.1129132046204988,
        0.9539722791134384,
        1.0996684803621701
    ],
    "9": [
        0.4666666666666667,
        0.4528301886792453,
        0.4864864864864865,
        0.656041151989208,
        0.614238250602748,
        1.0695539808017047
    ],
    "10": [
        0.45555555555555555,
        0.8695652173913043,
        0.022727272727272728,
        1.214972272526987,
        0.9135810102599939,
        1.1272836103363235
    ],
    "11": [
        0.4444444444444444,
        0.3392857142857143,
        0.6176470588235294,
        1.0444407916531147,
        0.9398616925512996,
        1.048539817428495
    ]
}