{
    "0": [
        0.4777777777777778,
        1.0,
        0.0,
        1.0811403744503039,
        0.8428994816087272,
        1.2316190464924501
    ],
    "1": [
        0.5,
        0.7142857142857143,
        0.24390243902439024,
        1.3745315343126026,
        0.8976005373352774,
        1.1422964360284107
    ],
    "2": [
        0.45555555555555555,
        0.7631578947368421,
        0.23076923076923078,
        0.9302325158398125,
        0.8967653668208868,
        1.085465458606541
    ],
    "3": [
        0.5222222222222223,
        0.045454545454545456,
        0.9782608695652174,
        0.9826183984427561,
        0.9715789456023118,
        1.0303029365847962
    ],
    "4": [
        0.43333333333333335,
        0.96875,
        0.13793103448275862,
        0.6297365901670232,
        0.8671511307639452,
        1.1172803093662986
    ],
    "5": [
        0.35555555555555557,
        0.21311475409836064,
        0.6551724137931034,
        1.0576998453114015,
        0.9510629311205345,
        1.0338337391099
    ],
    "6": [
        0.6222222222222222,
        0.9491525423728814,
        0.0,
        1.7277551023385427,
        0.8575783994845456,
        1.1305789178140042
    ],
    "7": [
        0.4777777777777778,
        0.5588235294117647,
        0.42857142857142855,
        1.0695308005254076,
        0.8860396298987725,
        1.1545703884307477
    ],
    "8": [
        0.4222222222222222,
        0.6585365853658537,
        0.22448979591836735,
        1.0281761999828922,
        0.951386072544974,
        1.0996684803621701
    ],
    "9": [
        0.5444444444444444,
        0.7547169811320755,
        0.24324324324324326,
        1.4343884704605272,
        0.9302193023206287,
        1.1823974075935249
    ],
    "10": [
        0.5111111111111111,
        1.0,
        0.0,
        1.2414969434854326,
        0.9135810102599939,
        1.1272836103363235
    ],
    "11": [
        0.5888888888888889,
        0.875,
        0.11764705882352941,
        1.1150937422020366,
        0.8966930841710028,
        1.0761464979382598
    ]
}