{
    "0": [
        0.6333333333333333,
        0.9302325581395349,
        0.3617021276595745,
        1.5821365600113668,
        0.8447552001712682,
        1.2316190464924501
    ],
    "1": [
        0.5777777777777777,
        0.6122448979591837,
        0.5365853658536586,
        0.880621845738781,
        0.8993958574636876,
        1.0897668882566307
    ],
    "2": [
        0.45555555555555555,
        0.3684210526315789,
        0.5192307692307693,
        0.8163014540755135,
        0.8967653668208868,
        1.085465458606541
    ],
    "3": [
        0.4111111111111111,
        0.0,
        0.8043478260869565,
        0.8854241808029081,
        0.9336788081825143,
        1.0415837032379744
    ],
    "4": [
        0.37777777777777777,
        1.0,
        0.034482758620689655,
        0.5202125869689247,
        0.8671511307639452,
        1.1172803093662986
    ],
    "5": [
        0.32222222222222224,
        0.0,
        1.0,
        1,
        1,
        1
    ],
    "6": [
        0.6555555555555556,
        1.0,
        0.0,
        1.7484607719202154,
        0.8575783994845456,
        1.1305789178140042
    ],
    "7": [
        0.6,
        0.2647058823529412,
        0.8035714285714286,
        1.12914021239661,
        0.9213085471592081,
        1.1545703884307477
    ],
    "8": [
        0.4888888888888889,
        0.4146341463414634,
        0.5510204081632653,
        0.9627575559365097,
        0.951386072544974,
        1.0437919307734291
    ],
    "9": [
        0.5222222222222223,
        0.2641509433962264,
        0.8918918918918919,
        1.1190143119641873,
        0.9450091581568407,
        1.1823974075935249
    ],
    "10": [
        0.4666666666666667,
        0.8913043478260869,
        0.022727272727272728,
        1.2197259394594224,
        0.9135810102599939,
        1.1272836103363235
    ],
    "11": [
        0.4666666666666667,
        0.30357142857142855,
        0.7352941176470589,
        1.043449383610063,
        0.9612588089652891,
        1.048539817428495
    ]
}