{
    "0": [
        0.5,
        1.0,
        0.0425531914893617,
        0.9562388435159732,
        0.8428994816087272,
        1.2316190464924501
    ],
    "1": [
        0.5666666666666667,
        0.5714285714285714,
        0.5609756097560976,
        0.9115974871303297,
        0.8993958574636876,
        1.0897668882566307
    ],
    "2": [
        0.4777777777777778,
        0.7368421052631579,
        0.28846153846153844,
        0.9073713848337516,
        0.8967653668208868,
        1.085465458606541
    ],
    "3": [
        0.5777777777777777,
        0.25,
        0.8913043478260869,
        1.0947332368617526,
        0.969124793782672,
        1.0404580926767923
    ],
    "4": [
        0.4,
        0.9375,
        0.10344827586206896,
        0.5432091500922361,
        0.8671511307639452,
        1.1172803093662986
    ],
    "5": [
        0.34444444444444444,
        0.3114754098360656,
        0.41379310344827586,
        1.1099553328557115,
        0.9510629311205345,
        1.0353789874767925
    ],
    "6": [
        0.6555555555555556,
        1.0,
        0.0,
        1.7484607719202154,
        0.8575783994845456,
        1.1305789178140042
    ],
    "7": [
        0.4666666666666667,
        0.5294117647058824,
        0.42857142857142855,
        0.7977601974528821,
        0.8860396298987725,
        1.0761582023758802
    ],
    "8": [
        0.4777777777777778,
        0.6829268292682927,
        0.30612244897959184,
        1.0344175627638967,
        0.951386072544974,
        1.0996684803621701
    ],
    "9": [
        0.5555555555555556,
        0.7924528301886793,
        0.21621621621621623,
        1.355216540729632,
        0.9302193023206287,
        1.1823974075935249
    ],
    "10": [
        0.5333333333333333,
        0.9782608695652174,
        0.06818181818181818,
        1.2623635990519577,
        0.9135810102599939,
        1.1272836103363235
    ],
    "11": [
        0.3,
        0.05357142857142857,
        0.7058823529411765,
        1.0709641876897051,
        0.9770436733019048,
        1.0231144635098035
    ]
}