{
    "0": [
        0.5888888888888889,
        0.9302325581395349,
        0.2765957446808511,
        1.5109505699175534,
        0.8447552001712682,
        1.2316190464924501
    ],
    "1": [
        0.4888888888888889,
        0.673469387755102,
        0.2682926829268293,
        1.5094104012564078,
        0.8976005373352774,
        1.1422964360284107
    ],
    "2": [
        0.5222222222222223,
        0.34210526315789475,
        0.6538461538461539,
        1.0868003020475967,
        0.9380556815520376,
        1.0921731396767407
    ],
    "3": [
        0.35555555555555557,
        0.06818181818181818,
        0.6304347826086957,
        0.803537155460922,
        0.9261302404034122,
        1.0497484108008053
    ],
    "4": [
        0.3888888888888889,
        0.96875,
        0.06896551724137931,
        0.616686585384726,
        0.8671511307639452,
        1.1172803093662986
    ],
    "5": [
        0.3333333333333333,
        0.3442622950819672,
        0.3103448275862069,
        1.1046594439420738,
        0.9510629311205345,
        1.0353789874767925
    ],
    "6": [
        0.6777777777777778,
        0.9322033898305084,
        0.1935483870967742,
        1.9911017671709368,
        0.8575783994845456,
        1.1305789178140042
    ],
    "7": [
        0.6444444444444445,
        0.23529411764705882,
        0.8928571428571429,
        1.1020794854353224,
        0.9571006275599473,
        1.0761582023758802
    ],
    "8": [
        0.4444444444444444,
        0.8292682926829268,
        0.12244897959183673,
        1.1370245241098893,
        0.951386072544974,
        1.0996684803621701
    ],
    "9": [
        0.4777777777777778,
        0.49056603773584906,
        0.4594594594594595,
        1.046150918705539,
        0.9441287787096084,
        1.0695539808017047
    ],
    "10": [
        0.5111111111111111,
        1.0,
        0.0,
        1.2414969434854326,
        0.9135810102599939,
        1.1272836103363235
    ],
    "11": [
        0.5111111111111111,
        0.375,
        0.7352941176470589,
        1.049165637347861,
        0.9398616925512996,
        1.048539817428495
    ]
}