{
    "0": [
        0.6444444444444445,
        0.9302325581395349,
        0.3829787234042553,
        1.560778020701368,
        0.8447552001712682,
        1.2316190464924501
    ],
    "1": [
        0.5111111111111111,
        0.7551020408163265,
        0.21951219512195122,
        1.273066302112342,
        0.8976005373352774,
        1.1422964360284107
    ],
    "2": [
        0.4666666666666667,
        0.7894736842105263,
        0.23076923076923078,
        0.9019233296404803,
        0.8967653668208868,
        1.085465458606541
    ],
    "3": [
        0.4888888888888889,
        0.0,
        0.9565217391304348,
        0.9071426719851904,
        0.9336788081825143,
        1
    ],
    "4": [
        0.35555555555555557,
        0.96875,
        0.017241379310344827,
        0.5404343682741121,
        0.8671511307639452,
        1.1172803093662986
    ],
    "5": [
        0.32222222222222224,
        0.0,
        1.0,
        1,
        1,
        1
    ],
    "6": [
        0.6444444444444445,
        0.9830508474576272,
        0.0,
        1.7205636472751917,
        0.8575783994845456,
        1.1305789178140042
    ],
    "7": [
        0.5222222222222223,
        0.7352941176470589,
        0.39285714285714285,
        1.2472564527528442,
        0.9289094236928562,
        1.1545703884307477
    ],
    "8": [
        0.45555555555555555,
        0.926829268292683,
        0.061224489795918366,
        0.9674316887356527,
        0.951386072544974,
        1.0996684803621701
    ],
    "9": [
        0.5777777777777777,
        0.7547169811320755,
        0.32432432432432434,
        1.3608578481102043,
        0.9441287787096084,
        1.1823974075935249
    ],
    "10": [
        0.5111111111111111,
        1.0,
        0.0,
        1.2414969434854326,
        0.9135810102599939,
        1.1272836103363235
    ],
    "11": [
        0.35555555555555557,
        0.03571428571428571,
        0.8823529411764706,
        1.0488304704248554,
        0.9824923090648972,
        1.0231144635098035
    ]
}