{
    "0": [
        0.4666666666666667,
        0.9767441860465116,
        0.0,
        1.1704204905094622,
        0.8428994816087272,
        1.2316190464924501
    ],
    "1": [
        0.4666666666666667,
        0.24489795918367346,
        0.7317073170731707,
        1.0887928917794993,
        0.8993958574636876,
        1.0897668882566307
    ],
    "2": [
        0.4444444444444444,
        0.9473684210526315,
        0.07692307692307693,
        0.7837265722654045,
        0.8967653668208868,
        1.0921731396767407
    ],
    "3": [
        0.4444444444444444,
        0.11363636363636363,
        0.7608695652173914,
        0.8320309601464796,
        0.9336788081825143,
        1.0415837032379744
    ],
    "4": [
        0.4,
        1.0,
        0.06896551724137931,
        0.5622994761342741,
        0.8671511307639452,
        1.1172803093662986
    ],
    "5": [
        0.3888888888888889,
        0.2459016393442623,
        0.6896551724137931,
        1.0100251235418936,
        0.9510629311205345,
        1.0338337391099
    ],
    "6": [
        0.6888888888888889,
        0.9491525423728814,
        0.1935483870967742,
        1.716299062213497,
        0.8575783994845456,
        1.1305789178140042
    ],
    "7": [
        0.45555555555555555,
        0.5882352941176471,
        0.375,
        0.792400663182195,
        0.8860396298987725,
        1.0761582023758802
    ],
    "8": [
        0.4,
        0.8292682926829268,
        0.04081632653061224,
        1.0307160800661475,
        0.951386072544974,
        1.0996684803621701
    ],
    "9": [
        0.35555555555555557,
        0.09433962264150944,
        0.7297297297297297,
        0.8969274198895368,
        0.9441287787096084,
        1.0269077081751643
    ],
    "10": [
        0.5555555555555556,
        0.8913043478260869,
        0.20454545454545456,
        1.2412753227589108,
        0.9135810102599939,
        1.1272836103363235
    ],
    "11": [
        0.5111111111111111,
        0.5,
        0.5294117647058824,
        1.2107936259070724,
        0.953968507354515,
        1.050820615089816
    ]
}