{
    "0": [
        0.6222222222222222,
        0.9302325581395349,
        0.3404255319148936,
        1.8168540330969647,
        0.8796590351586018,
        1.2316190464924501
    ],
    "1": [
        0.6444444444444445,
        0.673469387755102,
        0.6097560975609756,
        1.0937269639551017,
        0.8993958574636876,
        1.1131882542126519
    ],
    "2": [
        0.4666666666666667,
        0.5263157894736842,
        0.4230769230769231,
        0.8425796167334554,
        0.9360634122815932,
        1.0921731396767407
    ],
    "3": [
        0.6555555555555556,
        0.5,
        0.8043478260869565,
        1.0061562742107046,
        0.9261302404034122,
        1.0404580926767923
    ],
    "4": [
        0.36666666666666664,
        1.0,
        0.017241379310344827,
        0.5427730956881756,
        0.8671511307639452,
        1.1172803093662986
    ],
    "5": [
        0.36666666666666664,
        0.2786885245901639,
        0.5517241379310345,
        1.0329334285757834,
        0.9510629311205345,
        1.0338337391099
    ],
    "6": [
        0.4222222222222222,
        0.5423728813559322,
        0.1935483870967742,
        1.0475998919459988,
        0.8575783994845456,
        1.1270765377324055
    ],
    "7": [
        0.6333333333333333,
        0.029411764705882353,
        1.0,
        1.0288597444343643,
        1,
        1.0288597444343643
    ],
    "8": [
        0.5222222222222223,
        0.4146341463414634,
        0.6122448979591837,
        0.9602980317057104,
        0.951386072544974,
        1.0833847541861696
    ],
    "9": [
        0.37777777777777777,
        0.24528301886792453,
        0.5675675675675675,
        0.9544295545757006,
        0.9399775357549068,
        1.0695539808017047
    ],
    "10": [
        0.5222222222222223,
        0.7391304347826086,
        0.29545454545454547,
        1.1723651290400856,
        0.9135810102599939,
        1.1272836103363235
    ],
    "11": [
        0.6111111111111112,
        0.9821428571428571,
        0.0,
        1.1728125314903153,
        0.8966930841710028,
        1.0761464979382598
    ]
}