{
    "0": [
        0.5777777777777777,
        0.8372093023255814,
        0.3404255319148936,
        1.7055327537389289,
        0.8447552001712682,
        1.2316190464924501
    ],
    "1": [
        0.5666666666666667,
        0.5102040816326531,
        0.6341463414634146,
        1.0539917822011144,
        0.8993958574636876,
        1.1422964360284107
    ],
    "2": [
        0.4666666666666667,
        0.8157894736842105,
        0.21153846153846154,
        0.9220752875375721,
        0.8967653668208868,
        1.0921731396767407
    ],
    "3": [
        0.5222222222222223,
        0.3409090909090909,
        0.6956521739130435,
        0.8982955440254122,
        0.9336788081825143,
        1.0415837032379744
    ],
    "4": [
        0.43333333333333335,
        0.84375,
        0.20689655172413793,
        0.6906227000073754,
        0.8671511307639452,
        1.1172803093662986
    ],
    "5": [
        0.6222222222222222,
        0.7540983606557377,
        0.3448275862068966,
        1.2830084370560768,
        0.9201515999964976,
        1.1754155175665129
    ],
    "6": [
        0.6222222222222222,
        0.8135593220338984,
        0.25806451612903225,
        1.721886875179512,
        0.8575783994845456,
        1.1305789178140042
    ],
    "7": [
        0.4,
        1.0,
        0.03571428571428571,
        0.9763001529978406,
        0.8860396298987725,
        1.1545703884307477
    ],
    "8": [
        0.43333333333333335,
        0.7804878048780488,
        0.14285714285714285,
        1.088620916757773,
        0.951386072544974,
        1.0996684803621701
    ],
    "9": [
        0.5333333333333333,
        0.7735849056603774,
        0.1891891891891892,
        1.3932760961606325,
        0.9302193023206287,
        1.1823974075935249
    ],
    "10": [
        0.4888888888888889,
        0.9130434782608695,
        0.045454545454545456,
        1.2137863381406224,
        0.9135810102599939,
        1.1272836103363235
    ],
    "11": [
        0.5333333333333333,
        0.4642857142857143,
        0.6470588235294118,
        1.1150785646918806,
        0.9398616925512996,
        1.050820615089816
    ]
}