{
    "0": [
        0.43333333333333335,
        0.06976744186046512,
        0.7659574468085106,
        0.639792870660445,
        0.8428994816087272,
        1.1193362550136103
    ],
    "1": [
        0.5555555555555556,
        0.8979591836734694,
        0.14634146341463414,
        1.1942222918586598,
        0.8976005373352774,
        1.1422964360284107
    ],
    "2": [
        0.45555555555555555,
        0.21052631578947367,
        0.6346153846153846,
        0.9374580919497374,
        0.9029473490481763,
        1.0537517108668841
    ],
    "3": [
        0.37777777777777777,
        0.1590909090909091,
        0.5869565217391305,
        0.996493971277533,
        0.9489630275408387,
        1.0497484108008053
    ],
    "4": [
        0.4777777777777778,
        0.09375,
        0.6896551724137931,
        0.6295246065855258,
        0.8671511307639452,
        1.1172803093662986
    ],
    "5": [
        0.4444444444444444,
        0.36065573770491804,
        0.6206896551724138,
        1.0704897499023613,
        0.9510629311205345,
        1.0338337391099
    ],
    "6": [
        0.6222222222222222,
        0.9491525423728814,
        0.0,
        1.6624639726606676,
        0.8575783994845456,
        1.1305789178140042
    ],
    "7": [
        0.3888888888888889,
        0.2647058823529412,
        0.4642857142857143,
        0.8307607147338998,
        0.8860396298987725,
        1.0761582023758802
    ],
    "8": [
        0.4666666666666667,
        0.5853658536585366,
        0.3673469387755102,
        0.9103294055743093,
        0.9517746306255636,
        1.0518116263863733
    ],
    "9": [
        0.4111111111111111,
        0.5660377358490566,
        0.1891891891891892,
        0.740828104686024,
        0.614238250602748,
        1.1823974075935249
    ],
    "10": [
        0.4444444444444444,
        0.8695652173913043,
        0.0,
        1.2102731730260037,
        0.9135810102599939,
        1.1272836103363235
    ],
    "11": [
        0.5333333333333333,
        0.25,
        1.0,
        1.2321677427168642,
        0.9849489256739209,
        1.112765044031118
    ]
}