{
    "0": [
        0.43333333333333335,
        0.09302325581395349,
        0.7446808510638298,
        0.6597426607326115,
        0.8428994816087272,
        1.1193362550136103
    ],
    "1": [
        0.43333333333333335,
        0.5918367346938775,
        0.24390243902439024,
        1.2369912502863443,
        0.8993958574636876,
        1.1422964360284107
    ],
    "2": [
        0.4,
        0.05263157894736842,
        0.6538461538461539,
        0.7713376037190213,
        0.9360634122815932,
        1.0332335154968404
    ],
    "3": [
        0.4444444444444444,
        0.2727272727272727,
        0.6086956521739131,
        1.0528393720792493,
        0.9489630275408387,
        1.0497484108008053
    ],
    "4": [
        0.32222222222222224,
        0.875,
        0.017241379310344827,
        0.5488271915300316,
        0.8671511307639452,
        1.1172803093662986
    ],
    "5": [
        0.3111111111111111,
        0.0,
        0.9655172413793104,
        0.9986389277326733,
        0.9986389277326733,
        1
    ],
    "6": [
        0.6444444444444445,
        0.9830508474576272,
        0.0,
        1.729971393639728,
        0.8575783994845456,
        1.1305789178140042
    ],
    "7": [
        0.35555555555555557,
        0.23529411764705882,
        0.42857142857142855,
        1.0318939385303052,
        0.9213085471592081,
        1.0761582023758802
    ],
    "8": [
        0.6555555555555556,
        0.7317073170731707,
        0.5918367346938775,
        1.267715854495137,
        0.9539722791134384,
        1.0996684803621701
    ],
    "9": [
        0.3,
        0.3584905660377358,
        0.21621621621621623,
        0.6667091380958827,
        0.614238250602748,
        1.1823974075935249
    ],
    "10": [
        0.5,
        0.021739130434782608,
        1.0,
        1.001614289672695,
        1,
        1.001614289672695
    ],
    "11": [
        0.5,
        0.39285714285714285,
        0.6764705882352942,
        1.2339965146050242,
        0.953968507354515,
        1.112765044031118
    ]
}