{
    "0": [
        0.5333333333333333,
        0.023255813953488372,
        1.0,
        0.9237196231755173,
        0.9237196231755173,
        1
    ],
    "1": [
        0.3888888888888889,
        0.08163265306122448,
        0.7560975609756098,
        0.9050397515211462,
        0.8993958574636876,
        1.1131882542126519
    ],
    "2": [
        0.3,
        0.10526315789473684,
        0.4423076923076923,
        0.7481833297426049,
        0.9029473490481763,
        1.0537517108668841
    ],
    "3": [
        0.45555555555555555,
        0.25,
        0.6521739130434783,
        0.9790261580757404,
        0.9489630275408387,
        1.0497484108008053
    ],
    "4": [
        0.4777777777777778,
        0.03125,
        0.7241379310344828,
        0.6648368350789926,
        0.8671511307639452,
        1.1172803093662986
    ],
    "5": [
        0.35555555555555557,
        0.21311475409836064,
        0.6551724137931034,
        1.0338402547639833,
        0.9510629311205345,
        1.0338337391099
    ],
    "6": [
        0.5888888888888889,
        0.8983050847457628,
        0.0,
        1.3792820386733355,
        0.8575783994845456,
        1.1270765377324055
    ],
    "7": [
        0.37777777777777777,
        0.4117647058823529,
        0.35714285714285715,
        0.7407062825484224,
        0.8860396298987725,
        1.0761582023758802
    ],
    "8": [
        0.5888888888888889,
        0.36585365853658536,
        0.7755102040816326,
        1.1926507551841203,
        0.9749806590771442,
        1.0996684803621701
    ],
    "9": [
        0.2777777777777778,
        0.33962264150943394,
        0.1891891891891892,
        0.6444126978815754,
        0.614238250602748,
        1.1823974075935249
    ],
    "10": [
        0.5222222222222223,
        0.6304347826086957,
        0.4090909090909091,
        1.0915634953480318,
        0.9135810102599939,
        1.078811281340542
    ],
    "11": [
        0.5666666666666667,
        0.8214285714285714,
        0.14705882352941177,
        1.1852357461053977,
        0.8966930841710028,
        1.112765044031118
    ]
}