{
    "0": [
        0.4666666666666667,
        0.06976744186046512,
        0.8297872340425532,
        0.6144594348607433,
        0.8428994816087272,
        1.1193362550136103
    ],
    "1": [
        0.5,
        0.7551020408163265,
        0.1951219512195122,
        1.2358672363977192,
        0.8976005373352774,
        1.1422964360284107
    ],
    "2": [
        0.4444444444444444,
        0.10526315789473684,
        0.6923076923076923,
        0.9216675208725553,
        0.9029473490481763,
        1.0537517108668841
    ],
    "3": [
        0.4444444444444444,
        0.022727272727272728,
        0.8478260869565217,
        1.0014415300933341,
        0.9715789456023118,
        1.0497484108008053
    ],
    "4": [
        0.5,
        0.03125,
        0.7586206896551724,
        0.6031384141431372,
        0.8671511307639452,
        1.0423761213303204
    ],
    "5": [
        0.5777777777777777,
        0.6229508196721312,
        0.4827586206896552,
        1.405618571009025,
        0.9510629311205345,
        1.1754155175665129
    ],
    "6": [
        0.6444444444444445,
        0.9830508474576272,
        0.0,
        1.729971393639728,
        0.8575783994845456,
        1.1305789178140042
    ],
    "7": [
        0.4111111111111111,
        0.29411764705882354,
        0.48214285714285715,
        0.8883693524767297,
        0.9213085471592081,
        1.0761582023758802
    ],
    "8": [
        0.5777777777777777,
        0.6829268292682927,
        0.4897959183673469,
        1.1403156037820787,
        0.9517746306255636,
        1.0996684803621701
    ],
    "9": [
        0.5777777777777777,
        0.9811320754716981,
        0.0,
        0.8243842761453034,
        0.614238250602748,
        1.1823974075935249
    ],
    "10": [
        0.4666666666666667,
        0.9130434782608695,
        0.0,
        1.2494565187724038,
        0.9135810102599939,
        1.1272836103363235
    ],
    "11": [
        0.5333333333333333,
        0.25,
        1.0,
        1.2321677427168642,
        0.9849489256739209,
        1.112765044031118
    ]
}