{
    "0": [
        0.4444444444444444,
        0.06976744186046512,
        0.7872340425531915,
        0.6424845568054304,
        0.8428994816087272,
        1.1193362550136103
    ],
    "1": [
        0.4111111111111111,
        0.5918367346938775,
        0.1951219512195122,
        0.9855310638542664,
        0.8976005373352774,
        1.1422964360284107
    ],
    "2": [
        0.36666666666666664,
        0.10526315789473684,
        0.5576923076923077,
        0.7078589979364307,
        0.9029473490481763,
        1.0332335154968404
    ],
    "3": [
        0.4222222222222222,
        0.29545454545454547,
        0.5434782608695652,
        1.000373649619069,
        0.9489630275408387,
        1.0497484108008053
    ],
    "4": [
        0.4777777777777778,
        0.0625,
        0.7068965517241379,
        0.6671215970643468,
        0.8671511307639452,
        1.1172803093662986
    ],
    "5": [
        0.5555555555555556,
        0.6557377049180327,
        0.3448275862068966,
        1.0952171211575974,
        0.9201515999964976,
        1.0353789874767925
    ],
    "6": [
        0.6555555555555556,
        1.0,
        0.0,
        1.7484607719202154,
        0.8575783994845456,
        1.1305789178140042
    ],
    "7": [
        0.3888888888888889,
        0.7058823529411765,
        0.19642857142857142,
        0.8495185568432599,
        0.8860396298987725,
        1.1545703884307477
    ],
    "8": [
        0.5666666666666667,
        0.7073170731707317,
        0.4489795918367347,
        1.1096140647086135,
        0.9517746306255636,
        1.0996684803621701
    ],
    "9": [
        0.4666666666666667,
        0.660377358490566,
        0.1891891891891892,
        0.6696636154138129,
        0.614238250602748,
        1.1823974075935249
    ],
    "10": [
        0.34444444444444444,
        0.5434782608695652,
        0.13636363636363635,
        0.9647786263872048,
        0.9135810102599939,
        1.0759544369374359
    ],
    "11": [
        0.5111111111111111,
        0.42857142857142855,
        0.6470588235294118,
        1.0892990896120145,
        0.8966930841710028,
        1.112765044031118
    ]
}