{
    "0": [
        0.4444444444444444,
        0.09302325581395349,
        0.7659574468085106,
        0.6276018619801009,
        0.8428994816087272,
        1.1193362550136103
    ],
    "1": [
        0.5222222222222223,
        0.9387755102040817,
        0.024390243902439025,
        1.0196189132357978,
        0.8976005373352774,
        1.1422964360284107
    ],
    "2": [
        0.3333333333333333,
        0.10526315789473684,
        0.5,
        0.7583011576698522,
        0.9029473490481763,
        1.0537517108668841
    ],
    "3": [
        0.4444444444444444,
        0.1590909090909091,
        0.717391304347826,
        0.9553840281268549,
        0.9489630275408387,
        1.0497484108008053
    ],
    "4": [
        0.5222222222222223,
        0.03125,
        0.7931034482758621,
        0.6785708522707673,
        0.8671511307639452,
        1.0423761213303204
    ],
    "5": [
        0.26666666666666666,
        0.06557377049180328,
        0.6896551724137931,
        1.0874501333153364,
        0.9930115864024506,
        1.0227954182087269
    ],
    "6": [
        0.6444444444444445,
        0.9830508474576272,
        0.0,
        1.729971393639728,
        0.8575783994845456,
        1.1305789178140042
    ],
    "7": [
        0.4,
        0.2647058823529412,
        0.48214285714285715,
        0.8215940953052187,
        0.8860396298987725,
        1.0761582023758802
    ],
    "8": [
        0.4111111111111111,
        0.8780487804878049,
        0.02040816326530612,
        0.997210743652452,
        0.951386072544974,
        1.0996684803621701
    ],
    "9": [
        0.6,
        0.7547169811320755,
        0.3783783783783784,
        0.8673088213312374,
        0.614238250602748,
        1.1823974075935249
    ],
    "10": [
        0.4888888888888889,
        0.782608695652174,
        0.18181818181818182,
        1.1831004396433442,
        0.9135810102599939,
        1.1272836103363235
    ],
    "11": [
        0.5555555555555556,
        0.7857142857142857,
        0.17647058823529413,
        1.1819951399461741,
        0.8966930841710028,
        1.112765044031118
    ]
}