{
    "0": [
        0.4666666666666667,
        0.06976744186046512,
        0.8297872340425532,
        0.6144594348607433,
        0.8428994816087272,
        1.1193362550136103
    ],
    "1": [
        0.5222222222222223,
        0.9387755102040817,
        0.024390243902439025,
        1.0470969579815692,
        0.8976005373352774,
        1.1422964360284107
    ],
    "2": [
        0.36666666666666664,
        0.18421052631578946,
        0.5,
        0.8082206711130187,
        0.9029473490481763,
        1.0537517108668841
    ],
    "3": [
        0.4444444444444444,
        0.20454545454545456,
        0.6739130434782609,
        0.9952319051411629,
        0.9489630275408387,
        1.0497484108008053
    ],
    "4": [
        0.4888888888888889,
        0.0625,
        0.7241379310344828,
        0.6649501942845263,
        0.8671511307639452,
        1.1172803093662986
    ],
    "5": [
        0.5111111111111111,
        0.4918032786885246,
        0.5517241379310345,
        1.0938232862979318,
        0.9510629311205345,
        1.0353789874767925
    ],
    "6": [
        0.6222222222222222,
        0.9491525423728814,
        0.0,
        1.6624639726606676,
        0.8575783994845456,
        1.1305789178140042
    ],
    "7": [
        0.4111111111111111,
        0.23529411764705882,
        0.5178571428571429,
        1.2183273251686455,
        0.9213085471592081,
        1.1545703884307477
    ],
    "8": [
        0.5,
        0.24390243902439024,
        0.7142857142857143,
        1.1172450314489346,
        0.954154372267397,
        1.0510177227494786
    ],
    "9": [
        0.3111111111111111,
        0.37735849056603776,
        0.21621621621621623,
        0.664554476378632,
        0.614238250602748,
        1.1823974075935249
    ],
    "10": [
        0.4777777777777778,
        0.9347826086956522,
        0.0,
        1.243954895278639,
        0.9135810102599939,
        1.1272836103363235
    ],
    "11": [
        0.5666666666666667,
        0.6607142857142857,
        0.4117647058823529,
        1.1938596277385947,
        0.8966930841710028,
        1.112765044031118
    ]
}