{
    "0": [
        0.4222222222222222,
        0.09302325581395349,
        0.723404255319149,
        0.6609551623793797,
        0.8428994816087272,
        1.1193362550136103
    ],
    "1": [
        0.34444444444444444,
        0.061224489795918366,
        0.6829268292682927,
        1.12829662538956,
        0.8993958574636876,
        1.1131882542126519
    ],
    "2": [
        0.3888888888888889,
        0.21052631578947367,
        0.5192307692307693,
        0.9052280692595207,
        0.9029473490481763,
        1.0537517108668841
    ],
    "3": [
        0.43333333333333335,
        0.29545454545454547,
        0.5652173913043478,
        0.9614742358775854,
        0.9489630275408387,
        1.0497484108008053
    ],
    "4": [
        0.4666666666666667,
        0.0625,
        0.6896551724137931,
        0.6724926615578185,
        0.8671511307639452,
        1.1172803093662986
    ],
    "5": [
        0.35555555555555557,
        0.2786885245901639,
        0.5172413793103449,
        1.0567369286703587,
        0.9510629311205345,
        1.0338337391099
    ],
    "6": [
        0.5777777777777777,
        0.8813559322033898,
        0.0,
        1.4267435989203612,
        0.8575783994845456,
        1.1270765377324055
    ],
    "7": [
        0.4444444444444444,
        0.2647058823529412,
        0.5535714285714286,
        1.0744868763389428,
        0.8860396298987725,
        1.1545703884307477
    ],
    "8": [
        0.5222222222222223,
        0.17073170731707318,
        0.8163265306122449,
        0.9851200365847658,
        0.954154372267397,
        1.0437919307734291
    ],
    "9": [
        0.4444444444444444,
        0.6037735849056604,
        0.21621621621621623,
        0.6240444755657785,
        0.614238250602748,
        1.1823974075935249
    ],
    "10": [
        0.6111111111111112,
        0.6956521739130435,
        0.5227272727272727,
        1.4675626990093387,
        0.9135810102599939,
        1.1272836103363235
    ],
    "11": [
        0.5333333333333333,
        0.25,
        1.0,
        1.2321677427168642,
        0.9849489256739209,
        1.112765044031118
    ]
}