{
    "0": [
        0.4444444444444444,
        0.09302325581395349,
        0.7659574468085106,
        0.6276018619801009,
        0.8428994816087272,
        1.1193362550136103
    ],
    "1": [
        0.5555555555555556,
        0.8979591836734694,
        0.14634146341463414,
        1.1049821059474927,
        0.8976005373352774,
        1.1422964360284107
    ],
    "2": [
        0.5222222222222223,
        0.02631578947368421,
        0.8846153846153846,
        0.9832395188178392,
        0.9688474747049549,
        1.0466594156990907
    ],
    "3": [
        0.43333333333333335,
        0.13636363636363635,
        0.717391304347826,
        0.9634316559357903,
        0.9489630275408387,
        1.0497484108008053
    ],
    "4": [
        0.4444444444444444,
        0.0625,
        0.6551724137931034,
        0.6390028235414468,
        0.8671511307639452,
        1.1172803093662986
    ],
    "5": [
        0.3111111111111111,
        0.03278688524590164,
        0.896551724137931,
        1.0290251802206434,
        0.9804279995294566,
        1.0338337391099
    ],
    "6": [
        0.6444444444444445,
        0.9830508474576272,
        0.0,
        1.729971393639728,
        0.8575783994845456,
        1.1305789178140042
    ],
    "7": [
        0.35555555555555557,
        0.5,
        0.26785714285714285,
        1.044459973821564,
        0.9213085471592081,
        1.1545703884307477
    ],
    "8": [
        0.5,
        0.5121951219512195,
        0.4897959183673469,
        1.0686686369423284,
        0.9517746306255636,
        1.0996684803621701
    ],
    "9": [
        0.34444444444444444,
        0.4339622641509434,
        0.21621621621621623,
        0.5764486244635305,
        0.614238250602748,
        1.1412883414010726
    ],
    "10": [
        0.4888888888888889,
        0.5217391304347826,
        0.45454545454545453,
        1.2412231451703886,
        0.9135810102599939,
        1.1272836103363235
    ],
    "11": [
        0.5111111111111111,
        0.5892857142857143,
        0.38235294117647056,
        1.1577157027671423,
        0.8966930841710028,
        1.112765044031118
    ]
}