{
    "0": [
        0.4888888888888889,
        0.023255813953488372,
        0.9148936170212766,
        0.7738465917959726,
        0.8428994816087272,
        1.1193362550136103
    ],
    "1": [
        0.4444444444444444,
        0.061224489795918366,
        0.9024390243902439,
        1.2239089758804802,
        0.9456391960005189,
        1.1131882542126519
    ],
    "2": [
        0.5555555555555556,
        0.05263157894736842,
        0.9230769230769231,
        0.9494129580475391,
        0.9695676234518912,
        1.0080575150679765
    ],
    "3": [
        0.4777777777777778,
        0.22727272727272727,
        0.717391304347826,
        0.9565191045236274,
        0.9489630275408387,
        1.0497484108008053
    ],
    "4": [
        0.2222222222222222,
        0.53125,
        0.05172413793103448,
        0.5257246909855701,
        0.8671511307639452,
        1.1172803093662986
    ],
    "5": [
        0.5666666666666667,
        0.6065573770491803,
        0.4827586206896552,
        1.391594138187811,
        0.9510629311205345,
        1.1754155175665129
    ],
    "6": [
        0.4888888888888889,
        0.4406779661016949,
        0.5806451612903226,
        1.5440933593448312,
        0.8575783994845456,
        1.111283046194372
    ],
    "7": [
        0.37777777777777777,
        0.6470588235294118,
        0.21428571428571427,
        1.1049509536343538,
        0.9213085471592081,
        1.1545703884307477
    ],
    "8": [
        0.5,
        0.6585365853658537,
        0.3673469387755102,
        1.1553463135415314,
        0.9517746306255636,
        1.0996684803621701
    ],
    "9": [
        0.3333333333333333,
        0.4339622641509434,
        0.1891891891891892,
        0.7427416196336327,
        0.614238250602748,
        1.1823974075935249
    ],
    "10": [
        0.3888888888888889,
        0.7608695652173914,
        0.0,
        1.2471279151272414,
        0.9372473116814342,
        1.1272836103363235
    ],
    "11": [
        0.5111111111111111,
        0.30357142857142855,
        0.8529411764705882,
        1.2917421540990064,
        0.9849489256739209,
        1.112765044031118
    ]
}