{
    "0": [
        0.4,
        0.3023255813953488,
        0.48936170212765956,
        0.8515559257046633,
        0.8428994816087272,
        1.1193362550136103
    ],
    "1": [
        0.4444444444444444,
        0.3877551020408163,
        0.5121951219512195,
        0.7496466123866269,
        0.8976005373352774,
        1.0803778479584907
    ],
    "2": [
        0.36666666666666664,
        0.6578947368421053,
        0.15384615384615385,
        0.9664490141572055,
        0.8967653668208868,
        1.0921731396767407
    ],
    "3": [
        0.7444444444444445,
        0.7272727272727273,
        0.7608695652173914,
        1.037588088885199,
        0.9261302404034122,
        1.0324221310424897
    ],
    "4": [
        0.5555555555555556,
        0.6875,
        0.4827586206896552,
        0.9594451570257827,
        0.911807536373567,
        1.1026824909934292
    ],
    "5": [
        0.3333333333333333,
        0.01639344262295082,
        1.0,
        0.9861612369586473,
        0.9861612369586473,
        1
    ],
    "6": [
        0.34444444444444444,
        0.0,
        1.0,
        1,
        1,
        1
    ],
    "7": [
        0.4777777777777778,
        0.2647058823529412,
        0.6071428571428571,
        1.177431609066646,
        0.9289094236928562,
        1.1545703884307477
    ],
    "8": [
        0.6,
        0.8536585365853658,
        0.3877551020408163,
        0.9865930384393852,
        0.951386072544974,
        1.0833847541861696
    ],
    "9": [
        0.3333333333333333,
        0.4339622641509434,
        0.1891891891891892,
        0.6655283348475133,
        0.614238250602748,
        1.1823974075935249
    ],
    "10": [
        0.5333333333333333,
        0.8695652173913043,
        0.18181818181818182,
        1.143322250809818,
        0.9135810102599939,
        1.078811281340542
    ],
    "11": [
        0.35555555555555557,
        0.3392857142857143,
        0.38235294117647056,
        0.9088786058297849,
        0.8966930841710028,
        1.0345883457826892
    ]
}