{
    "0": [
        0.23333333333333334,
        0.4883720930232558,
        0.0,
        0.518334520782778,
        0.8428994816087272,
        1.1199363948156908
    ],
    "1": [
        0.5666666666666667,
        0.46938775510204084,
        0.6829268292682927,
        0.8467726866962257,
        0.8993958574636876,
        1.0897668882566307
    ],
    "2": [
        0.34444444444444444,
        0.6052631578947368,
        0.15384615384615385,
        0.6348200370336743,
        0.8967653668208868,
        1.0537517108668841
    ],
    "3": [
        0.5,
        0.0,
        0.9782608695652174,
        0.9715789456023118,
        0.9715789456023118,
        1
    ],
    "4": [
        0.35555555555555557,
        0.53125,
        0.25862068965517243,
        0.47593156744411763,
        0.8671511307639452,
        1.1172803093662986
    ],
    "5": [
        0.4111111111111111,
        0.3770491803278688,
        0.4827586206896552,
        1.2060612270524809,
        0.9510629311205345,
        1.0767682140985009
    ],
    "6": [
        0.37777777777777777,
        0.06779661016949153,
        0.967741935483871,
        1.046785554462421,
        0.9929652716209666,
        1.0500675338236314
    ],
    "7": [
        0.4,
        0.7647058823529411,
        0.17857142857142858,
        0.8022077633169196,
        0.8860396298987725,
        1.0761582023758802
    ],
    "8": [
        0.5555555555555556,
        0.24390243902439024,
        0.8163265306122449,
        1.1333593124344092,
        0.968394897809205,
        1.0996684803621701
    ],
    "9": [
        0.37777777777777777,
        0.33962264150943394,
        0.43243243243243246,
        0.8465421837395242,
        0.9102666786883837,
        1.0475966430219024
    ],
    "10": [
        0.5222222222222223,
        0.8913043478260869,
        0.13636363636363635,
        1.254246951326313,
        0.9135810102599939,
        1.1272836103363235
    ],
    "11": [
        0.5888888888888889,
        0.9464285714285714,
        0.0,
        1.1648895821222451,
        0.8966930841710028,
        1.0761464979382598
    ]
}