{
    "0": [
        0.4222222222222222,
        0.06976744186046512,
        0.7446808510638298,
        0.7142239313533051,
        0.8428994816087272,
        1.1193362550136103
    ],
    "1": [
        0.5,
        0.42857142857142855,
        0.5853658536585366,
        0.791728778571469,
        0.8993958574636876,
        1.0803778479584907
    ],
    "2": [
        0.4222222222222222,
        1.0,
        0.0,
        0.7636991557977252,
        0.8967653668208868,
        1.0921731396767407
    ],
    "3": [
        0.7,
        0.9318181818181818,
        0.4782608695652174,
        1.1129145489788883,
        0.9261302404034122,
        1.0497484108008053
    ],
    "4": [
        0.5333333333333333,
        0.0625,
        0.7931034482758621,
        0.9355263299346565,
        0.9661751620041374,
        1.011106734069926
    ],
    "5": [
        0.4111111111111111,
        0.22950819672131148,
        0.7931034482758621,
        1.0479461237414878,
        0.9201515999964976,
        1.064734270853694
    ],
    "6": [
        0.3,
        0.06779661016949153,
        0.7419354838709677,
        0.9530846281315722,
        0.9367275300554486,
        1.0400966990418317
    ],
    "7": [
        0.4888888888888889,
        0.3235294117647059,
        0.5892857142857143,
        0.9926311397326161,
        0.9213085471592081,
        1.1545703884307477
    ],
    "8": [
        0.5666666666666667,
        0.04878048780487805,
        1.0,
        1.005568073538007,
        0.9979389251012581,
        1.0076449051588752
    ],
    "9": [
        0.5444444444444444,
        0.32075471698113206,
        0.8648648648648649,
        1.4303223642658167,
        0.9450091581568407,
        1.1823974075935249
    ],
    "10": [
        0.5777777777777777,
        0.8913043478260869,
        0.25,
        1.2455326152058608,
        0.9135810102599939,
        1.1272836103363235
    ],
    "11": [
        0.35555555555555557,
        0.017857142857142856,
        0.9117647058823529,
        1.0440558571035359,
        1,
        1.0231144635098035
    ]
}