{
    "0": [
        0.4444444444444444,
        0.8604651162790697,
        0.06382978723404255,
        0.8556889824559913,
        0.8428994816087272,
        1.2316190464924501
    ],
    "1": [
        0.5888888888888889,
        0.6938775510204082,
        0.4634146341463415,
        0.8212975421660799,
        0.8993958574636876,
        1.0897668882566307
    ],
    "2": [
        0.4444444444444444,
        0.2631578947368421,
        0.5769230769230769,
        0.8178599421605997,
        0.9360634122815932,
        1.0466594156990907
    ],
    "3": [
        0.5666666666666667,
        0.45454545454545453,
        0.6739130434782609,
        1.1179519077546798,
        0.9416399759588683,
        1.0415837032379744
    ],
    "4": [
        0.7111111111111111,
        0.1875,
        1.0,
        1.10419579348566,
        0.9424445516142277,
        1.1026824909934292
    ],
    "5": [
        0.32222222222222224,
        0.14754098360655737,
        0.6896551724137931,
        1.086671988969658,
        0.9534713219780738,
        1.0338337391099
    ],
    "6": [
        0.6222222222222222,
        0.9322033898305084,
        0.03225806451612903,
        1.8270331563025377,
        0.8575783994845456,
        1.1305789178140042
    ],
    "7": [
        0.6333333333333333,
        0.4411764705882353,
        0.75,
        1.149447476312838,
        0.9419149156328538,
        1.0761582023758802
    ],
    "8": [
        0.5333333333333333,
        0.12195121951219512,
        0.8775510204081632,
        0.9978476403881461,
        0.968394897809205,
        1.0364075305018494
    ],
    "9": [
        0.4888888888888889,
        0.5660377358490566,
        0.3783783783783784,
        0.7215009878509978,
        0.614238250602748,
        1.1823974075935249
    ],
    "10": [
        0.5333333333333333,
        0.8043478260869565,
        0.25,
        1.3009801748155732,
        0.9372473116814342,
        1.1272836103363235
    ],
    "11": [
        0.3888888888888889,
        0.32142857142857145,
        0.5,
        1.0726855888808426,
        0.9564820017436121,
        1.050820615089816
    ]
}