{
    "0": [
        0.37777777777777777,
        0.7906976744186046,
        0.0,
        0.8894541760568575,
        0.8428994816087272,
        1.2316190464924501
    ],
    "1": [
        0.6222222222222222,
        0.5510204081632653,
        0.7073170731707317,
        1.2807507163315892,
        0.9068769836662509,
        1.1422964360284107
    ],
    "2": [
        0.5111111111111111,
        0.7631578947368421,
        0.3269230769230769,
        0.8453211462930186,
        0.8967653668208868,
        1.0921731396767407
    ],
    "3": [
        0.5888888888888889,
        0.5454545454545454,
        0.6304347826086957,
        1.1126490924321832,
        0.9336788081825143,
        1.0415837032379744
    ],
    "4": [
        0.4222222222222222,
        0.3125,
        0.4827586206896552,
        0.8463713278069408,
        0.8935441597545427,
        1.1172803093662986
    ],
    "5": [
        0.37777777777777777,
        0.13114754098360656,
        0.896551724137931,
        1.0722315269940088,
        0.9201515999964976,
        1.064734270853694
    ],
    "6": [
        0.5444444444444444,
        0.4406779661016949,
        0.7419354838709677,
        1.2982258292194395,
        0.8707473242818813,
        1.1034163726621444
    ],
    "7": [
        0.37777777777777777,
        1.0,
        0.0,
        0.9067176888350073,
        0.8860396298987725,
        1.1545703884307477
    ],
    "8": [
        0.6777777777777778,
        0.6341463414634146,
        0.7142857142857143,
        1.2367841697056288,
        0.968394897809205,
        1.0833847541861696
    ],
    "9": [
        0.4111111111111111,
        0.2641509433962264,
        0.6216216216216216,
        0.9602854126915393,
        0.9441287787096084,
        1.0475966430219024
    ],
    "10": [
        0.6333333333333333,
        0.6304347826086957,
        0.6363636363636364,
        1.214472638300273,
        0.9135810102599939,
        1.1272836103363235
    ],
    "11": [
        0.4111111111111111,
        0.17857142857142858,
        0.7941176470588235,
        1.0449315228293479,
        0.9564820017436121,
        1.050820615089816
    ]
}