{
    "0": [
        0.4666666666666667,
        0.5116279069767442,
        0.425531914893617,
        0.87451862065521,
        0.8428994816087272,
        1.2316190464924501
    ],
    "1": [
        0.5666666666666667,
        0.9591836734693877,
        0.0975609756097561,
        1.2786134635460222,
        0.8976005373352774,
        1.1422964360284107
    ],
    "2": [
        0.5555555555555556,
        0.39473684210526316,
        0.6730769230769231,
        1.1172104619632213,
        0.9360634122815932,
        1.0921731396767407
    ],
    "3": [
        0.6444444444444445,
        0.7954545454545454,
        0.5,
        1.1915545049488196,
        0.9641825459408555,
        1.0497484108008053
    ],
    "4": [
        0.4888888888888889,
        0.21875,
        0.6379310344827587,
        0.8826887186088015,
        0.911807536373567,
        1.0729698336752207
    ],
    "5": [
        0.3333333333333333,
        0.01639344262295082,
        1.0,
        1,
        1,
        1
    ],
    "6": [
        0.6555555555555556,
        1.0,
        0.0,
        1.7484607719202154,
        0.8575783994845456,
        1.1305789178140042
    ],
    "7": [
        0.35555555555555557,
        0.6470588235294118,
        0.17857142857142858,
        0.7854012083630321,
        0.8860396298987725,
        1.1545703884307477
    ],
    "8": [
        0.6111111111111112,
        0.4146341463414634,
        0.7755102040816326,
        1.2517965100491035,
        0.968394897809205,
        1.0833847541861696
    ],
    "9": [
        0.35555555555555557,
        0.18867924528301888,
        0.5945945945945946,
        0.9112044979039907,
        0.9441287787096084,
        1.0475966430219024
    ],
    "10": [
        0.5666666666666667,
        0.6956521739130435,
        0.4318181818181818,
        1.2024334079139876,
        0.9135810102599939,
        1.1272836103363235
    ],
    "11": [
        0.4111111111111111,
        0.26785714285714285,
        0.6470588235294118,
        1.0584058506833383,
        0.9564820017436121,
        1.050820615089816
    ]
}