{
    "0": [
        0.37777777777777777,
        0.6976744186046512,
        0.0851063829787234,
        0.647738027694481,
        0.8428994816087272,
        1.2316190464924501
    ],
    "1": [
        0.5111111111111111,
        0.46938775510204084,
        0.5609756097560976,
        1.0090376423847234,
        0.8976005373352774,
        1.1422964360284107
    ],
    "2": [
        0.5,
        0.39473684210526316,
        0.5769230769230769,
        0.7674059188823074,
        0.9360634122815932,
        1.0921731396767407
    ],
    "3": [
        0.45555555555555555,
        0.06818181818181818,
        0.8260869565217391,
        0.9905057160540516,
        0.969124793782672,
        1.0404580926767923
    ],
    "4": [
        0.4666666666666667,
        0.40625,
        0.5,
        0.8233994661482607,
        0.8671511307639452,
        1.0729698336752207
    ],
    "5": [
        0.37777777777777777,
        0.13114754098360656,
        0.896551724137931,
        1.0423252604152484,
        0.9534713219780738,
        1.0338337391099
    ],
    "6": [
        0.45555555555555555,
        0.4576271186440678,
        0.45161290322580644,
        1.4650037662547502,
        0.930098717169988,
        1.1270765377324055
    ],
    "7": [
        0.36666666666666664,
        0.9705882352941176,
        0.0,
        0.8965019609552837,
        0.8860396298987725,
        1.1545703884307477
    ],
    "8": [
        0.5333333333333333,
        0.12195121951219512,
        0.8775510204081632,
        1.0621509210184286,
        0.9702760900406621,
        1.0518116263863733
    ],
    "9": [
        0.5555555555555556,
        0.3584905660377358,
        0.8378378378378378,
        1.354281428455001,
        0.9302193023206287,
        1.1823974075935249
    ],
    "10": [
        0.6,
        0.8043478260869565,
        0.38636363636363635,
        1.194589121231426,
        0.9135810102599939,
        1.1272836103363235
    ],
    "11": [
        0.3111111111111111,
        0.19642857142857142,
        0.5,
        0.8877808079510118,
        0.8966930841710028,
        1.0298427175552842
    ]
}