{
    "0": [
        0.5111111111111111,
        0.023255813953488372,
        0.9574468085106383,
        0.8282124545338416,
        0.9237196231755173,
        1
    ],
    "1": [
        0.43333333333333335,
        0.16326530612244897,
        0.7560975609756098,
        0.8442122584451062,
        0.8976005373352774,
        1.1422964360284107
    ],
    "2": [
        0.4222222222222222,
        1.0,
        0.0,
        0.7636991557977252,
        0.8967653668208868,
        1.0921731396767407
    ],
    "3": [
        0.5666666666666667,
        0.5909090909090909,
        0.5434782608695652,
        0.9883009607416464,
        0.9336788081825143,
        1.0415837032379744
    ],
    "4": [
        0.5222222222222223,
        0.125,
        0.7413793103448276,
        0.5789181155922157,
        0.8671511307639452,
        1.0423761213303204
    ],
    "5": [
        0.35555555555555557,
        0.21311475409836064,
        0.6551724137931034,
        1.0338402547639833,
        0.9510629311205345,
        1.0338337391099
    ],
    "6": [
        0.34444444444444444,
        0.1694915254237288,
        0.6774193548387096,
        0.9660465980153081,
        0.901987449185666,
        1.1270765377324055
    ],
    "7": [
        0.5,
        0.029411764705882353,
        0.7857142857142857,
        0.9817119602479193,
        0.9804161648940984,
        1.0285045562974173
    ],
    "8": [
        0.37777777777777777,
        0.2926829268292683,
        0.4489795918367347,
        0.8677110896866883,
        0.951386072544974,
        1.0437919307734291
    ],
    "9": [
        0.32222222222222224,
        0.0,
        0.7837837837837838,
        0.9119702399292199,
        0.9441287787096084,
        1.0269077081751643
    ],
    "10": [
        0.3888888888888889,
        0.7608695652173914,
        0.0,
        1.0107060638320304,
        0.9135810102599939,
        1.0759544369374359
    ],
    "11": [
        0.4777777777777778,
        0.6428571428571429,
        0.20588235294117646,
        1.142216464538027,
        0.8966930841710028,
        1.0761464979382598
    ]
}