{
    "0": [
        0.3,
        0.4883720930232558,
        0.1276595744680851,
        0.44997330304408373,
        0.8428994816087272,
        1.1199363948156908
    ],
    "1": [
        0.43333333333333335,
        0.061224489795918366,
        0.8780487804878049,
        1.1305737010806132,
        0.9456391960005189,
        1.1003261754082725
    ],
    "2": [
        0.6111111111111112,
        0.42105263157894735,
        0.75,
        0.9010221532459265,
        0.9360634122815932,
        1.0921731396767407
    ],
    "3": [
        0.7333333333333333,
        0.6363636363636364,
        0.8260869565217391,
        1.1160828085819257,
        0.9261302404034122,
        1.0404580926767923
    ],
    "4": [
        0.5111111111111111,
        0.375,
        0.5862068965517241,
        0.9576275116250009,
        0.911807536373567,
        1.0729698336752207
    ],
    "5": [
        0.32222222222222224,
        0.0,
        1.0,
        1,
        1,
        1
    ],
    "6": [
        0.4444444444444444,
        0.2542372881355932,
        0.8064516129032258,
        1.4037383849230949,
        0.8575783994845456,
        1.111283046194372
    ],
    "7": [
        0.45555555555555555,
        0.4411764705882353,
        0.4642857142857143,
        1.195485820914434,
        0.9289094236928562,
        1.1545703884307477
    ],
    "8": [
        0.5555555555555556,
        0.3170731707317073,
        0.7551020408163265,
        1.1689786470860837,
        0.968394897809205,
        1.0518116263863733
    ],
    "9": [
        0.4222222222222222,
        0.6226415094339622,
        0.13513513513513514,
        0.7266406273768443,
        0.614238250602748,
        1.1823974075935249
    ],
    "10": [
        0.4888888888888889,
        0.9565217391304348,
        0.0,
        1.1196162602084765,
        0.9135810102599939,
        1.078811281340542
    ],
    "11": [
        0.3111111111111111,
        0.26785714285714285,
        0.38235294117647056,
        0.891388748695023,
        0.8966930841710028,
        1.050820615089816
    ]
}