{
    "0": [
        0.5,
        0.9767441860465116,
        0.06382978723404255,
        1.1821669052590078,
        0.8428994816087272,
        1.2316190464924501
    ],
    "1": [
        0.5333333333333333,
        0.4897959183673469,
        0.5853658536585366,
        0.9101158595229455,
        0.8993958574636876,
        1.0803778479584907
    ],
    "2": [
        0.37777777777777777,
        0.868421052631579,
        0.019230769230769232,
        0.817409102578551,
        0.8967653668208868,
        1.0921731396767407
    ],
    "3": [
        0.6,
        0.7045454545454546,
        0.5,
        1.1103751334403096,
        0.9336788081825143,
        1.0497484108008053
    ],
    "4": [
        0.5666666666666667,
        0.5625,
        0.5689655172413793,
        0.8958146976283621,
        0.911807536373567,
        1.0729698336752207
    ],
    "5": [
        0.3111111111111111,
        0.09836065573770492,
        0.7586206896551724,
        1.0376647298955608,
        0.9534713219780738,
        1.0319027846369722
    ],
    "6": [
        0.4,
        0.423728813559322,
        0.3548387096774194,
        1.0817787770644953,
        0.8575783994845456,
        1.111283046194372
    ],
    "7": [
        0.32222222222222224,
        0.38235294117647056,
        0.2857142857142857,
        0.7145552790908503,
        0.8860396298987725,
        1.0551183010109986
    ],
    "8": [
        0.5222222222222223,
        0.4146341463414634,
        0.6122448979591837,
        1.1272075256546656,
        0.9539722791134384,
        1.0996684803621701
    ],
    "9": [
        0.5444444444444444,
        0.7169811320754716,
        0.2972972972972973,
        0.7248527962847906,
        0.614238250602748,
        1.1823974075935249
    ],
    "10": [
        0.5222222222222223,
        0.32608695652173914,
        0.7272727272727273,
        1.184034310202267,
        0.9861434128561005,
        1.1272836103363235
    ],
    "11": [
        0.3333333333333333,
        0.14285714285714285,
        0.6470588235294118,
        1.1475435603675406,
        0.9770436733019048,
        1.112765044031118
    ]
}