{
    "0": [
        0.5072588095805115,
        1.2389362684991123,
        66.0,
        63.0
    ],
    "1": [
        0.8481857289558674,
        1.1635860843649701,
        0.0,
        45.0
    ],
    "2": [
        0.9359197002794405,
        1.1864817575853241,
        4.0,
        57.0
    ],
    "3": [
        0.5952579903796831,
        1.2092151407719873,
        48.0,
        59.0
    ],
    "4": [
        0.7984618199910071,
        1.184674933149392,
        0.0,
        33.0
    ],
    "5": [
        0.9084856182957604,
        1.0827245194194302,
        0.0,
        49.0
    ],
    "6": [
        0.8990777699189452,
        1.077126365747018,
        40.0,
        33.0
    ],
    "7": [
        0.8964778113492669,
        1.1475091530786556,
        38.0,
        42.0
    ],
    "8": [
        0.7792644771645247,
        1.2387915540858705,
        0.0,
        45.0
    ],
    "9": [
        0.939599384962772,
        1.0486329650115855,
        0.0,
        46.0
    ],
    "10": [
        0.9327586596830842,
        1.1337965686312343,
        0.0,
        41.0
    ],
    "11": [
        0.9084283795197606,
        1.1138782435561256,
        43.0,
        54.0
    ],
    "12": [
        0.8428126935663156,
        1.0710691264182053,
        12.0,
        48.0
    ],
    "13": [
        0.8879609063700207,
        1.1043964453476225,
        35.0,
        60.0
    ],
    "14": [
        0.8972689573877846,
        1.0542964997467559,
        30.0,
        42.0
    ],
    "15": [
        0.926991758363869,
        1.0547401551066473,
        28.0,
        56.0
    ],
    "16": [
        0.9061620363040587,
        1.1288741402120284,
        0.0,
        60.0
    ],
    "17": [
        0.9273026040447679,
        1.1120745129326413,
        2.0,
        61.0
    ],
    "18": [
        0.7462865886362409,
        1.1620809238716658,
        0.0,
        44.0
    ],
    "19": [
        0.7683809535075473,
        1.0965347285248603,
        0.0,
        53.0
    ],
    "20": [
        0.8806637449863877,
        1.1571005183912737,
        0.0,
        45.0
    ],
    "21": [
        0.8976005373352782,
        1.1422964360284127,
        42.0,
        45.0
    ],
    "22": [
        0.9078268603232594,
        1.0854654586065386,
        27.0,
        50.0
    ],
    "23": [
        0.8827196906336987,
        1.1328488692360557,
        1.0,
        41.0
    ],
    "24": [
        0.9118075363735653,
        1.07296983367522,
        56.0,
        49.0
    ],
    "25": [
        0.8245844824334904,
        1.0699012828300132,
        9.0,
        56.0
    ],
    "26": [
        0.8575783994845468,
        1.1292526757181178,
        45.0,
        45.0
    ],
    "27": [
        0.8454296115692501,
        1.113960370101228,
        47.0,
        39.0
    ],
    "28": [
        0.8587116585989286,
        1.3857617493972527,
        0.0,
        39.0
    ],
    "29": [
        0.8176025924064749,
        1.1272836103363226,
        53.0,
        49.0
    ],
    "30": [
        0.8872349559688812,
        1.1033069158289937,
        0.0,
        46.0
    ]
}