{
    "0": 1.4001651578134964,
    "1": 1.0670334515489381,
    "2": 0.7609777777691625,
    "3": 0.2140128340482751,
    "4": 1.1764615514848493,
    "5": 0.782253347136714,
    "6": 1.1665774798697583,
    "7": 0.9076769493823109,
    "8": 0.8759403834993356,
    "9": 0.8524306111971769,
    "10": 1.1109904525220113,
    "11": 1.342252424307022,
    "12": 0.7356186022505232,
    "13": 0.5765353362173326,
    "14": 0.9807533087748905,
    "15": 0.8212125329544278,
    "16": 0.8020268603400711,
    "17": 0.38139843476906127,
    "18": 0.4871135366188248,
    "19": 0.22523416318964987,
    "20": 1.3270150261562523,
    "21": 1.1705310064615149,
    "22": 0.9225672564961142,
    "23": 1.426963153277733,
    "24": 0.7619606924482419,
    "25": 0.47788172717348737,
    "26": 1.635105273701557,
    "27": 0.9614774118583383,
    "28": 1.030955208032977,
    "29": 0.6658350338909237,
    "30": 0.8680586174924126
}