{
    "0": [
        0.45555555555555555,
        0.09302325581395349,
        0.7872340425531915,
        0.864877534583714,
        0.8913213771639188,
        1.1042350595192174
    ],
    "1": [
        0.4222222222222222,
        0.3469387755102041,
        0.5121951219512195,
        0.7964699636840523,
        0.8993958574636876,
        1.0897668882566307
    ],
    "2": [
        0.43333333333333335,
        0.8157894736842105,
        0.15384615384615385,
        0.9236816209010784,
        0.8967653668208868,
        1.0921731396767407
    ],
    "3": [
        0.6444444444444445,
        0.5681818181818182,
        0.717391304347826,
        1.0546494485383269,
        0.9336788081825143,
        1.0415837032379744
    ],
    "4": [
        0.3888888888888889,
        0.8125,
        0.15517241379310345,
        0.6312264733671313,
        0.8671511307639452,
        1.1172803093662986
    ],
    "5": [
        0.4444444444444444,
        0.4426229508196721,
        0.4482758620689655,
        1.1923261772950726,
        0.9201515999964976,
        1.064734270853694
    ],
    "6": [
        0.5,
        0.5084745762711864,
        0.4838709677419355,
        1.2244550916705925,
        0.8707473242818813,
        1.1305789178140042
    ],
    "7": [
        0.37777777777777777,
        1.0,
        0.0,
        0.9067176888350073,
        0.8860396298987725,
        1.1545703884307477
    ],
    "8": [
        0.5888888888888889,
        0.34146341463414637,
        0.7959183673469388,
        1.0923157072469323,
        0.9702760900406621,
        1.0518116263863733
    ],
    "9": [
        0.32222222222222224,
        0.32075471698113206,
        0.32432432432432434,
        0.8495472872612267,
        0.9102666786883837,
        1.0475966430219024
    ],
    "10": [
        0.4,
        0.6086956521739131,
        0.18181818181818182,
        1.3094123367708048,
        0.9446534606817751,
        1.1272836103363235
    ],
    "11": [
        0.36666666666666664,
        0.5,
        0.14705882352941177,
        0.8649458344851779,
        0.8966930841710028,
        1.0345883457826892
    ]
}