{
    "0": [
        0.36666666666666664,
        0.3953488372093023,
        0.3404255319148936,
        0.9360669423616542,
        0.8428994816087272,
        1.2316190464924501
    ],
    "1": [
        0.5777777777777777,
        0.7346938775510204,
        0.3902439024390244,
        0.9624373110010133,
        0.8976005373352774,
        1.1422964360284107
    ],
    "2": [
        0.5888888888888889,
        0.9736842105263158,
        0.3076923076923077,
        0.873747514154012,
        0.8967653668208868,
        1.0921731396767407
    ],
    "3": [
        0.5777777777777777,
        0.25,
        0.8913043478260869,
        1.120159309021265,
        0.969124793782672,
        1.0404580926767923
    ],
    "4": [
        0.5,
        0.5,
        0.5,
        0.9402087041824965,
        0.8935441597545427,
        1.1172803093662986
    ],
    "5": [
        0.5111111111111111,
        0.4918032786885246,
        0.5517241379310345,
        1.4059351020086306,
        0.9780040625231602,
        1.1754155175665129
    ],
    "6": [
        0.34444444444444444,
        0.4406779661016949,
        0.16129032258064516,
        0.961308188818016,
        0.8707473242818813,
        1.1057205155711587
    ],
    "7": [
        0.37777777777777777,
        0.8235294117647058,
        0.10714285714285714,
        0.9537006492484128,
        0.8860396298987725,
        1.1545703884307477
    ],
    "8": [
        0.5666666666666667,
        0.7073170731707317,
        0.4489795918367347,
        0.9294498007687821,
        0.9517746306255636,
        1.0996684803621701
    ],
    "9": [
        0.3888888888888889,
        0.37735849056603776,
        0.40540540540540543,
        1.0356051804804574,
        0.9302193023206287,
        1.1823974075935249
    ],
    "10": [
        0.4777777777777778,
        0.8913043478260869,
        0.045454545454545456,
        1.1990670252968676,
        0.9135810102599939,
        1.1272836103363235
    ],
    "11": [
        0.5555555555555556,
        0.8571428571428571,
        0.058823529411764705,
        1.073211996507455,
        0.8966930841710028,
        1.0761464979382598
    ]
}