{
    "0": [
        0.4222222222222222,
        0.4418604651162791,
        0.40425531914893614,
        1.1425458948194893,
        0.8428994816087272,
        1.2316190464924501
    ],
    "1": [
        0.5666666666666667,
        0.9387755102040817,
        0.12195121951219512,
        0.988019358830924,
        0.8976005373352774,
        1.1422964360284107
    ],
    "2": [
        0.5444444444444444,
        0.8421052631578947,
        0.3269230769230769,
        0.8698302698492554,
        0.8967653668208868,
        1.085465458606541
    ],
    "3": [
        0.6555555555555556,
        0.5,
        0.8043478260869565,
        1.0270942450709353,
        0.9336788081825143,
        1.0404580926767923
    ],
    "4": [
        0.4666666666666667,
        0.75,
        0.3103448275862069,
        0.8698709237287897,
        0.8935441597545427,
        1.1172803093662986
    ],
    "5": [
        0.32222222222222224,
        0.13114754098360656,
        0.7241379310344828,
        1.0482932421416333,
        0.9534713219780738,
        1.0319027846369722
    ],
    "6": [
        0.4444444444444444,
        0.423728813559322,
        0.4838709677419355,
        0.9313698190551021,
        0.8707473242818813,
        1.1270765377324055
    ],
    "7": [
        0.35555555555555557,
        0.9411764705882353,
        0.0,
        0.8713548817561653,
        0.8860396298987725,
        1.1545703884307477
    ],
    "8": [
        0.3333333333333333,
        0.4146341463414634,
        0.2653061224489796,
        0.9049313853979304,
        0.951386072544974,
        1.0996684803621701
    ],
    "9": [
        0.5111111111111111,
        0.4528301886792453,
        0.5945945945945946,
        0.7959407745342887,
        0.614238250602748,
        1.1823974075935249
    ],
    "10": [
        0.5111111111111111,
        1.0,
        0.0,
        1.2414969434854326,
        0.9135810102599939,
        1.1272836103363235
    ],
    "11": [
        0.32222222222222224,
        0.39285714285714285,
        0.20588235294117646,
        0.9028593709503775,
        0.8966930841710028,
        1.0345883457826892
    ]
}