{
    "0": [
        0.5555555555555556,
        1.0,
        0.14893617021276595,
        1.4137531300701016,
        0.8447552001712682,
        1.2316190464924501
    ],
    "1": [
        0.6222222222222222,
        0.7346938775510204,
        0.4878048780487805,
        1.1947606009481122,
        0.8976005373352774,
        1.1422964360284107
    ],
    "2": [
        0.7222222222222222,
        0.9210526315789473,
        0.5769230769230769,
        0.9038520156762306,
        0.8967653668208868,
        1.0921731396767407
    ],
    "3": [
        0.5777777777777777,
        0.3409090909090909,
        0.8043478260869565,
        0.9924787678608261,
        0.9416399759588683,
        1.0404580926767923
    ],
    "4": [
        0.7,
        0.75,
        0.6724137931034483,
        1.0418627293000393,
        0.9350594982022246,
        1.1026824909934292
    ],
    "5": [
        0.3888888888888889,
        0.22950819672131148,
        0.7241379310344828,
        1.0083246305073983,
        0.9201515999964976,
        1.0359036230261935
    ],
    "6": [
        0.5333333333333333,
        0.8135593220338984,
        0.0,
        1.2615840296388385,
        0.8575783994845456,
        1.1270765377324055
    ],
    "7": [
        0.4111111111111111,
        0.29411764705882354,
        0.48214285714285715,
        1.1978766216145154,
        0.9289094236928562,
        1.1545703884307477
    ],
    "8": [
        0.5777777777777777,
        0.21951219512195122,
        0.8775510204081632,
        1.0199563673028786,
        0.9539722791134384,
        1.0996684803621701
    ],
    "9": [
        0.5555555555555556,
        0.4339622641509434,
        0.7297297297297297,
        1.423290427984324,
        0.9450091581568407,
        1.1823974075935249
    ],
    "10": [
        0.5111111111111111,
        1.0,
        0.0,
        1.2414969434854326,
        0.9135810102599939,
        1.1272836103363235
    ],
    "11": [
        0.3888888888888889,
        0.4107142857142857,
        0.35294117647058826,
        0.8760661956100654,
        0.8966930841710028,
        1.0345883457826892
    ]
}