{
    "0": [
        0.5222222222222223,
        0.9767441860465116,
        0.10638297872340426,
        1.0360120771879724,
        0.8428994816087272,
        1.2316190464924501
    ],
    "1": [
        0.5666666666666667,
        0.46938775510204084,
        0.6829268292682927,
        1.362583414729487,
        0.9188473110897788,
        1.1422964360284107
    ],
    "2": [
        0.37777777777777777,
        0.8947368421052632,
        0.0,
        0.7391210229896871,
        0.8967653668208868,
        1.0921731396767407
    ],
    "3": [
        0.5888888888888889,
        0.22727272727272727,
        0.9347826086956522,
        1.0013687642943319,
        0.9641825459408555,
        1.0415837032379744
    ],
    "4": [
        0.37777777777777777,
        0.65625,
        0.22413793103448276,
        0.5877649435988839,
        0.8671511307639452,
        1.1172803093662986
    ],
    "5": [
        0.37777777777777777,
        0.3442622950819672,
        0.4482758620689655,
        1.0846881422657506,
        0.9201515999964976,
        1.0359036230261935
    ],
    "6": [
        0.5222222222222223,
        0.7966101694915254,
        0.0,
        1.22917999607474,
        0.8575783994845456,
        1.1270765377324055
    ],
    "7": [
        0.6,
        0.2647058823529412,
        0.8035714285714286,
        1.1463318253321144,
        0.9289094236928562,
        1.1545703884307477
    ],
    "8": [
        0.32222222222222224,
        0.24390243902439024,
        0.3877551020408163,
        0.8322609977602338,
        0.951386072544974,
        1.0437919307734291
    ],
    "9": [
        0.5555555555555556,
        0.6037735849056604,
        0.4864864864864865,
        1.2314340638410584,
        0.9102666786883837,
        1.1823974075935249
    ],
    "10": [
        0.5888888888888889,
        0.9130434782608695,
        0.25,
        1.226946104660333,
        0.9135810102599939,
        1.1272836103363235
    ],
    "11": [
        0.45555555555555555,
        0.7321428571428571,
        0.0,
        1.0739417433503529,
        0.8966930841710028,
        1.0761464979382598
    ]
}