{
    "0": [
        0.37777777777777777,
        0.3488372093023256,
        0.40425531914893614,
        0.8488908636727142,
        0.8428994816087272,
        1.1893653052104987
    ],
    "1": [
        0.6222222222222222,
        0.6326530612244898,
        0.6097560975609756,
        0.8323977154355672,
        0.9068769836662509,
        1.0897668882566307
    ],
    "2": [
        0.5444444444444444,
        0.9473684210526315,
        0.25,
        0.87325371090871,
        0.8967653668208868,
        1.0921731396767407
    ],
    "3": [
        0.4666666666666667,
        0.3409090909090909,
        0.5869565217391305,
        0.9499043107983791,
        0.9336788081825143,
        1.0415837032379744
    ],
    "4": [
        0.34444444444444444,
        0.84375,
        0.06896551724137931,
        0.6256138070880979,
        0.8671511307639452,
        1.1172803093662986
    ],
    "5": [
        0.43333333333333335,
        0.4262295081967213,
        0.4482758620689655,
        1.18942858020369,
        0.9201515999964976,
        1.064734270853694
    ],
    "6": [
        0.5777777777777777,
        0.8135593220338984,
        0.12903225806451613,
        1.2722611252328473,
        0.8575783994845456,
        1.1270765377324055
    ],
    "7": [
        0.36666666666666664,
        0.7941176470588235,
        0.10714285714285714,
        0.8961324152543928,
        0.8860396298987725,
        1.1545703884307477
    ],
    "8": [
        0.2777777777777778,
        0.36585365853658536,
        0.20408163265306123,
        0.8342778023115535,
        0.951386072544974,
        1.0996684803621701
    ],
    "9": [
        0.4444444444444444,
        0.7358490566037735,
        0.02702702702702703,
        0.7440369865845676,
        0.614238250602748,
        1.1823974075935249
    ],
    "10": [
        0.4888888888888889,
        0.6304347826086957,
        0.3409090909090909,
        1.1070411138410972,
        0.9135810102599939,
        1.1272836103363235
    ],
    "11": [
        0.3333333333333333,
        0.35714285714285715,
        0.29411764705882354,
        0.9076428985527836,
        0.8966930841710028,
        1.050820615089816
    ]
}