{
    "0": [
        0.4,
        0.06976744186046512,
        0.7021276595744681,
        1.0436176559263888,
        0.8913213771639188,
        1.1088237689448541
    ],
    "1": [
        0.43333333333333335,
        0.20408163265306123,
        0.7073170731707317,
        1.1878891538368783,
        0.9188473110897788,
        1.1422964360284107
    ],
    "2": [
        0.3888888888888889,
        0.5263157894736842,
        0.28846153846153844,
        0.8002348455887821,
        0.8967653668208868,
        1.0921731396767407
    ],
    "3": [
        0.45555555555555555,
        0.0,
        0.8913043478260869,
        0.9048327388124473,
        0.9336788081825143,
        1.0415837032379744
    ],
    "4": [
        0.5111111111111111,
        0.875,
        0.3103448275862069,
        0.6011835224722163,
        0.8671511307639452,
        1.1172803093662986
    ],
    "5": [
        0.5555555555555556,
        0.6721311475409836,
        0.3103448275862069,
        1.1879834102963658,
        0.9201515999964976,
        1.064734270853694
    ],
    "6": [
        0.5777777777777777,
        0.8813559322033898,
        0.0,
        1.5809948130039353,
        0.8575783994845456,
        1.1305789178140042
    ],
    "7": [
        0.37777777777777777,
        0.6176470588235294,
        0.23214285714285715,
        0.9887978186162807,
        0.8860396298987725,
        1.1545703884307477
    ],
    "8": [
        0.5333333333333333,
        0.024390243902439025,
        0.9591836734693877,
        0.9294182138403493,
        0.9517746306255636,
        1
    ],
    "9": [
        0.45555555555555555,
        0.5849056603773585,
        0.2702702702702703,
        0.9298016447189549,
        0.614238250602748,
        1.1823974075935249
    ],
    "10": [
        0.4777777777777778,
        0.7608695652173914,
        0.18181818181818182,
        1.1873175262150686,
        0.9135810102599939,
        1.1272836103363235
    ],
    "11": [
        0.32222222222222224,
        0.44642857142857145,
        0.11764705882352941,
        1.0083449745284148,
        0.8966930841710028,
        1.0345883457826892
    ]
}