{
    "0": [
        0.5666666666666667,
        0.8837209302325582,
        0.2765957446808511,
        1.2729500371216498,
        0.8428994816087272,
        1.2316190464924501
    ],
    "1": [
        0.6111111111111112,
        0.4489795918367347,
        0.8048780487804879,
        0.9078290779484235,
        0.9068769836662509,
        1.0897668882566307
    ],
    "2": [
        0.5333333333333333,
        0.9736842105263158,
        0.21153846153846154,
        0.8432706697177372,
        0.8967653668208868,
        1.0921731396767407
    ],
    "3": [
        0.6,
        0.38636363636363635,
        0.8043478260869565,
        1.073854849389984,
        0.9416399759588683,
        1.0404580926767923
    ],
    "4": [
        0.5111111111111111,
        0.0,
        0.7931034482758621,
        1.0659962058171464,
        0.9395769568129961,
        1.1172803093662986
    ],
    "5": [
        0.34444444444444444,
        0.09836065573770492,
        0.8620689655172413,
        0.9786417709174632,
        0.9201515999964976,
        1.0359036230261935
    ],
    "6": [
        0.5,
        0.7627118644067796,
        0.0,
        1.3755003878193606,
        0.8575783994845456,
        1.1270765377324055
    ],
    "7": [
        0.6666666666666666,
        0.4411764705882353,
        0.8035714285714286,
        1.3301701042110883,
        0.9289094236928562,
        1.1545703884307477
    ],
    "8": [
        0.6111111111111112,
        0.6585365853658537,
        0.5714285714285714,
        1.2101203977742847,
        0.9517746306255636,
        1.0996684803621701
    ],
    "9": [
        0.6,
        0.6226415094339622,
        0.5675675675675675,
        1.316446000493915,
        0.9102666786883837,
        1.1823974075935249
    ],
    "10": [
        0.5555555555555556,
        0.7608695652173914,
        0.3409090909090909,
        1.1718897948726887,
        0.9135810102599939,
        1.1272836103363235
    ],
    "11": [
        0.43333333333333335,
        0.375,
        0.5294117647058824,
        1.1345918535527926,
        0.9564820017436121,
        1.050820615089816
    ]
}