{
    "0": [
        0.4666666666666667,
        0.13953488372093023,
        0.7659574468085106,
        1.0669306327632586,
        0.8428994816087272,
        1.1193362550136103
    ],
    "1": [
        0.4,
        0.14285714285714285,
        0.7073170731707317,
        1.053023395065305,
        0.8993958574636876,
        1.0531934332894153
    ],
    "2": [
        0.5888888888888889,
        0.9210526315789473,
        0.34615384615384615,
        0.9397964362677986,
        0.8967653668208868,
        1.0921731396767407
    ],
    "3": [
        0.5222222222222223,
        0.29545454545454547,
        0.7391304347826086,
        1.0614869522644945,
        0.9336788081825143,
        1.0415837032379744
    ],
    "4": [
        0.36666666666666664,
        1.0,
        0.017241379310344827,
        0.5427730956881756,
        0.8671511307639452,
        1.1172803093662986
    ],
    "5": [
        0.4,
        0.39344262295081966,
        0.41379310344827586,
        1.1590227141656715,
        0.9201515999964976,
        1.064734270853694
    ],
    "6": [
        0.5888888888888889,
        0.8983050847457628,
        0.0,
        1.4038994128728268,
        0.8575783994845456,
        1.1270765377324055
    ],
    "7": [
        0.5222222222222223,
        0.47058823529411764,
        0.5535714285714286,
        1.1535766945105432,
        0.9579093616836027,
        1.0761582023758802
    ],
    "8": [
        0.4111111111111111,
        0.14634146341463414,
        0.6326530612244898,
        0.8180123793099996,
        0.951386072544974,
        1.0364075305018494
    ],
    "9": [
        0.4444444444444444,
        0.5660377358490566,
        0.2702702702702703,
        0.7733245964601331,
        0.614238250602748,
        1.1823974075935249
    ],
    "10": [
        0.5555555555555556,
        0.6739130434782609,
        0.4318181818181818,
        1.2085928430112869,
        0.9372473116814342,
        1.1272836103363235
    ],
    "11": [
        0.36666666666666664,
        0.39285714285714285,
        0.3235294117647059,
        0.9051076096551172,
        0.8966930841710028,
        1.050820615089816
    ]
}