{
    "0": [
        0.4,
        0.46511627906976744,
        0.3404255319148936,
        0.6715275019762595,
        0.8428994816087272,
        1.1193362550136103
    ],
    "1": [
        0.5444444444444444,
        0.5918367346938775,
        0.4878048780487805,
        0.9966319197801261,
        0.8976005373352774,
        1.1422964360284107
    ],
    "2": [
        0.6,
        0.5789473684210527,
        0.6153846153846154,
        0.9993854255865999,
        0.9380556815520376,
        1.0921731396767407
    ],
    "3": [
        0.5777777777777777,
        0.2727272727272727,
        0.8695652173913043,
        1.1522735096607792,
        0.969124793782672,
        1.0404580926767923
    ],
    "4": [
        0.6333333333333333,
        0.8125,
        0.5344827586206896,
        0.7988128138344617,
        0.9001306779661119,
        1.1026824909934292
    ],
    "5": [
        0.3,
        0.08196721311475409,
        0.7586206896551724,
        1.007250049981783,
        0.9534713219780738,
        1.0319027846369722
    ],
    "6": [
        0.5888888888888889,
        0.8983050847457628,
        0.0,
        1.6335295682860427,
        0.8575783994845456,
        1.1305789178140042
    ],
    "7": [
        0.5,
        0.9705882352941176,
        0.21428571428571427,
        1.0332499312325114,
        0.8860396298987725,
        1.1545703884307477
    ],
    "8": [
        0.4222222222222222,
        0.2682926829268293,
        0.5510204081632653,
        0.9032342961354993,
        0.9517746306255636,
        1.0437919307734291
    ],
    "9": [
        0.5888888888888889,
        1.0,
        0.0,
        0.8206880106893513,
        0.614238250602748,
        1.1823974075935249
    ],
    "10": [
        0.5444444444444444,
        0.9565217391304348,
        0.11363636363636363,
        1.2137888038439755,
        0.9135810102599939,
        1.1272836103363235
    ],
    "11": [
        0.3888888888888889,
        0.375,
        0.4117647058823529,
        0.9167623784191529,
        0.8966930841710028,
        1.0345883457826892
    ]
}