{
    "0": [
        0.5666666666666667,
        0.8541666666666666,
        0.23809523809523808,
        1.6054449924178846,
        0.8447552001712682,
        1.2316190464924501
    ],
    "1": [
        0.43333333333333335,
        0.0625,
        0.8571428571428571,
        0.9450325494710821,
        0.8976005373352774,
        1.0494875773376398
    ],
    "2": [
        0.3888888888888889,
        0.2553191489361702,
        0.5348837209302325,
        0.7184691517639541,
        0.9360634122815932,
        1.0332335154968404
    ],
    "3": [
        0.5222222222222223,
        0.9777777777777777,
        0.06666666666666667,
        1.037470589539307,
        0.9336788081825143,
        1.0497484108008053
    ],
    "4": [
        0.5,
        0.2857142857142857,
        0.6875,
        1.0429999394980483,
        0.9490080996851341,
        1.0729698336752207
    ],
    "5": [
        0.6111111111111112,
        0.9298245614035088,
        0.06060606060606061,
        1.4568719791437772,
        0.9201515999964976,
        1.1754155175665129
    ],
    "6": [
        0.5666666666666667,
        0.9423076923076923,
        0.05263157894736842,
        1.6395854293038263,
        0.8575783994845456,
        1.1305789178140042
    ],
    "7": [
        0.4,
        0.875,
        0.02,
        0.8831370252067003,
        0.8860396298987725,
        1.1545703884307477
    ],
    "8": [
        0.4444444444444444,
        0.9024390243902439,
        0.061224489795918366,
        0.9496972254488467,
        0.951386072544974,
        1.0996684803621701
    ],
    "9": [
        0.4444444444444444,
        0.95,
        0.04,
        0.8182520582890761,
        0.614238250602748,
        1.1823974075935249
    ],
    "10": [
        0.5333333333333333,
        0.6595744680851063,
        0.3953488372093023,
        1.052730689201953,
        0.9135810102599939,
        1.078811281340542
    ],
    "11": [
        0.5333333333333333,
        0.5272727272727272,
        0.5428571428571428,
        1.1463832831479213,
        0.8966930841710028,
        1.112765044031118
    ]
}