{
    "0": [
        0.4777777777777778,
        0.5416666666666666,
        0.40476190476190477,
        0.6278297332637468,
        0.8428994816087272,
        1.1193362550136103
    ],
    "1": [
        0.4777777777777778,
        0.10416666666666667,
        0.9047619047619048,
        0.8913962649097915,
        0.8993958574636876,
        1.0553533399394597
    ],
    "2": [
        0.43333333333333335,
        0.5106382978723404,
        0.3488372093023256,
        0.7448982089635345,
        0.9029473490481763,
        1.0921731396767407
    ],
    "3": [
        0.5333333333333333,
        0.9111111111111111,
        0.15555555555555556,
        0.9194277649061343,
        0.9261302404034122,
        1.0497484108008053
    ],
    "4": [
        0.5,
        0.8095238095238095,
        0.22916666666666666,
        0.7044829191810806,
        0.8935441597545427,
        1.1026824909934292
    ],
    "5": [
        0.6333333333333333,
        1.0,
        0.0,
        1.560999435928594,
        0.9201515999964976,
        1.1754155175665129
    ],
    "6": [
        0.5777777777777777,
        0.9423076923076923,
        0.07894736842105263,
        1.7115151518956748,
        0.8575783994845456,
        1.1305789178140042
    ],
    "7": [
        0.4444444444444444,
        1.0,
        0.0,
        0.9067176888350073,
        0.8860396298987725,
        1.1545703884307477
    ],
    "8": [
        0.4222222222222222,
        0.6585365853658537,
        0.22448979591836735,
        1.0429110433781366,
        0.951386072544974,
        1.0996684803621701
    ],
    "9": [
        0.5333333333333333,
        0.775,
        0.34,
        0.723891356814319,
        0.614238250602748,
        1.1823974075935249
    ],
    "10": [
        0.5444444444444444,
        0.8936170212765957,
        0.16279069767441862,
        1.4064990423851296,
        0.9372473116814342,
        1.1272836103363235
    ],
    "11": [
        0.6111111111111112,
        0.9090909090909091,
        0.14285714285714285,
        1.1871807233593499,
        0.8966930841710028,
        1.112765044031118
    ]
}