{
    "0": [
        0.5333333333333333,
        1.0,
        0.0,
        1.0811403744503039,
        0.8428994816087272,
        1.2316190464924501
    ],
    "1": [
        0.4777777777777778,
        0.10416666666666667,
        0.9047619047619048,
        0.8306699091205406,
        0.9244584829172794,
        1.0387526399288602
    ],
    "2": [
        0.5222222222222223,
        1.0,
        0.0,
        0.7636991557977252,
        0.8967653668208868,
        1.0921731396767407
    ],
    "3": [
        0.4666666666666667,
        0.4666666666666667,
        0.4666666666666667,
        0.8958555164903305,
        0.9261302404034122,
        1.0415837032379744
    ],
    "4": [
        0.5444444444444444,
        0.09523809523809523,
        0.9375,
        0.9586792620477078,
        0.9424445516142277,
        1.0339324543626107
    ],
    "5": [
        0.5555555555555556,
        0.7719298245614035,
        0.18181818181818182,
        1.422897223906976,
        0.9201515999964976,
        1.1754155175665129
    ],
    "6": [
        0.6111111111111112,
        1.0,
        0.07894736842105263,
        1.88670845711929,
        0.8575783994845456,
        1.1305789178140042
    ],
    "7": [
        0.4444444444444444,
        1.0,
        0.0,
        0.9067176888350073,
        0.8860396298987725,
        1.1545703884307477
    ],
    "8": [
        0.4888888888888889,
        0.3902439024390244,
        0.5714285714285714,
        0.8349598547039373,
        0.951386072544974,
        1.0364075305018494
    ],
    "9": [
        0.45555555555555555,
        0.55,
        0.38,
        0.7475587636098481,
        0.614238250602748,
        1.1823974075935249
    ],
    "10": [
        0.5555555555555556,
        0.8723404255319149,
        0.20930232558139536,
        1.2288343854232588,
        0.9135810102599939,
        1.1272836103363235
    ],
    "11": [
        0.4444444444444444,
        0.23636363636363636,
        0.7714285714285715,
        1.1576523182591798,
        0.9398616925512996,
        1.112765044031118
    ]
}