{
    "0": [
        0.5444444444444444,
        0.7916666666666666,
        0.2619047619047619,
        1.560778020701368,
        0.8447552001712682,
        1.2316190464924501
    ],
    "1": [
        0.4666666666666667,
        0.0,
        1.0,
        1,
        1,
        1
    ],
    "2": [
        0.4444444444444444,
        0.3404255319148936,
        0.5581395348837209,
        0.9053489450395853,
        0.9360634122815932,
        1.0921731396767407
    ],
    "3": [
        0.5,
        1.0,
        0.0,
        0.9151202954533555,
        0.9261302404034122,
        1.0497484108008053
    ],
    "4": [
        0.4888888888888889,
        0.8095238095238095,
        0.20833333333333334,
        0.6240152464717544,
        0.8671511307639452,
        1.1172803093662986
    ],
    "5": [
        0.6333333333333333,
        1.0,
        0.0,
        1.560999435928594,
        0.9201515999964976,
        1.1754155175665129
    ],
    "6": [
        0.6111111111111112,
        0.9807692307692307,
        0.10526315789473684,
        1.8115423917510722,
        0.8575783994845456,
        1.1305789178140042
    ],
    "7": [
        0.4888888888888889,
        0.775,
        0.26,
        0.8573356707156886,
        0.8860396298987725,
        1.1545703884307477
    ],
    "8": [
        0.5,
        0.24390243902439024,
        0.7142857142857143,
        0.9989502611970835,
        0.951386072544974,
        1.0833847541861696
    ],
    "9": [
        0.5555555555555556,
        0.075,
        0.94,
        0.9930471122524054,
        0.9833353311323784,
        1.0206473907927862
    ],
    "10": [
        0.5111111111111111,
        0.6382978723404256,
        0.37209302325581395,
        1.1043311824696591,
        0.9135810102599939,
        1.1272836103363235
    ],
    "11": [
        0.4444444444444444,
        0.4727272727272727,
        0.4,
        1.0419521923397295,
        0.8966930841710028,
        1.112765044031118
    ]
}
