{
    "0": [
        0.4888888888888889,
        0.3541666666666667,
        0.6428571428571429,
        0.8637394624360505,
        0.8447552001712682,
        1.1174880511602239
    ],
    "1": [
        0.45555555555555555,
        0.0625,
        0.9047619047619048,
        1.0397903588332493,
        0.9358864027538706,
        1.0726321376799959
    ],
    "2": [
        0.5222222222222223,
        1.0,
        0.0,
        0.7636991557977252,
        0.8967653668208868,
        1.0921731396767407
    ],
    "3": [
        0.5,
        0.8444444444444444,
        0.15555555555555556,
        0.9794502360993284,
        0.9261302404034122,
        1.0497484108008053
    ],
    "4": [
        0.4666666666666667,
        0.4523809523809524,
        0.4791666666666667,
        0.540048122013543,
        0.8671511307639452,
        1.061218017325207
    ],
    "5": [
        0.6333333333333333,
        1.0,
        0.0,
        1.560999435928594,
        0.9201515999964976,
        1.1754155175665129
    ],
    "6": [
        0.5,
        0.6730769230769231,
        0.2631578947368421,
        1.4537022948934981,
        0.8707473242818813,
        1.1305789178140042
    ],
    "7": [
        0.4666666666666667,
        0.5,
        0.44,
        0.7548568220241686,
        0.8860396298987725,
        1.0761582023758802
    ],
    "8": [
        0.5333333333333333,
        0.5365853658536586,
        0.5306122448979592,
        0.9933129765162662,
        0.951386072544974,
        1.0833847541861696
    ],
    "9": [
        0.4888888888888889,
        0.95,
        0.12,
        0.7757965752031433,
        0.614238250602748,
        1.1823974075935249
    ],
    "10": [
        0.4888888888888889,
        0.6170212765957447,
        0.3488372093023256,
        1.3810348745620522,
        0.9538627753971849,
        1.1272836103363235
    ],
    "11": [
        0.4444444444444444,
        0.2,
        0.8285714285714286,
        1.0353726502192282,
        0.953968507354515,
        1.112765044031118
    ]
}