{
    "0": [
        0.4111111111111111,
        0.5,
        0.30952380952380953,
        0.3898838172139457,
        0.8428994816087272,
        1.1193362550136103
    ],
    "1": [
        0.45555555555555555,
        0.7083333333333334,
        0.16666666666666666,
        0.7356142033455825,
        0.8976005373352774,
        1.1422964360284107
    ],
    "2": [
        0.5222222222222223,
        1.0,
        0.0,
        0.7636991557977252,
        0.8967653668208868,
        1.0921731396767407
    ],
    "3": [
        0.5111111111111111,
        0.8,
        0.2222222222222222,
        0.9321803753160369,
        0.9261302404034122,
        1.0497484108008053
    ],
    "4": [
        0.43333333333333335,
        0.5714285714285714,
        0.3125,
        0.5575331448034383,
        0.8671511307639452,
        1.0729698336752207
    ],
    "5": [
        0.4222222222222222,
        0.21052631578947367,
        0.7878787878787878,
        1.1206321993604065,
        0.981492462634456,
        1.0767682140985009
    ],
    "6": [
        0.5777777777777777,
        0.9807692307692307,
        0.02631578947368421,
        1.650661269101883,
        0.8575783994845456,
        1.1305789178140042
    ],
    "7": [
        0.4888888888888889,
        0.575,
        0.42,
        0.773715008788392,
        0.8860396298987725,
        1.0761582023758802
    ],
    "8": [
        0.5111111111111111,
        0.3902439024390244,
        0.6122448979591837,
        0.9283694503056408,
        0.951386072544974,
        1.0833847541861696
    ],
    "9": [
        0.4444444444444444,
        1.0,
        0.0,
        0.8206880106893513,
        0.614238250602748,
        1.1823974075935249
    ],
    "10": [
        0.5555555555555556,
        0.851063829787234,
        0.23255813953488372,
        1.2364858408471646,
        0.9135810102599939,
        1.1272836103363235
    ],
    "11": [
        0.5222222222222223,
        0.6,
        0.4,
        1.1642168963732682,
        0.8966930841710028,
        1.112765044031118
    ]
}