{
    "0": [
        0.5333333333333333,
        1.0,
        0.0,
        1.0811403744503039,
        0.8428994816087272,
        1.2316190464924501
    ],
    "1": [
        0.4666666666666667,
        0.10416666666666667,
        0.8809523809523809,
        1.0528986989446618,
        0.8993958574636876,
        1.0854244543378067
    ],
    "2": [
        0.5,
        0.9574468085106383,
        0.0,
        0.7485496660581622,
        0.8967653668208868,
        1.0921731396767407
    ],
    "3": [
        0.5,
        1.0,
        0.0,
        0.9151202954533555,
        0.9261302404034122,
        1.0497484108008053
    ],
    "4": [
        0.4777777777777778,
        0.47619047619047616,
        0.4791666666666667,
        0.5637082260018468,
        0.8671511307639452,
        1.1172803093662986
    ],
    "5": [
        0.5777777777777777,
        0.8245614035087719,
        0.15151515151515152,
        1.351594056499731,
        0.9201515999964976,
        1.1754155175665129
    ],
    "6": [
        0.5777777777777777,
        0.9615384615384616,
        0.05263157894736842,
        1.6395854293038263,
        0.8575783994845456,
        1.1305789178140042
    ],
    "7": [
        0.5222222222222223,
        0.45,
        0.58,
        0.9565234070785563,
        0.9213085471592081,
        1.0761582023758802
    ],
    "8": [
        0.4777777777777778,
        1.0,
        0.04081632653061224,
        0.9621401425106496,
        0.951386072544974,
        1.0996684803621701
    ],
    "9": [
        0.4888888888888889,
        0.75,
        0.28,
        0.6897723106686099,
        0.614238250602748,
        1.1823974075935249
    ],
    "10": [
        0.5444444444444444,
        0.851063829787234,
        0.20930232558139536,
        1.2436673340869424,
        0.9135810102599939,
        1.1272836103363235
    ],
    "11": [
        0.6111111111111112,
        1.0,
        0.0,
        1.305064788244068,
        0.8966930841710028,
        1.112765044031118
    ]
}