{
    "0": [
        0.3888888888888889,
        0.10416666666666667,
        0.7142857142857143,
        0.6955602903869637,
        0.8975026895638738,
        1.1088237689448541
    ],
    "1": [
        0.5444444444444444,
        0.8541666666666666,
        0.19047619047619047,
        1.004076414159735,
        0.8976005373352774,
        1.1422964360284107
    ],
    "2": [
        0.5111111111111111,
        0.7872340425531915,
        0.20930232558139536,
        0.9038012999272027,
        0.8967653668208868,
        1.0921731396767407
    ],
    "3": [
        0.5,
        1.0,
        0.0,
        0.9151202954533555,
        0.9261302404034122,
        1.0497484108008053
    ],
    "4": [
        0.45555555555555555,
        0.9047619047619048,
        0.0625,
        0.551091723470411,
        0.8671511307639452,
        1.1172803093662986
    ],
    "5": [
        0.6,
        0.8947368421052632,
        0.09090909090909091,
        1.6220066232748673,
        0.9510629311205345,
        1.1754155175665129
    ],
    "6": [
        0.5777777777777777,
        1.0,
        0.0,
        1.7484607719202154,
        0.8575783994845456,
        1.1305789178140042
    ],
    "7": [
        0.5111111111111111,
        0.325,
        0.66,
        0.7360714334081364,
        0.8860396298987725,
        1.0551183010109986
    ],
    "8": [
        0.45555555555555555,
        1.0,
        0.0,
        0.9674974095780186,
        0.951386072544974,
        1.0996684803621701
    ],
    "9": [
        0.5,
        0.625,
        0.4,
        0.8413637742552986,
        0.614238250602748,
        1.1823974075935249
    ],
    "10": [
        0.4777777777777778,
        0.44680851063829785,
        0.5116279069767442,
        1.1694433025756852,
        0.9667946645033947,
        1.1272836103363235
    ],
    "11": [
        0.5666666666666667,
        0.6727272727272727,
        0.4,
        1.2406454542133942,
        0.8966930841710028,
        1.112765044031118
    ]
}