{
    "0": [
        0.5333333333333333,
        1.0,
        0.0,
        1.0811403744503039,
        0.8428994816087272,
        1.2316190464924501
    ],
    "1": [
        0.4,
        0.10416666666666667,
        0.7380952380952381,
        0.8792928498098569,
        0.8993958574636876,
        1.0803778479584907
    ],
    "2": [
        0.4666666666666667,
        0.19148936170212766,
        0.7674418604651163,
        0.9755666301241133,
        0.9360634122815932,
        1.0921731396767407
    ],
    "3": [
        0.5,
        1.0,
        0.0,
        0.9151202954533555,
        0.9261302404034122,
        1.0497484108008053
    ],
    "4": [
        0.45555555555555555,
        0.5,
        0.4166666666666667,
        0.7903538360959035,
        0.9001306779661119,
        1.0729698336752207
    ],
    "5": [
        0.6444444444444445,
        1.0,
        0.030303030303030304,
        1.5584798924445118,
        0.9201515999964976,
        1.1754155175665129
    ],
    "6": [
        0.5777777777777777,
        1.0,
        0.0,
        1.7484607719202154,
        0.8575783994845456,
        1.1305789178140042
    ],
    "7": [
        0.4777777777777778,
        0.325,
        0.6,
        0.7867438752796834,
        0.8860396298987725,
        1.0761582023758802
    ],
    "8": [
        0.5555555555555556,
        0.21951219512195122,
        0.8367346938775511,
        1.1057149578969758,
        0.954154372267397,
        1.0518116263863733
    ],
    "9": [
        0.4888888888888889,
        0.375,
        0.58,
        0.7672387387332007,
        0.614238250602748,
        1.1823974075935249
    ],
    "10": [
        0.5222222222222223,
        1.0,
        0.0,
        1.2414969434854326,
        0.9135810102599939,
        1.1272836103363235
    ],
    "11": [
        0.5666666666666667,
        0.41818181818181815,
        0.8,
        1.1823469212848439,
        0.9612588089652891,
        1.112765044031118
    ]
}