{
    "0": [
        0.5333333333333333,
        0.8958333333333334,
        0.11904761904761904,
        1.4744769900017254,
        0.8447552001712682,
        1.2316190464924501
    ],
    "1": [
        0.4666666666666667,
        0.0,
        1.0,
        1,
        1,
        1
    ],
    "2": [
        0.5222222222222223,
        1.0,
        0.0,
        0.7636991557977252,
        0.8967653668208868,
        1.0921731396767407
    ],
    "3": [
        0.4888888888888889,
        0.9555555555555556,
        0.022222222222222223,
        0.8886876309998044,
        0.9261302404034122,
        1.0497484108008053
    ],
    "4": [
        0.5222222222222223,
        0.7857142857142857,
        0.2916666666666667,
        0.8975298786886023,
        0.911807536373567,
        1.1172803093662986
    ],
    "5": [
        0.6,
        0.8771929824561403,
        0.12121212121212122,
        1.4228528594696415,
        0.9201515999964976,
        1.1754155175665129
    ],
    "6": [
        0.5777777777777777,
        1.0,
        0.0,
        1.7484607719202154,
        0.8575783994845456,
        1.1305789178140042
    ],
    "7": [
        0.5333333333333333,
        0.5,
        0.56,
        0.9856633424143363,
        0.8860396298987725,
        1.0761582023758802
    ],
    "8": [
        0.45555555555555555,
        1.0,
        0.0,
        0.9674974095780186,
        0.951386072544974,
        1.0996684803621701
    ],
    "9": [
        0.5222222222222223,
        0.575,
        0.48,
        1.0255946488898438,
        0.9441287787096084,
        1.0695539808017047
    ],
    "10": [
        0.5555555555555556,
        0.7021276595744681,
        0.3953488372093023,
        1.1886417716455424,
        0.9135810102599939,
        1.1272836103363235
    ],
    "11": [
        0.6444444444444445,
        1.0,
        0.08571428571428572,
        1.3345436814956475,
        0.8966930841710028,
        1.112765044031118
    ]
}