{
    "0": [
        -7.643255996821974,
        3.5208582758431306,
        44.0,
        16.0
    ],
    "1": [
        0.8199276337812622,
        1.3224449006436443,
        37.0,
        7.0
    ],
    "2": [
        0.8873378471767039,
        1.3556658984732004,
        47.0,
        10.0
    ],
    "3": [
        -11.576577016347324,
        6.765496830050783,
        52.0,
        20.0
    ],
    "4": [
        0.8280109999815838,
        1.2652133611390761,
        42.0,
        3.0
    ],
    "5": [
        0.706284809876628,
        1.2056889129204307,
        49.0,
        6.0
    ],
    "6": [
        0.8784377640827198,
        1.2232378528044174,
        43.0,
        1.0
    ],
    "7": [
        0.8304554628238058,
        1.1967135704580656,
        42.0,
        3.0
    ],
    "8": [
        0.9176048596553819,
        1.2269763386113268,
        48.0,
        8.0
    ],
    "9": [
        0.9285434698653584,
        1.1947144561514738,
        59.0,
        8.0
    ],
    "10": [
        0.9000959216534294,
        1.120537174493026,
        44.0,
        7.0
    ],
    "11": [
        0.5555793112016971,
        1.1329353982986663,
        45.0,
        11.0
    ],
    "12": [
        0.9082158617448581,
        1.1174568775622697,
        54.0,
        8.0
    ],
    "13": [
        0.9008829669867762,
        1.3388625279473776,
        45.0,
        12.0
    ],
    "14": [
        0.9470733412107692,
        1.1694041632069698,
        45.0,
        5.0
    ],
    "15": [
        0.9257951785456986,
        1.2907977006610314,
        57.0,
        12.0
    ],
    "16": [
        0.8592396333571708,
        1.1706533980349865,
        49.0,
        9.0
    ],
    "17": [
        0.7947127167547052,
        1.3522021232203982,
        53.0,
        16.0
    ],
    "18": [
        0.740213782342334,
        1.3662449121087241,
        39.0,
        12.0
    ],
    "19": [
        -160.99430406268937,
        1.5361213042413713,
        51.0,
        15.0
    ],
    "20": [
        0.805553856260653,
        1.3538859679229893,
        52.0,
        6.0
    ],
    "21": [
        0.9144578063443484,
        1.200805246210731,
        49.0,
        7.0
    ],
    "22": [
        0.7141351914468155,
        1.1789347121983198,
        50.0,
        7.0
    ],
    "23": [
        0.6336193445068132,
        1.2396833401529823,
        48.0,
        5.0
    ],
    "24": [
        0.9343655230179462,
        1.1575240362722883,
        31.0,
        6.0
    ],
    "25": [
        0.8478639030662154,
        1.4158863027754904,
        51.0,
        13.0
    ],
    "26": [
        0.9264437992070458,
        1.5170487435208102,
        35.0,
        7.0
    ],
    "27": [
        0.9173794700837792,
        1.119836201454119,
        37.0,
        5.0
    ],
    "28": [
        0.8109740993651031,
        1.378853492719549,
        47.0,
        5.0
    ],
    "29": [
        0.2951836694322354,
        1.2177030706967018,
        61.0,
        12.0
    ],
    "30": [
        0.786911047031827,
        1.240502809943558,
        34.0,
        8.0
    ]
}