{
    "0": 0.25594819914928224,
    "1": 1.6182780863762227,
    "2": 1.5640810838550008,
    "3": -256.2528257233122,
    "4": 1.6203668596468372,
    "5": 0.45891230583633225,
    "6": 1.3573827580269116,
    "7": 1.4141084724272222,
    "8": 1.5676252660066232,
    "9": 1.2683139146349802,
    "10": 1.2468433292768384,
    "11": 0.27199060976540645,
    "12": 1.0156446350816586,
    "13": 1.651291843821043,
    "14": 1.342156176777452,
    "15": 1.3719038106742354,
    "16": 1.3952209347757396,
    "17": 3.1265689003106045,
    "18": 1.8123130646068915,
    "19": 0.0023724928621879156,
    "20": 1.6831394367310786,
    "21": 1.84178246116576,
    "22": 1.0530199433182246,
    "23": 1.3155841966306103,
    "24": 1.2399666298377578,
    "25": 1.6472697890977441,
    "26": 1.9777707649409062,
    "27": 1.4788803344778556,
    "28": 1.2507293036417069,
    "29": 0.4312061844361424,
    "30": 0.9651464295389454
}