{
    "0": 72.20359169810473,
    "1": 0.8336536220591267,
    "2": 2.1532825572449616,
    "3": 8.923084981457812,
    "4": 0.5448926587088913,
    "5": 1.4836843272239866,
    "6": 0.6034471890663525,
    "7": 0.7688799238572114,
    "8": 1.0822126674801948,
    "9": 1.3595646004198019,
    "10": 0.9585501341607344,
    "11": 2.742005566420374,
    "12": 1.1210343398797213,
    "13": 2.2608442071540416,
    "14": 1.0202706762395553,
    "15": 2.06542939964324,
    "16": 1.223640790863523,
    "17": 3.36383072850661,
    "18": 2.014197468175143,
    "19": 5.327791265679337,
    "20": 0.5588974141432165,
    "21": 0.8758605875509115,
    "22": 1.25654446176131,
    "23": 0.492321828960491,
    "24": 1.206162377430588,
    "25": 3.2699570247192544,
    "26": 1.345246344218966,
    "27": 0.7777597368007134,
    "28": 1.0307758866728012,
    "29": 2.7133285940986607,
    "30": 1.3065368648341367
}