{"0": [
  0.5666666666666667,
  1.0811403744503039,
  0.8428994816087272,
  1.2316190464924501],

 "1": [
  0.5666666666666667,
  1.2368427783198614,
  0.8976005373352774,
  1.1422964360284107],

 "2": [
  0.5666666666666667,
  0.7636991557977252,
  0.8967653668208868,
  1.0921731396767407],

 "3": [
  0.5666666666666667,
  0.9151202954533555,
  0.9261302404034122,
  1.0497484108008053],

 "4": [
  0.5666666666666667,
  0.5471430176260813,
  0.8671511307639452,
  1.1172803093662986],

 "5": [
  0.5666666666666667,
  1.560999435928594,
  0.9201515999964976,
  1.1754155175665129],

 "6": [
  0.5666666666666667,
  1.7484607719202154,
  0.8575783994845456,
  1.1305789178140042],

 "7": [
  0.5666666666666667,
  0.9067176888350073,
  0.8860396298987725,
  1.1545703884307477],

 "8": [
  0.5666666666666667,
  0.9674974095780186,
  0.951386072544974,
  1.0996684803621701],

 "9": [
  0.5666666666666667,
  0.8206880106893513,
  0.614238250602748,
  1.1823974075935249],

 "10": [
  0.5666666666666667,
  1.2414969434854326,
  0.9135810102599939,
  1.1272836103363235],

 "11": [
  0.5666666666666667,
  1.305064788244068,
  0.8966930841710028,
  1.112765044031118]}
