{"0": [
  0.5188888888888888,
  0.51875,
  0.519047619047619,
  0.9683242649528443,
  0.8519743420879962,
  1.182660597713343],

 "1": [
  0.48666666666666664,
  0.5020833333333333,
  0.469047619047619,
  1.242504681233607,
  0.9078659576606979,
  1.1235453190585176],

 "2": [
  0.5033333333333333,
  0.5106382978723405,
  0.49534883720930234,
  0.8902442353208512,
  0.9025497660351443,
  1.0876342843375015],

 "3": [
  0.5011111111111111,
  0.5199999999999999,
  0.4822222222222222,
  0.9865839268570508,
  0.9409698592658643,
  1.0438079933945874],

 "4": [
  0.5144444444444444,
  0.5190476190476191,
  0.5104166666666667,
  0.6299703602122784,
  0.8762775988855095,
  1.1018584124642425],

 "5": [
  0.5255555555555554,
  0.5350877192982455,
  0.509090909090909,
  1.3270370740097388,
  0.9443639103225798,
  1.140531473094398],

 "6": [
  0.5044444444444445,
  0.4980769230769231,
  0.5131578947368421,
  1.314429068610865,
  0.8602121844440125,
  1.1245321241042154],

 "7": [
  0.5055555555555555,
  0.5125,
  0.5,
  0.9930541704672979,
  0.9064948130297197,
  1.094490793857279],

 "8": [
  0.4822222222222222,
  0.46585365853658534,
  0.49591836734693884,
  1.038192666952012,
  0.9520562999136354,
  1.0916260497293906],

 "9": [
  0.49444444444444435,
  0.4574999999999999,
  0.524,
  0.8944133361720292,
  0.7386777080262685,
  1.154336028484202],

 "10": [
  0.5111111111111111,
  0.4957446808510638,
  0.5279069767441861,
  1.1855407700536655,
  0.9294778686138985,
  1.1067519409767685],

 "11": [
  0.4966666666666667,
  0.5036363636363635,
  0.48571428571428565,
  1.1425583159338781,
  0.9210987513217944,
  1.0864018465978915]}
