{
    "0": [
        0.4777777777777778,
        1.0,
        0.0,
        1.0811403744503039,
        0.8428994816087272,
        1.2316190464924501
    ],
    "1": [
        0.5222222222222223,
        0.2857142857142857,
        0.8048780487804879,
        0.8000390010768307,
        0.8993958574636876,
        1.0897668882566307
    ],
    "2": [
        0.4222222222222222,
        1.0,
        0.0,
        0.7636991557977252,
        0.8967653668208868,
        1.0921731396767407
    ],
    "3": [
        0.5444444444444444,
        0.3409090909090909,
        0.7391304347826086,
        0.9859133789513984,
        0.9336788081825143,
        1.0415837032379744
    ],
    "4": [
        0.34444444444444444,
        0.8125,
        0.08620689655172414,
        0.6179430089123041,
        0.8671511307639452,
        1.1172803093662986
    ],
    "5": [
        0.34444444444444444,
        0.19672131147540983,
        0.6551724137931034,
        1.087036641777134,
        0.9534713219780738,
        1.0338337391099
    ],
    "6": [
        0.3111111111111111,
        0.05084745762711865,
        0.8064516129032258,
        1.001741785408224,
        0.957973072857591,
        1.0500675338236314
    ],
    "7": [
        0.4222222222222222,
        0.7058823529411765,
        0.25,
        0.8144898903482819,
        0.8860396298987725,
        1.0761582023758802
    ],
    "8": [
        0.5444444444444444,
        0.0975609756097561,
        0.9183673469387755,
        1.0155821431870515,
        0.9517746306255636,
        1.0510177227494786
    ],
    "9": [
        0.4888888888888889,
        0.6792452830188679,
        0.21621621621621623,
        1.1834072181486277,
        0.9102666786883837,
        1.1823974075935249
    ],
    "10": [
        0.6333333333333333,
        0.5869565217391305,
        0.6818181818181818,
        1.2520915226618616,
        0.9135810102599939,
        1.1272836103363235
    ],
    "11": [
        0.4777777777777778,
        0.19642857142857142,
        0.9411764705882353,
        1.0246968038386717,
        0.9612588089652891,
        1.0298427175552842
    ]
}