{
    "0": [
        0.4222222222222222,
        0.6744186046511628,
        0.19148936170212766,
        0.6936281226743229,
        0.8428994816087272,
        1.2316190464924501
    ],
    "1": [
        0.43333333333333335,
        0.2857142857142857,
        0.6097560975609756,
        0.8540266165584415,
        0.8993958574636876,
        1.0803778479584907
    ],
    "2": [
        0.6555555555555556,
        0.8421052631578947,
        0.5192307692307693,
        0.992827902904961,
        0.8967653668208868,
        1.0921731396767407
    ],
    "3": [
        0.5666666666666667,
        0.3181818181818182,
        0.8043478260869565,
        1.0014169478250483,
        0.9261302404034122,
        1.0312008864121507
    ],
    "4": [
        0.4111111111111111,
        0.84375,
        0.1724137931034483,
        0.5215864201136629,
        0.8671511307639452,
        1.1172803093662986
    ],
    "5": [
        0.4,
        0.36065573770491804,
        0.4827586206896552,
        1.1306145871850843,
        0.9510629311205345,
        1.0767682140985009
    ],
    "6": [
        0.4666666666666667,
        0.711864406779661,
        0.0,
        1.2642937898595097,
        0.8575783994845456,
        1.111283046194372
    ],
    "7": [
        0.3888888888888889,
        0.7941176470588235,
        0.14285714285714285,
        0.9669454836604997,
        0.8860396298987725,
        1.1545703884307477
    ],
    "8": [
        0.35555555555555557,
        0.07317073170731707,
        0.5918367346938775,
        0.7762777657311952,
        0.951386072544974,
        1.0996684803621701
    ],
    "9": [
        0.5333333333333333,
        0.5660377358490566,
        0.4864864864864865,
        0.8901044345215879,
        0.614238250602748,
        1.1823974075935249
    ],
    "10": [
        0.4777777777777778,
        0.7391304347826086,
        0.20454545454545456,
        1.1643304723822834,
        0.9135810102599939,
        1.1272836103363235
    ],
    "11": [
        0.2222222222222222,
        0.21428571428571427,
        0.23529411764705882,
        0.8835775174569565,
        0.8966930841710028,
        1.050820615089816
    ]
}