{
    "0": [
        0.6333333333333333,
        0.9069767441860465,
        0.3829787234042553,
        1.7745902592509304,
        0.8447552001712682,
        1.2316190464924501
    ],
    "1": [
        0.5222222222222223,
        0.6122448979591837,
        0.4146341463414634,
        0.6319919224967069,
        0.8976005373352774,
        1.0803778479584907
    ],
    "2": [
        0.3888888888888889,
        0.6578947368421053,
        0.19230769230769232,
        0.766192006015133,
        0.8967653668208868,
        1.085465458606541
    ],
    "3": [
        0.6555555555555556,
        0.38636363636363635,
        0.9130434782608695,
        1.1833662732047892,
        0.969124793782672,
        1.0404580926767923
    ],
    "4": [
        0.34444444444444444,
        0.65625,
        0.1724137931034483,
        0.5058167082905611,
        0.8671511307639452,
        1.1172803093662986
    ],
    "5": [
        0.32222222222222224,
        0.0,
        1.0,
        1,
        1,
        1
    ],
    "6": [
        0.6333333333333333,
        0.6779661016949152,
        0.5483870967741935,
        1.483607296007169,
        0.8707473242818813,
        1.1305789178140042
    ],
    "7": [
        0.4,
        0.6176470588235294,
        0.26785714285714285,
        0.7582837390502966,
        0.8860396298987725,
        1.0761582023758802
    ],
    "8": [
        0.5,
        0.0975609756097561,
        0.8367346938775511,
        1.0731991818129405,
        0.968241195473036,
        1.0510177227494786
    ],
    "9": [
        0.37777777777777777,
        0.33962264150943394,
        0.43243243243243246,
        0.9246783111389336,
        0.9441287787096084,
        1.0475966430219024
    ],
    "10": [
        0.5111111111111111,
        1.0,
        0.0,
        1.2414969434854326,
        0.9135810102599939,
        1.1272836103363235
    ],
    "11": [
        0.43333333333333335,
        0.10714285714285714,
        0.9705882352941176,
        1.0565321832345453,
        0.9886599434063197,
        1.0345883457826892
    ]
}