{
    "0": [
        0.6,
        0.6511627906976745,
        0.5531914893617021,
        1.2747836114595699,
        0.8428994816087272,
        1.2316190464924501
    ],
    "1": [
        0.6333333333333333,
        0.3469387755102041,
        0.975609756097561,
        1.060361275895553,
        0.9068769836662509,
        1.0897668882566307
    ],
    "2": [
        0.6444444444444445,
        0.7894736842105263,
        0.5384615384615384,
        1.0398653543863134,
        0.8967653668208868,
        1.0921731396767407
    ],
    "3": [
        0.7,
        0.8181818181818182,
        0.5869565217391305,
        1.0064045704712967,
        0.9261302404034122,
        1.0415837032379744
    ],
    "4": [
        0.34444444444444444,
        0.9375,
        0.017241379310344827,
        0.5349931247169633,
        0.8671511307639452,
        1.1172803093662986
    ],
    "5": [
        0.32222222222222224,
        0.0,
        1.0,
        1,
        1,
        1
    ],
    "6": [
        0.6444444444444445,
        0.9830508474576272,
        0.0,
        1.879865803105564,
        0.8575783994845456,
        1.1305789178140042
    ],
    "7": [
        0.5888888888888889,
        0.35294117647058826,
        0.7321428571428571,
        1.1622088287199437,
        0.9289094236928562,
        1.1545703884307477
    ],
    "8": [
        0.4666666666666667,
        0.3170731707317073,
        0.5918367346938775,
        1.0734625949691428,
        0.9539722791134384,
        1.0996684803621701
    ],
    "9": [
        0.6111111111111112,
        0.39622641509433965,
        0.918918918918919,
        1.1022246410160375,
        0.9500306037482869,
        1.0873652710390624
    ],
    "10": [
        0.36666666666666664,
        0.4782608695652174,
        0.25,
        1.1931122856123069,
        0.9372473116814342,
        1.1272836103363235
    ],
    "11": [
        0.5222222222222223,
        0.6785714285714286,
        0.2647058823529412,
        0.9338885850045291,
        0.8966930841710028,
        1.048539817428495
    ]
}