{
    "0": [
        0.6888888888888889,
        0.9069767441860465,
        0.48936170212765956,
        1.9151469103048964,
        0.8796590351586018,
        1.2316190464924501
    ],
    "1": [
        0.5444444444444444,
        0.5510204081632653,
        0.5365853658536586,
        0.7147313497880607,
        0.8993958574636876,
        1.0845210765398334
    ],
    "2": [
        0.6111111111111112,
        0.868421052631579,
        0.4230769230769231,
        0.9419354763716966,
        0.8967653668208868,
        1.0921731396767407
    ],
    "3": [
        0.45555555555555555,
        0.022727272727272728,
        0.8695652173913043,
        0.8668692605930061,
        0.9336788081825143,
        1.0129151234726594
    ],
    "4": [
        0.6444444444444445,
        0.40625,
        0.7758620689655172,
        1.0031230934856488,
        0.9350594982022246,
        1.0729698336752207
    ],
    "5": [
        0.4666666666666667,
        0.3770491803278688,
        0.6551724137931034,
        1.3413668321661771,
        0.9510629311205345,
        1.1754155175665129
    ],
    "6": [
        0.5777777777777777,
        0.7796610169491526,
        0.1935483870967742,
        1.6391070292461987,
        0.8575783994845456,
        1.1270765377324055
    ],
    "7": [
        0.5,
        0.3235294117647059,
        0.6071428571428571,
        0.9950752113609149,
        0.9289094236928562,
        1.0445942805401474
    ],
    "8": [
        0.4777777777777778,
        0.2926829268292683,
        0.6326530612244898,
        1.0182267608474473,
        0.9539722791134384,
        1.0996684803621701
    ],
    "9": [
        0.5111111111111111,
        0.4339622641509434,
        0.6216216216216216,
        0.7849814520876515,
        0.614238250602748,
        1.1823974075935249
    ],
    "10": [
        0.5,
        0.9782608695652174,
        0.0,
        1.1013173012557447,
        0.9135810102599939,
        1.078811281340542
    ],
    "11": [
        0.32222222222222224,
        0.35714285714285715,
        0.2647058823529412,
        0.985018192175355,
        0.8966930841710028,
        1.050820615089816
    ]
}