{
    "0": [
        0.2777777777777778,
        0.5348837209302325,
        0.0425531914893617,
        0.5452137694765975,
        0.8428994816087272,
        1.2316190464924501
    ],
    "1": [
        0.5666666666666667,
        0.5714285714285714,
        0.5609756097560976,
        0.9509424185908302,
        0.8976005373352774,
        1.1422964360284107
    ],
    "2": [
        0.3,
        0.42105263157894735,
        0.21153846153846154,
        0.5879312164647751,
        0.8967653668208868,
        1.0537517108668841
    ],
    "3": [
        0.5444444444444444,
        0.7272727272727273,
        0.3695652173913043,
        0.8938020385941213,
        0.9261302404034122,
        1.0497484108008053
    ],
    "4": [
        0.5555555555555556,
        0.46875,
        0.603448275862069,
        0.9202961411908297,
        0.911807536373567,
        1.0729698336752207
    ],
    "5": [
        0.32222222222222224,
        0.0,
        1.0,
        1,
        1,
        1
    ],
    "6": [
        0.5,
        0.711864406779661,
        0.0967741935483871,
        1.1593803090971346,
        0.8575783994845456,
        1.1270765377324055
    ],
    "7": [
        0.32222222222222224,
        0.8529411764705882,
        0.0,
        0.8215216154642246,
        0.8860396298987725,
        1.1545703884307477
    ],
    "8": [
        0.5,
        0.4634146341463415,
        0.5306122448979592,
        1.089336378678494,
        0.9539722791134384,
        1.0996684803621701
    ],
    "9": [
        0.3,
        0.2830188679245283,
        0.32432432432432434,
        0.5590835943359731,
        0.614238250602748,
        1.1412883414010726
    ],
    "10": [
        0.5111111111111111,
        1.0,
        0.0,
        1.2414969434854326,
        0.9135810102599939,
        1.1272836103363235
    ],
    "11": [
        0.5555555555555556,
        0.8571428571428571,
        0.058823529411764705,
        1.2647323621379876,
        0.8966930841710028,
        1.0761464979382598
    ]
}