{
    "0": [
        0.5,
        0.023255813953488372,
        0.9361702127659575,
        0.9145412290267337,
        0.9237196231755173,
        1.1042350595192174
    ],
    "1": [
        0.5666666666666667,
        0.5918367346938775,
        0.5365853658536586,
        0.961021662741052,
        0.8993958574636876,
        1.0897668882566307
    ],
    "2": [
        0.45555555555555555,
        0.6052631578947368,
        0.34615384615384615,
        0.900746727296958,
        0.8967653668208868,
        1.085465458606541
    ],
    "3": [
        0.6888888888888889,
        0.8863636363636364,
        0.5,
        1.0004575210828792,
        0.9261302404034122,
        1.0404580926767923
    ],
    "4": [
        0.5222222222222223,
        0.3125,
        0.6379310344827587,
        1.0464649327609814,
        0.9350594982022246,
        1.0729698336752207
    ],
    "5": [
        0.3111111111111111,
        0.01639344262295082,
        0.9310344827586207,
        1.0290187341022776,
        1,
        1.0193026223873016
    ],
    "6": [
        0.5444444444444444,
        0.559322033898305,
        0.5161290322580645,
        1.2406174104922603,
        0.901987449185666,
        1.1305789178140042
    ],
    "7": [
        0.4222222222222222,
        0.6764705882352942,
        0.26785714285714285,
        0.7890577005400338,
        0.8860396298987725,
        1.0761582023758802
    ],
    "8": [
        0.5444444444444444,
        0.04878048780487805,
        0.9591836734693877,
        1.0209809589326742,
        0.9790181670032574,
        1.0449093841649557
    ],
    "9": [
        0.5444444444444444,
        0.8113207547169812,
        0.16216216216216217,
        0.7162888607383512,
        0.614238250602748,
        1.1823974075935249
    ],
    "10": [
        0.5222222222222223,
        0.8913043478260869,
        0.13636363636363635,
        1.1793681553211213,
        0.9135810102599939,
        1.1272836103363235
    ],
    "11": [
        0.43333333333333335,
        0.10714285714285714,
        0.9705882352941176,
        1.0522714718411434,
        0.9886599434063197,
        1.0345883457826892
    ]
}