{
    "0": [
        0.5,
        0.9767441860465116,
        0.06382978723404255,
        1.1821669052590078,
        0.8428994816087272,
        1.2316190464924501
    ],
    "1": [
        0.35555555555555557,
        0.22448979591836735,
        0.5121951219512195,
        0.7528274888888661,
        0.8976005373352774,
        1.0803778479584907
    ],
    "2": [
        0.4111111111111111,
        0.2894736842105263,
        0.5,
        0.9890726879355475,
        0.9029473490481763,
        1.085465458606541
    ],
    "3": [
        0.5888888888888889,
        0.8181818181818182,
        0.3695652173913043,
        0.9890744984801113,
        0.9261302404034122,
        1.0497484108008053
    ],
    "4": [
        0.5,
        0.5625,
        0.46551724137931033,
        0.6736945575213971,
        0.8671511307639452,
        1.1172803093662986
    ],
    "5": [
        0.3333333333333333,
        0.03278688524590164,
        0.9655172413793104,
        1.083411224994321,
        1,
        1.0767682140985009
    ],
    "6": [
        0.35555555555555557,
        0.01694915254237288,
        1.0,
        1,
        1,
        1
    ],
    "7": [
        0.5555555555555556,
        0.38235294117647056,
        0.6607142857142857,
        1.0780373711692866,
        0.9289094236928562,
        1.1545703884307477
    ],
    "8": [
        0.6,
        0.1951219512195122,
        0.9387755102040817,
        1.013416566521049,
        0.9790181670032574,
        1.0449093841649557
    ],
    "9": [
        0.43333333333333335,
        0.3584905660377358,
        0.5405405405405406,
        0.8464761905208369,
        0.614238250602748,
        1.1823974075935249
    ],
    "10": [
        0.5111111111111111,
        1.0,
        0.0,
        1.2414969434854326,
        0.9135810102599939,
        1.1272836103363235
    ],
    "11": [
        0.32222222222222224,
        0.26785714285714285,
        0.4117647058823529,
        0.9052365427341635,
        0.8966930841710028,
        1.0298427175552842
    ]
}