{
    "0": [
        0.4,
        0.8372093023255814,
        0.0,
        0.8652849537263384,
        0.8428994816087272,
        1.2316190464924501
    ],
    "1": [
        0.6111111111111112,
        0.6122448979591837,
        0.6097560975609756,
        1.2164938814590587,
        0.8976005373352774,
        1.1422964360284107
    ],
    "2": [
        0.5111111111111111,
        0.5,
        0.5192307692307693,
        0.8508149892634737,
        0.8967653668208868,
        1.0537517108668841
    ],
    "3": [
        0.6111111111111112,
        0.38636363636363635,
        0.8260869565217391,
        1.1062691207095927,
        0.9641825459408555,
        1.0404580926767923
    ],
    "4": [
        0.4,
        0.09375,
        0.5689655172413793,
        0.7246036579810837,
        0.8671511307639452,
        1.1172803093662986
    ],
    "5": [
        0.3,
        0.0,
        0.9310344827586207,
        1.0729091400563002,
        0.9964160587286359,
        1.0767682140985009
    ],
    "6": [
        0.34444444444444444,
        0.3559322033898305,
        0.3225806451612903,
        1.1489632072262186,
        0.8575783994845456,
        1.111283046194372
    ],
    "7": [
        0.4666666666666667,
        0.47058823529411764,
        0.4642857142857143,
        0.7912410021638269,
        0.8860396298987725,
        1.068440516879447
    ],
    "8": [
        0.5888888888888889,
        0.5365853658536586,
        0.6326530612244898,
        1.1375055648888943,
        0.9539722791134384,
        1.0996684803621701
    ],
    "9": [
        0.4,
        0.33962264150943394,
        0.4864864864864865,
        0.8673579603184198,
        0.9102666786883837,
        1.0475966430219024
    ],
    "10": [
        0.5,
        0.8913043478260869,
        0.09090909090909091,
        1.1738651420581088,
        0.9135810102599939,
        1.1272836103363235
    ],
    "11": [
        0.3888888888888889,
        0.2857142857142857,
        0.5588235294117647,
        1.1029074261603162,
        0.9564820017436121,
        1.050820615089816
    ]
}