{
    "0": [
        0.6444444444444445,
        0.9302325581395349,
        0.3829787234042553,
        1.629098885052217,
        0.8447552001712682,
        1.2316190464924501
    ],
    "1": [
        0.6444444444444445,
        0.5102040816326531,
        0.8048780487804879,
        1.0269357004385293,
        0.9068769836662509,
        1.1422964360284107
    ],
    "2": [
        0.5444444444444444,
        0.631578947368421,
        0.4807692307692308,
        0.912471132737134,
        0.9360634122815932,
        1.0921731396767407
    ],
    "3": [
        0.6444444444444445,
        0.8181818181818182,
        0.4782608695652174,
        1.0101894492740673,
        0.9261302404034122,
        1.0404580926767923
    ],
    "4": [
        0.5666666666666667,
        0.40625,
        0.6551724137931034,
        1.0102682061544315,
        0.9379612616570732,
        1.1172803093662986
    ],
    "5": [
        0.34444444444444444,
        0.06557377049180328,
        0.9310344827586207,
        1.0706622577896285,
        0.9901862735180618,
        1.0767682140985009
    ],
    "6": [
        0.6888888888888889,
        0.9830508474576272,
        0.12903225806451613,
        1.8036427133002741,
        0.8575783994845456,
        1.1305789178140042
    ],
    "7": [
        0.4444444444444444,
        0.6470588235294118,
        0.32142857142857145,
        1.001934327498805,
        0.9213085471592081,
        1.1545703884307477
    ],
    "8": [
        0.5777777777777777,
        0.2926829268292683,
        0.8163265306122449,
        1.064061273848877,
        0.954154372267397,
        1.0510177227494786
    ],
    "9": [
        0.5333333333333333,
        0.39622641509433965,
        0.7297297297297297,
        0.8660004886773758,
        0.614238250602748,
        1.1823974075935249
    ],
    "10": [
        0.5444444444444444,
        0.8913043478260869,
        0.18181818181818182,
        1.1858823760894766,
        0.9135810102599939,
        1.1272836103363235
    ],
    "11": [
        0.35555555555555557,
        0.30357142857142855,
        0.4411764705882353,
        1.1194389961025841,
        0.9564820017436121,
        1.050820615089816
    ]
}