{
    "0": [
        0.4777777777777778,
        1.0,
        0.0,
        1.0811403744503039,
        0.8428994816087272,
        1.2316190464924501
    ],
    "1": [
        0.4888888888888889,
        0.8979591836734694,
        0.0,
        1.372419537438646,
        0.8976005373352774,
        1.1422964360284107
    ],
    "2": [
        0.4222222222222222,
        1.0,
        0.0,
        0.7636991557977252,
        0.8967653668208868,
        1.0921731396767407
    ],
    "3": [
        0.3333333333333333,
        0.22727272727272727,
        0.43478260869565216,
        0.874545750963644,
        0.9261302404034122,
        1.0497484108008053
    ],
    "4": [
        0.4111111111111111,
        0.84375,
        0.1724137931034483,
        0.6366282668677393,
        0.8671511307639452,
        1.1172803093662986
    ],
    "5": [
        0.4,
        0.13114754098360656,
        0.9655172413793104,
        1.0006702610060725,
        0.9510629311205345,
        1.02688302846529
    ],
    "6": [
        0.5555555555555556,
        0.7288135593220338,
        0.22580645161290322,
        1.4719752473007663,
        0.8575783994845456,
        1.1270765377324055
    ],
    "7": [
        0.6,
        0.14705882352941177,
        0.875,
        1.0038456503444335,
        0.9213085471592081,
        1.0761582023758802
    ],
    "8": [
        0.4444444444444444,
        0.5853658536585366,
        0.32653061224489793,
        0.926542897008964,
        0.9517746306255636,
        1.0996684803621701
    ],
    "9": [
        0.4222222222222222,
        0.6037735849056604,
        0.16216216216216217,
        0.7984023258627884,
        0.614238250602748,
        1.1823974075935249
    ],
    "10": [
        0.4666666666666667,
        0.717391304347826,
        0.20454545454545456,
        1.1729277086257468,
        0.9135810102599939,
        1.1272836103363235
    ],
    "11": [
        0.5777777777777777,
        0.6428571428571429,
        0.47058823529411764,
        1.0399504904054904,
        0.8966930841710028,
        1.0761464979382598
    ]
}