{
    "0": [
        0.4777777777777778,
        1.0,
        0.0,
        1.0811403744503039,
        0.8428994816087272,
        1.2316190464924501
    ],
    "1": [
        0.5333333333333333,
        0.5714285714285714,
        0.4878048780487805,
        1.0273317878967203,
        0.8993958574636876,
        1.0897668882566307
    ],
    "2": [
        0.4222222222222222,
        1.0,
        0.0,
        0.7636991557977252,
        0.8967653668208868,
        1.0921731396767407
    ],
    "3": [
        0.5333333333333333,
        0.6818181818181818,
        0.391304347826087,
        0.920021937456429,
        0.9261302404034122,
        1.0415837032379744
    ],
    "4": [
        0.32222222222222224,
        0.875,
        0.017241379310344827,
        0.5461904173873198,
        0.8671511307639452,
        1.1172803093662986
    ],
    "5": [
        0.45555555555555555,
        0.5737704918032787,
        0.20689655172413793,
        1.3190884168382115,
        0.9201515999964976,
        1.1754155175665129
    ],
    "6": [
        0.3333333333333333,
        0.23728813559322035,
        0.5161290322580645,
        1.0730741100405696,
        0.8707473242818813,
        1.0999418441903264
    ],
    "7": [
        0.5888888888888889,
        0.11764705882352941,
        0.875,
        0.9122248224340803,
        0.9213085471592081,
        1.0551183010109986
    ],
    "8": [
        0.5,
        0.4146341463414634,
        0.5714285714285714,
        0.9961798534766574,
        0.9539722791134384,
        1.0996684803621701
    ],
    "9": [
        0.4888888888888889,
        0.7735849056603774,
        0.08108108108108109,
        0.9322131939638745,
        0.614238250602748,
        1.1823974075935249
    ],
    "10": [
        0.4666666666666667,
        0.8260869565217391,
        0.09090909090909091,
        1.2394217464038497,
        0.9135810102599939,
        1.1272836103363235
    ],
    "11": [
        0.5666666666666667,
        0.8928571428571429,
        0.029411764705882353,
        1.1141048787582069,
        0.8966930841710028,
        1.0761464979382598
    ]
}