{
    "0": [
        0.4666666666666667,
        0.9767441860465116,
        0.0,
        1.1704204905094622,
        0.8428994816087272,
        1.2316190464924501
    ],
    "1": [
        0.5444444444444444,
        1.0,
        0.0,
        1.2368427783198614,
        0.8976005373352774,
        1.1422964360284107
    ],
    "2": [
        0.4222222222222222,
        1.0,
        0.0,
        0.7636991557977252,
        0.8967653668208868,
        1.0921731396767407
    ],
    "3": [
        0.4888888888888889,
        1.0,
        0.0,
        0.9151202954533555,
        0.9261302404034122,
        1.0497484108008053
    ],
    "4": [
        0.32222222222222224,
        0.875,
        0.017241379310344827,
        0.5461904173873198,
        0.8671511307639452,
        1.1172803093662986
    ],
    "5": [
        0.6222222222222222,
        0.8032786885245902,
        0.2413793103448276,
        1.3736607677294792,
        0.9201515999964976,
        1.1754155175665129
    ],
    "6": [
        0.6555555555555556,
        1.0,
        0.0,
        1.7484607719202154,
        0.8575783994845456,
        1.1305789178140042
    ],
    "7": [
        0.6111111111111112,
        0.2647058823529412,
        0.8214285714285714,
        0.9603847748623809,
        0.9213085471592081,
        1.0761582023758802
    ],
    "8": [
        0.5,
        0.3902439024390244,
        0.5918367346938775,
        1.0024234947209552,
        0.9539722791134384,
        1.0996684803621701
    ],
    "9": [
        0.4777777777777778,
        0.5283018867924528,
        0.40540540540540543,
        1.0577562158272442,
        0.9441287787096084,
        1.0695539808017047
    ],
    "10": [
        0.5777777777777777,
        0.717391304347826,
        0.4318181818181818,
        1.1942670541234,
        0.9135810102599939,
        1.1272836103363235
    ],
    "11": [
        0.6111111111111112,
        0.9821428571428571,
        0.0,
        1.1728125314903153,
        0.8966930841710028,
        1.0761464979382598
    ]
}