{
    "0": [
        0.4666666666666667,
        0.9767441860465116,
        0.0,
        1.1704204905094622,
        0.8428994816087272,
        1.2316190464924501
    ],
    "1": [
        0.5444444444444444,
        1.0,
        0.0,
        1.2368427783198614,
        0.8976005373352774,
        1.1422964360284107
    ],
    "2": [
        0.4222222222222222,
        1.0,
        0.0,
        0.7636991557977252,
        0.8967653668208868,
        1.0921731396767407
    ],
    "3": [
        0.4444444444444444,
        0.9090909090909091,
        0.0,
        0.9173079070964322,
        0.9261302404034122,
        1.0497484108008053
    ],
    "4": [
        0.3333333333333333,
        0.90625,
        0.017241379310344827,
        0.5402733476452687,
        0.8671511307639452,
        1.1172803093662986
    ],
    "5": [
        0.6222222222222222,
        0.819672131147541,
        0.20689655172413793,
        1.3926525838783697,
        0.9201515999964976,
        1.1754155175665129
    ],
    "6": [
        0.6888888888888889,
        0.9491525423728814,
        0.1935483870967742,
        1.7851922995194696,
        0.8575783994845456,
        1.1305789178140042
    ],
    "7": [
        0.6111111111111112,
        0.20588235294117646,
        0.8571428571428571,
        1.0095517921225823,
        0.9213085471592081,
        1.0761582023758802
    ],
    "8": [
        0.5,
        0.3902439024390244,
        0.5918367346938775,
        0.9988019637914671,
        0.9539722791134384,
        1.0996684803621701
    ],
    "9": [
        0.5,
        0.5471698113207547,
        0.43243243243243246,
        1.064998471313686,
        0.9441287787096084,
        1.0695539808017047
    ],
    "10": [
        0.45555555555555555,
        0.8260869565217391,
        0.06818181818181818,
        1.2190406856502487,
        0.9135810102599939,
        1.1272836103363235
    ],
    "11": [
        0.6111111111111112,
        0.9821428571428571,
        0.0,
        1.1728125314903153,
        0.8966930841710028,
        1.0761464979382598
    ]
}