{
    "0": [
        0.4666666666666667,
        0.9767441860465116,
        0.0,
        1.1704204905094622,
        0.8428994816087272,
        1.2316190464924501
    ],
    "1": [
        0.5333333333333333,
        0.673469387755102,
        0.36585365853658536,
        0.7646183007465114,
        0.8976005373352774,
        1.0897668882566307
    ],
    "2": [
        0.4222222222222222,
        1.0,
        0.0,
        0.7636991557977252,
        0.8967653668208868,
        1.0921731396767407
    ],
    "3": [
        0.45555555555555555,
        0.9318181818181818,
        0.0,
        0.8808018445538385,
        0.9261302404034122,
        1.0497484108008053
    ],
    "4": [
        0.36666666666666664,
        1.0,
        0.017241379310344827,
        0.5427730956881756,
        0.8671511307639452,
        1.1172803093662986
    ],
    "5": [
        0.6222222222222222,
        0.819672131147541,
        0.20689655172413793,
        1.3926525838783697,
        0.9201515999964976,
        1.1754155175665129
    ],
    "6": [
        0.6333333333333333,
        0.9491525423728814,
        0.03225806451612903,
        1.8044430438690364,
        0.8575783994845456,
        1.1305789178140042
    ],
    "7": [
        0.6111111111111112,
        0.20588235294117646,
        0.8571428571428571,
        0.9012372263783016,
        0.9213085471592081,
        1.0761582023758802
    ],
    "8": [
        0.43333333333333335,
        0.5365853658536586,
        0.3469387755102041,
        0.9263136843137644,
        0.9517746306255636,
        1.0996684803621701
    ],
    "9": [
        0.5111111111111111,
        0.8113207547169812,
        0.08108108108108109,
        0.9786927802974579,
        0.614238250602748,
        1.1823974075935249
    ],
    "10": [
        0.5,
        0.717391304347826,
        0.2727272727272727,
        1.183900140322506,
        0.9135810102599939,
        1.1272836103363235
    ],
    "11": [
        0.6,
        0.9642857142857143,
        0.0,
        1.155442417379702,
        0.8966930841710028,
        1.0761464979382598
    ]
}