{
    "0": [
        0.4777777777777778,
        1.0,
        0.0,
        1.0811403744503039,
        0.8428994816087272,
        1.2316190464924501
    ],
    "1": [
        0.5666666666666667,
        1.0,
        0.04878048780487805,
        1.3294711468627796,
        0.8976005373352774,
        1.1422964360284107
    ],
    "2": [
        0.4222222222222222,
        1.0,
        0.0,
        0.7636991557977252,
        0.8967653668208868,
        1.0921731396767407
    ],
    "3": [
        0.24444444444444444,
        0.3409090909090909,
        0.15217391304347827,
        0.7848882022134662,
        0.9261302404034122,
        1.0497484108008053
    ],
    "4": [
        0.3333333333333333,
        0.90625,
        0.017241379310344827,
        0.5402733476452687,
        0.8671511307639452,
        1.1172803093662986
    ],
    "5": [
        0.6444444444444445,
        0.819672131147541,
        0.27586206896551724,
        1.3929632191717516,
        0.9201515999964976,
        1.1754155175665129
    ],
    "6": [
        0.7111111111111111,
        0.9830508474576272,
        0.1935483870967742,
        1.7185006581900726,
        0.8575783994845456,
        1.1305789178140042
    ],
    "7": [
        0.6,
        0.14705882352941177,
        0.875,
        0.922619713864308,
        0.9213085471592081,
        1.0551183010109986
    ],
    "8": [
        0.4666666666666667,
        0.5609756097560976,
        0.3877551020408163,
        0.9746356403936928,
        0.9517746306255636,
        1.0996684803621701
    ],
    "9": [
        0.4777777777777778,
        0.5283018867924528,
        0.40540540540540543,
        1.0577562158272442,
        0.9441287787096084,
        1.0695539808017047
    ],
    "10": [
        0.4666666666666667,
        0.8260869565217391,
        0.09090909090909091,
        1.2394217464038497,
        0.9135810102599939,
        1.1272836103363235
    ],
    "11": [
        0.6111111111111112,
        0.9821428571428571,
        0.0,
        1.1728125314903153,
        0.8966930841710028,
        1.0761464979382598
    ]
}