{
    "0": [
        0.4777777777777778,
        1.0,
        0.0,
        1.0811403744503039,
        0.8428994816087272,
        1.2316190464924501
    ],
    "1": [
        0.5444444444444444,
        1.0,
        0.0,
        1.2368427783198614,
        0.8976005373352774,
        1.1422964360284107
    ],
    "2": [
        0.4222222222222222,
        1.0,
        0.0,
        0.7636991557977252,
        0.8967653668208868,
        1.0921731396767407
    ],
    "3": [
        0.32222222222222224,
        0.09090909090909091,
        0.5434782608695652,
        0.869794002601423,
        0.9261302404034122,
        1.0497484108008053
    ],
    "4": [
        0.36666666666666664,
        1.0,
        0.017241379310344827,
        0.5427730956881756,
        0.8671511307639452,
        1.1172803093662986
    ],
    "5": [
        0.6333333333333333,
        0.8688524590163934,
        0.13793103448275862,
        1.4826026297778925,
        0.9201515999964976,
        1.1754155175665129
    ],
    "6": [
        0.7,
        0.9830508474576272,
        0.16129032258064516,
        1.7115151518956748,
        0.8575783994845456,
        1.1305789178140042
    ],
    "7": [
        0.5333333333333333,
        0.2647058823529412,
        0.6964285714285714,
        0.7827982064999296,
        0.8860396298987725,
        1.0551183010109986
    ],
    "8": [
        0.5444444444444444,
        0.0,
        1.0,
        1,
        1,
        1
    ],
    "9": [
        0.3888888888888889,
        0.24528301886792453,
        0.5945945945945946,
        0.9164251843405845,
        0.9441287787096084,
        1.0475966430219024
    ],
    "10": [
        0.4666666666666667,
        0.8478260869565217,
        0.06818181818181818,
        1.2210085704396887,
        0.9135810102599939,
        1.1272836103363235
    ],
    "11": [
        0.6,
        0.9642857142857143,
        0.0,
        1.1704135081956752,
        0.8966930841710028,
        1.0761464979382598
    ]
}