{
    "0": [
        0.6111111111111112,
        0.9302325581395349,
        0.3191489361702128,
        1.788791288411652,
        0.8447552001712682,
        1.2316190464924501
    ],
    "1": [
        0.5333333333333333,
        0.5102040816326531,
        0.5609756097560976,
        0.9965053149521694,
        0.8993958574636876,
        1.0897668882566307
    ],
    "2": [
        0.4222222222222222,
        1.0,
        0.0,
        0.7636991557977252,
        0.8967653668208868,
        1.0921731396767407
    ],
    "3": [
        0.4888888888888889,
        1.0,
        0.0,
        0.9151202954533555,
        0.9261302404034122,
        1.0497484108008053
    ],
    "4": [
        0.34444444444444444,
        0.9375,
        0.017241379310344827,
        0.5349931247169633,
        0.8671511307639452,
        1.1172803093662986
    ],
    "5": [
        0.3888888888888889,
        0.29508196721311475,
        0.5862068965517241,
        1.0927699331479355,
        0.9510629311205345,
        1.0338337391099
    ],
    "6": [
        0.7,
        0.9661016949152542,
        0.1935483870967742,
        1.7685802514871345,
        0.8575783994845456,
        1.1305789178140042
    ],
    "7": [
        0.6,
        0.14705882352941177,
        0.875,
        0.922619713864308,
        0.9213085471592081,
        1.0551183010109986
    ],
    "8": [
        0.5666666666666667,
        0.07317073170731707,
        0.9795918367346939,
        1.0243860052399325,
        0.9903780108495673,
        1.0193894268140908
    ],
    "9": [
        0.5333333333333333,
        0.9056603773584906,
        0.0,
        0.8646230654331891,
        0.614238250602748,
        1.1823974075935249
    ],
    "10": [
        0.45555555555555555,
        0.8043478260869565,
        0.09090909090909091,
        1.2198285711878136,
        0.9135810102599939,
        1.1272836103363235
    ],
    "11": [
        0.5444444444444444,
        0.5892857142857143,
        0.47058823529411764,
        1.019871802595086,
        0.8966930841710028,
        1.0761464979382598
    ]
}