{
    "0": [
        0.4777777777777778,
        1.0,
        0.0,
        1.0811403744503039,
        0.8428994816087272,
        1.2316190464924501
    ],
    "1": [
        0.5444444444444444,
        1.0,
        0.0,
        1.2368427783198614,
        0.8976005373352774,
        1.1422964360284107
    ],
    "2": [
        0.4222222222222222,
        1.0,
        0.0,
        0.7636991557977252,
        0.8967653668208868,
        1.0921731396767407
    ],
    "3": [
        0.23333333333333334,
        0.4090909090909091,
        0.06521739130434782,
        0.8194406328266344,
        0.9261302404034122,
        1.0497484108008053
    ],
    "4": [
        0.3333333333333333,
        0.90625,
        0.017241379310344827,
        0.5402733476452687,
        0.8671511307639452,
        1.1172803093662986
    ],
    "5": [
        0.34444444444444444,
        0.3114754098360656,
        0.41379310344827586,
        1.05670653780738,
        0.9510629311205345,
        1.0338337391099
    ],
    "6": [
        0.7111111111111111,
        0.9322033898305084,
        0.2903225806451613,
        1.8261855638076283,
        0.8575783994845456,
        1.1305789178140042
    ],
    "7": [
        0.36666666666666664,
        0.9705882352941176,
        0.0,
        0.9048658939528799,
        0.8860396298987725,
        1.1545703884307477
    ],
    "8": [
        0.4666666666666667,
        0.2926829268292683,
        0.6122448979591837,
        1.045265968792446,
        0.9539722791134384,
        1.0996684803621701
    ],
    "9": [
        0.4888888888888889,
        0.5094339622641509,
        0.4594594594594595,
        1.0403655385555688,
        0.9441287787096084,
        1.0695539808017047
    ],
    "10": [
        0.5,
        0.9782608695652174,
        0.0,
        1.2394960378322142,
        0.9135810102599939,
        1.1272836103363235
    ],
    "11": [
        0.5111111111111111,
        0.8035714285714286,
        0.029411764705882353,
        1.1617011788079084,
        0.8966930841710028,
        1.0761464979382598
    ]
}