{
    "0": [
        0.4777777777777778,
        1.0,
        0.0,
        1.0811403744503039,
        0.8428994816087272,
        1.2316190464924501
    ],
    "1": [
        0.5444444444444444,
        1.0,
        0.0,
        1.2368427783198614,
        0.8976005373352774,
        1.1422964360284107
    ],
    "2": [
        0.4222222222222222,
        1.0,
        0.0,
        0.7636991557977252,
        0.8967653668208868,
        1.0921731396767407
    ],
    "3": [
        0.35555555555555557,
        0.3409090909090909,
        0.3695652173913043,
        0.8260932814000704,
        0.9261302404034122,
        1.0497484108008053
    ],
    "4": [
        0.3333333333333333,
        0.875,
        0.034482758620689655,
        0.5499681488540352,
        0.8671511307639452,
        1.1172803093662986
    ],
    "5": [
        0.6111111111111112,
        0.7868852459016393,
        0.2413793103448276,
        1.3260507417829017,
        0.9201515999964976,
        1.1754155175665129
    ],
    "6": [
        0.6888888888888889,
        0.9491525423728814,
        0.1935483870967742,
        1.7851922995194696,
        0.8575783994845456,
        1.1305789178140042
    ],
    "7": [
        0.5666666666666667,
        0.11764705882352941,
        0.8392857142857143,
        0.8643368527015318,
        0.9213085471592081,
        1.0551183010109986
    ],
    "8": [
        0.4444444444444444,
        0.4878048780487805,
        0.40816326530612246,
        1.0068725297731407,
        0.9517746306255636,
        1.0996684803621701
    ],
    "9": [
        0.4888888888888889,
        0.5283018867924528,
        0.43243243243243246,
        1.0357056911420213,
        0.9441287787096084,
        1.0695539808017047
    ],
    "10": [
        0.5111111111111111,
        1.0,
        0.0,
        1.2414969434854326,
        0.9135810102599939,
        1.1272836103363235
    ],
    "11": [
        0.6111111111111112,
        0.9821428571428571,
        0.0,
        1.1728125314903153,
        0.8966930841710028,
        1.0761464979382598
    ]
}