{
    "0": [
        0.5222222222222223,
        0.9791666666666666,
        0.0,
        1.0696805062909236,
        0.8428994816087272,
        1.2316190464924501
    ],
    "1": [
        0.4666666666666667,
        0.1875,
        0.7857142857142857,
        1.1233710304806028,
        0.8993958574636876,
        1.0854244543378067
    ],
    "2": [
        0.5333333333333333,
        0.9574468085106383,
        0.06976744186046512,
        0.8097567375934815,
        0.8967653668208868,
        1.0921731396767407
    ],
    "3": [
        0.5444444444444444,
        0.4222222222222222,
        0.6666666666666666,
        1.1564501288447635,
        0.9641825459408555,
        1.0404580926767923
    ],
    "4": [
        0.4666666666666667,
        0.5,
        0.4375,
        0.7971942541311585,
        0.9001306779661119,
        1.061218017325207
    ],
    "5": [
        0.4222222222222222,
        0.45614035087719296,
        0.36363636363636365,
        1.2724975917231234,
        0.9201515999964976,
        1.1754155175665129
    ],
    "6": [
        0.4222222222222222,
        0.4423076923076923,
        0.39473684210526316,
        0.8643128513087481,
        0.8707473242818813,
        1.0999418441903264
    ],
    "7": [
        0.4111111111111111,
        0.425,
        0.4,
        0.7882042002248401,
        0.8860396298987725,
        1.0445942805401474
    ],
    "8": [
        0.4777777777777778,
        0.36585365853658536,
        0.5714285714285714,
        0.7987071039556821,
        0.9517746306255636,
        1.0364075305018494
    ],
    "9": [
        0.43333333333333335,
        0.425,
        0.44,
        0.7763019838422298,
        0.614238250602748,
        1.1823974075935249
    ],
    "10": [
        0.4222222222222222,
        0.3404255319148936,
        0.5116279069767442,
        1.0431245433040166,
        0.9667946645033947,
        1.0374015309655582
    ],
    "11": [
        0.5888888888888889,
        0.9272727272727272,
        0.05714285714285714,
        1.1462212698725782,
        0.8966930841710028,
        1.0761464979382598
    ]
}