{
    "0": [
        0.5,
        0.7708333333333334,
        0.19047619047619047,
        0.7310852512513322,
        0.8428994816087272,
        1.2316190464924501
    ],
    "1": [
        0.5,
        0.2916666666666667,
        0.7380952380952381,
        0.9399598700112115,
        0.8993958574636876,
        1.0897668882566307
    ],
    "2": [
        0.45555555555555555,
        0.2765957446808511,
        0.6511627906976745,
        0.8833466113059838,
        0.9360634122815932,
        1.0921731396767407
    ],
    "3": [
        0.5222222222222223,
        0.37777777777777777,
        0.6666666666666666,
        1.1168152072542425,
        0.969124793782672,
        1.0324221310424897
    ],
    "4": [
        0.45555555555555555,
        0.9761904761904762,
        0.0,
        0.5427730956881756,
        0.8671511307639452,
        1.1172803093662986
    ],
    "5": [
        0.36666666666666664,
        0.0,
        1.0,
        1,
        1,
        1
    ],
    "6": [
        0.5888888888888889,
        0.9807692307692307,
        0.05263157894736842,
        1.8138661618497007,
        0.8575783994845456,
        1.1305789178140042
    ],
    "7": [
        0.43333333333333335,
        0.475,
        0.4,
        0.7354304460250664,
        0.8860396298987725,
        1.0761582023758802
    ],
    "8": [
        0.4444444444444444,
        0.8048780487804879,
        0.14285714285714285,
        0.9193254583845563,
        0.951386072544974,
        1.0996684803621701
    ],
    "9": [
        0.5,
        0.375,
        0.6,
        0.5886656808644017,
        0.614238250602748,
        1.0475966430219024
    ],
    "10": [
        0.43333333333333335,
        0.574468085106383,
        0.27906976744186046,
        1.0278290111805324,
        0.9372473116814342,
        1.0759544369374359
    ],
    "11": [
        0.45555555555555555,
        0.14545454545454545,
        0.9428571428571428,
        1.0322421533738475,
        0.9859320249417256,
        1.0164818665592832
    ]
}