{
    "0": [
        0.5444444444444444,
        1.0,
        0.023809523809523808,
        1.1704204905094622,
        0.8428994816087272,
        1.2316190464924501
    ],
    "1": [
        0.4666666666666667,
        0.7916666666666666,
        0.09523809523809523,
        0.9640788073059905,
        0.8976005373352774,
        1.1422964360284107
    ],
    "2": [
        0.5111111111111111,
        0.9574468085106383,
        0.023255813953488372,
        0.7478106392091252,
        0.8967653668208868,
        1.0921731396767407
    ],
    "3": [
        0.5333333333333333,
        0.7333333333333333,
        0.3333333333333333,
        1.077135921323803,
        0.9261302404034122,
        1.0497484108008053
    ],
    "4": [
        0.5111111111111111,
        0.35714285714285715,
        0.6458333333333334,
        0.9488519657547515,
        0.8935441597545427,
        1.1172803093662986
    ],
    "5": [
        0.6444444444444445,
        0.9824561403508771,
        0.06060606060606061,
        1.574692899024824,
        0.9201515999964976,
        1.1754155175665129
    ],
    "6": [
        0.45555555555555555,
        0.25,
        0.7368421052631579,
        1.1061632480425225,
        0.8707473242818813,
        1.0999418441903264
    ],
    "7": [
        0.4444444444444444,
        0.975,
        0.02,
        0.9035450837896568,
        0.8860396298987725,
        1.1545703884307477
    ],
    "8": [
        0.45555555555555555,
        0.8048780487804879,
        0.16326530612244897,
        0.9159036481480985,
        0.951386072544974,
        1.0996684803621701
    ],
    "9": [
        0.5555555555555556,
        0.45,
        0.64,
        0.9372991277450218,
        0.9441287787096084,
        1.0475966430219024
    ],
    "10": [
        0.4888888888888889,
        0.9148936170212766,
        0.023255813953488372,
        1.0770094075851528,
        0.9135810102599939,
        1.078811281340542
    ],
    "11": [
        0.5222222222222223,
        0.7090909090909091,
        0.22857142857142856,
        1.0699890773957361,
        0.8966930841710028,
        1.0761464979382598
    ]
}