{
    "0": [
        0.4666666666666667,
        0.3541666666666667,
        0.5952380952380952,
        0.5053414728341871,
        0.8428994816087272,
        1.1193362550136103
    ],
    "1": [
        0.4666666666666667,
        0.3541666666666667,
        0.5952380952380952,
        0.8208976158161333,
        0.8976005373352774,
        1.066876746895579
    ],
    "2": [
        0.5,
        0.19148936170212766,
        0.8372093023255814,
        1.1081102625967036,
        0.9380556815520376,
        1.085465458606541
    ],
    "3": [
        0.45555555555555555,
        0.06666666666666667,
        0.8444444444444444,
        1.0307540575595577,
        0.9908459736804256,
        1.0222632703027916
    ],
    "4": [
        0.4666666666666667,
        0.40476190476190477,
        0.5208333333333334,
        0.9151224905429804,
        0.9001306779661119,
        1.061218017325207
    ],
    "5": [
        0.6333333333333333,
        1.0,
        0.0,
        1.560999435928594,
        0.9201515999964976,
        1.1754155175665129
    ],
    "6": [
        0.5666666666666667,
        0.9807692307692307,
        0.0,
        1.7484607719202154,
        0.8575783994845456,
        1.1305789178140042
    ],
    "7": [
        0.45555555555555555,
        0.75,
        0.22,
        0.8859691433933962,
        0.8860396298987725,
        1.1545703884307477
    ],
    "8": [
        0.5333333333333333,
        0.14634146341463414,
        0.8571428571428571,
        0.9978321992135522,
        0.968394897809205,
        1.0364075305018494
    ],
    "9": [
        0.5111111111111111,
        0.525,
        0.5,
        1.054616601553256,
        0.9441287787096084,
        1.0695539808017047
    ],
    "10": [
        0.5,
        0.7021276595744681,
        0.27906976744186046,
        1.0294482420588924,
        0.9135810102599939,
        1.078811281340542
    ],
    "11": [
        0.5555555555555556,
        0.6909090909090909,
        0.34285714285714286,
        1.1120407302574704,
        0.8966930841710028,
        1.0761464979382598
    ]
}