{
    "0": [
        0.5666666666666667,
        0.8958333333333334,
        0.19047619047619047,
        1.5609279582252389,
        0.8447552001712682,
        1.2316190464924501
    ],
    "1": [
        0.4777777777777778,
        0.2708333333333333,
        0.7142857142857143,
        1.2971294128721507,
        0.9358864027538706,
        1.0854244543378067
    ],
    "2": [
        0.5777777777777777,
        0.851063829787234,
        0.27906976744186046,
        0.9340968435379943,
        0.8967653668208868,
        1.0921731396767407
    ],
    "3": [
        0.5333333333333333,
        0.9111111111111111,
        0.15555555555555556,
        1.0079223510305548,
        0.9261302404034122,
        1.0497484108008053
    ],
    "4": [
        0.4666666666666667,
        0.9523809523809523,
        0.041666666666666664,
        0.6630532084683424,
        0.8935441597545427,
        1.1172803093662986
    ],
    "5": [
        0.5444444444444444,
        0.6842105263157895,
        0.30303030303030304,
        1.3469076528359747,
        0.9201515999964976,
        1.1754155175665129
    ],
    "6": [
        0.5888888888888889,
        0.9230769230769231,
        0.13157894736842105,
        1.7998472088880397,
        0.8575783994845456,
        1.1305789178140042
    ],
    "7": [
        0.45555555555555555,
        0.3,
        0.58,
        0.9251078609171967,
        0.8860396298987725,
        1.0761582023758802
    ],
    "8": [
        0.4777777777777778,
        0.6585365853658537,
        0.32653061224489793,
        0.8737087397122922,
        0.951386072544974,
        1.0996684803621701
    ],
    "9": [
        0.5555555555555556,
        0.575,
        0.54,
        1.0465834754636314,
        0.9441287787096084,
        1.1025624992932657
    ],
    "10": [
        0.45555555555555555,
        0.23404255319148937,
        0.6976744186046512,
        1.0206547283965184,
        0.9874110250988307,
        1.0214558601298704
    ],
    "11": [
        0.5777777777777777,
        0.5636363636363636,
        0.6,
        1.121058557200548,
        0.8966930841710028,
        1.0761464979382598
    ]
}