{
    "0": [
        0.45555555555555555,
        0.08333333333333333,
        0.8809523809523809,
        0.7848825167150826,
        0.8913213771639188,
        1.0465203247215995
    ],
    "1": [
        0.5111111111111111,
        0.8541666666666666,
        0.11904761904761904,
        0.8082237359175108,
        0.8976005373352774,
        1.1422964360284107
    ],
    "2": [
        0.4444444444444444,
        0.40425531914893614,
        0.4883720930232558,
        0.817300849846893,
        0.9029473490481763,
        1.0921731396767407
    ],
    "3": [
        0.5111111111111111,
        0.3111111111111111,
        0.7111111111111111,
        1.060991856762905,
        0.9489630275408387,
        1.0324221310424897
    ],
    "4": [
        0.5111111111111111,
        0.23809523809523808,
        0.75,
        0.834226106380046,
        0.9001306779661119,
        1.061218017325207
    ],
    "5": [
        0.5222222222222223,
        0.631578947368421,
        0.3333333333333333,
        1.3075649859174407,
        0.9201515999964976,
        1.1754155175665129
    ],
    "6": [
        0.43333333333333335,
        0.07692307692307693,
        0.9210526315789473,
        0.9732217620799224,
        0.957973072857591,
        1.0106876786220071
    ],
    "7": [
        0.43333333333333335,
        0.55,
        0.34,
        0.9217560091225163,
        0.8860396298987725,
        1.1545703884307477
    ],
    "8": [
        0.5111111111111111,
        0.2926829268292683,
        0.6938775510204082,
        0.9167982973450421,
        0.9517746306255636,
        1.0518116263863733
    ],
    "9": [
        0.6,
        0.45,
        0.72,
        1.0667576359477915,
        0.949539875437737,
        1.0695539808017047
    ],
    "10": [
        0.5111111111111111,
        0.9787234042553191,
        0.0,
        1.2394960378322142,
        0.9135810102599939,
        1.1272836103363235
    ],
    "11": [
        0.5555555555555556,
        0.6545454545454545,
        0.4,
        1.0714970760584235,
        0.8966930841710028,
        1.0761464979382598
    ]
}