{
    "0": [
        0.5444444444444444,
        0.8333333333333334,
        0.21428571428571427,
        1.7920788011223123,
        0.8447552001712682,
        1.2316190464924501
    ],
    "1": [
        0.5333333333333333,
        0.5208333333333334,
        0.5476190476190477,
        1.4312040171107139,
        0.8993958574636876,
        1.1131882542126519
    ],
    "2": [
        0.5333333333333333,
        0.8085106382978723,
        0.23255813953488372,
        0.8916924538668477,
        0.8967653668208868,
        1.085465458606541
    ],
    "3": [
        0.5,
        0.4888888888888889,
        0.5111111111111111,
        1.1109703631777867,
        0.969124793782672,
        1.0324221310424897
    ],
    "4": [
        0.4888888888888889,
        0.21428571428571427,
        0.7291666666666666,
        1.0010866438893118,
        0.9661751620041374,
        1.0729698336752207
    ],
    "5": [
        0.6333333333333333,
        1.0,
        0.0,
        1.560999435928594,
        0.9201515999964976,
        1.1754155175665129
    ],
    "6": [
        0.5888888888888889,
        0.6538461538461539,
        0.5,
        2.1517822317190274,
        0.8575783994845456,
        1.1305789178140042
    ],
    "7": [
        0.5,
        0.425,
        0.56,
        0.8461446463903282,
        0.8860396298987725,
        1.0603394410351554
    ],
    "8": [
        0.4777777777777778,
        0.3170731707317073,
        0.6122448979591837,
        0.7935721886151951,
        0.951386072544974,
        1.0364075305018494
    ],
    "9": [
        0.45555555555555555,
        0.8,
        0.18,
        0.6884725198283931,
        0.614238250602748,
        1.1412883414010726
    ],
    "10": [
        0.5444444444444444,
        0.7446808510638298,
        0.32558139534883723,
        1.1704756422985825,
        0.9135810102599939,
        1.1272836103363235
    ],
    "11": [
        0.5111111111111111,
        0.5818181818181818,
        0.4,
        1.0449944713144725,
        0.8966930841710028,
        1.0761464979382598
    ]
}