{
    "0": [
        0.45555555555555555,
        0.4791666666666667,
        0.42857142857142855,
        0.5593812674863081,
        0.8428994816087272,
        1.1193362550136103
    ],
    "1": [
        0.5,
        0.6875,
        0.2857142857142857,
        1.3027115165125447,
        0.8976005373352774,
        1.1422964360284107
    ],
    "2": [
        0.6,
        0.7659574468085106,
        0.4186046511627907,
        0.9346694694693043,
        0.8967653668208868,
        1.085465458606541
    ],
    "3": [
        0.5222222222222223,
        0.8666666666666667,
        0.17777777777777778,
        1.1062770288469719,
        0.9416399759588683,
        1.0497484108008053
    ],
    "4": [
        0.4888888888888889,
        0.7142857142857143,
        0.2916666666666667,
        0.8068604428963085,
        0.9001306779661119,
        1.1026824909934292
    ],
    "5": [
        0.5666666666666667,
        0.8421052631578947,
        0.09090909090909091,
        1.4265956520581116,
        0.9201515999964976,
        1.1754155175665129
    ],
    "6": [
        0.5555555555555556,
        0.9423076923076923,
        0.02631578947368421,
        1.6565340103706,
        0.8575783994845456,
        1.1305789178140042
    ],
    "7": [
        0.3888888888888889,
        0.5,
        0.3,
        0.746509636622663,
        0.8860396298987725,
        1.0761582023758802
    ],
    "8": [
        0.5222222222222223,
        0.3170731707317073,
        0.6938775510204082,
        0.8556344679502074,
        0.951386072544974,
        1.0364075305018494
    ],
    "9": [
        0.4111111111111111,
        0.825,
        0.08,
        0.7619371653052623,
        0.614238250602748,
        1.1823974075935249
    ],
    "10": [
        0.4666666666666667,
        0.574468085106383,
        0.3488372093023256,
        1.0785207886986676,
        0.9135810102599939,
        1.078811281340542
    ],
    "11": [
        0.3888888888888889,
        0.01818181818181818,
        0.9714285714285714,
        1.0068014595457497,
        0.9897010365783592,
        1.0172783722916072
    ]
}