{
    "0": [
        0.5555555555555556,
        0.8958333333333334,
        0.16666666666666666,
        1.5543884576038292,
        0.8447552001712682,
        1.2316190464924501
    ],
    "1": [
        0.5777777777777777,
        0.8541666666666666,
        0.2619047619047619,
        1.2149604129814326,
        0.8976005373352774,
        1.1422964360284107
    ],
    "2": [
        0.4222222222222222,
        0.10638297872340426,
        0.7674418604651163,
        0.9159741447052236,
        0.9380556815520376,
        1.0332335154968404
    ],
    "3": [
        0.5666666666666667,
        1.0,
        0.13333333333333333,
        1.0611785795985553,
        0.9261302404034122,
        1.0497484108008053
    ],
    "4": [
        0.4444444444444444,
        0.6904761904761905,
        0.22916666666666666,
        0.7546884759439094,
        0.9001306779661119,
        1.1026824909934292
    ],
    "5": [
        0.5555555555555556,
        0.5789473684210527,
        0.5151515151515151,
        1.1106352334598193,
        0.9201515999964976,
        1.064734270853694
    ],
    "6": [
        0.5,
        0.3076923076923077,
        0.7631578947368421,
        1.4073113421439565,
        0.930098717169988,
        1.1305789178140042
    ],
    "7": [
        0.5777777777777777,
        0.3,
        0.8,
        0.9713622870134301,
        0.9213085471592081,
        1.0761582023758802
    ],
    "8": [
        0.4888888888888889,
        0.6829268292682927,
        0.32653061224489793,
        0.8959013766689761,
        0.951386072544974,
        1.0996684803621701
    ],
    "9": [
        0.5333333333333333,
        0.475,
        0.58,
        0.9498124501795012,
        0.9399775357549068,
        1.0695539808017047
    ],
    "10": [
        0.5,
        0.8723404255319149,
        0.09302325581395349,
        1.2499159935482884,
        0.9135810102599939,
        1.1272836103363235
    ],
    "11": [
        0.5333333333333333,
        0.509090909090909,
        0.5714285714285714,
        1.0174716766343337,
        0.9398616925512996,
        1.0383465311660456
    ]
}