{
    "0": [
        0.5444444444444444,
        0.8125,
        0.23809523809523808,
        1.6132331742075192,
        0.8447552001712682,
        1.2316190464924501
    ],
    "1": [
        0.5333333333333333,
        0.5208333333333334,
        0.5476190476190477,
        1.510620034058295,
        0.8976005373352774,
        1.1422964360284107
    ],
    "2": [
        0.43333333333333335,
        0.2978723404255319,
        0.5813953488372093,
        0.8660820135728425,
        0.9360634122815932,
        1.0921731396767407
    ],
    "3": [
        0.5333333333333333,
        0.6444444444444445,
        0.4222222222222222,
        1.0384929767949493,
        0.9261302404034122,
        1.0404580926767923
    ],
    "4": [
        0.4888888888888889,
        0.16666666666666666,
        0.7708333333333334,
        1.0238792933749492,
        0.9681175845455106,
        1.061218017325207
    ],
    "5": [
        0.4444444444444444,
        0.22807017543859648,
        0.8181818181818182,
        1.093492521762245,
        0.9861612369586473,
        1.0767682140985009
    ],
    "6": [
        0.5666666666666667,
        0.5384615384615384,
        0.6052631578947368,
        2.349321108244643,
        0.930098717169988,
        1.1305789178140042
    ],
    "7": [
        0.43333333333333335,
        0.95,
        0.02,
        0.8895858486075223,
        0.8860396298987725,
        1.1545703884307477
    ],
    "8": [
        0.5,
        0.6585365853658537,
        0.3673469387755102,
        0.956432995453421,
        0.951386072544974,
        1.0833847541861696
    ],
    "9": [
        0.4444444444444444,
        0.525,
        0.38,
        0.8298041833318502,
        0.614238250602748,
        1.1823974075935249
    ],
    "10": [
        0.5555555555555556,
        0.9148936170212766,
        0.16279069767441862,
        1.260873480720597,
        0.9135810102599939,
        1.1272836103363235
    ],
    "11": [
        0.4777777777777778,
        0.5454545454545454,
        0.37142857142857144,
        0.9700374860822533,
        0.8966930841710028,
        1.0761464979382598
    ]
}