{
    "0": [
        0.4666666666666667,
        0.023255813953488372,
        0.8723404255319149,
        0.7905385629354773,
        0.8428994816087272,
        1.1193362550136103
    ],
    "1": [
        0.5777777777777777,
        0.9795918367346939,
        0.0975609756097561,
        1.1537454312197166,
        0.8976005373352774,
        1.1422964360284107
    ],
    "2": [
        0.4777777777777778,
        0.05263157894736842,
        0.7884615384615384,
        0.9354561007748025,
        0.9360634122815932,
        1.0466594156990907
    ],
    "3": [
        0.43333333333333335,
        0.25,
        0.6086956521739131,
        1.019776059058462,
        0.9489630275408387,
        1.0497484108008053
    ],
    "4": [
        0.5222222222222223,
        0.0625,
        0.7758620689655172,
        0.6266064202858461,
        0.8671511307639452,
        1.0423761213303204
    ],
    "5": [
        0.3,
        0.0,
        0.9310344827586207,
        0.980156580462974,
        0.981492462634456,
        1
    ],
    "6": [
        0.6111111111111112,
        0.9322033898305084,
        0.0,
        1.6112039520338315,
        0.8575783994845456,
        1.1305789178140042
    ],
    "7": [
        0.4666666666666667,
        0.47058823529411764,
        0.4642857142857143,
        1.2249496822089192,
        0.9289094236928562,
        1.1545703884307477
    ],
    "8": [
        0.4444444444444444,
        0.14634146341463414,
        0.6938775510204082,
        0.8451204789613083,
        0.9517746306255636,
        1.0437919307734291
    ],
    "9": [
        0.25555555555555554,
        0.2830188679245283,
        0.21621621621621623,
        0.5679609876238133,
        0.614238250602748,
        1.1412883414010726
    ],
    "10": [
        0.5111111111111111,
        1.0,
        0.0,
        1.2414969434854326,
        0.9135810102599939,
        1.1272836103363235
    ],
    "11": [
        0.4666666666666667,
        0.7142857142857143,
        0.058823529411764705,
        1.0704626952700258,
        0.8966930841710028,
        1.112765044031118
    ]
}