{
    "0": [
        0.5111111111111111,
        0.023255813953488372,
        0.9574468085106383,
        1.0339528636878668,
        0.9237196231755173,
        1.1193362550136103
    ],
    "1": [
        0.5777777777777777,
        0.8775510204081632,
        0.21951219512195122,
        1.4365765053579125,
        0.8993958574636876,
        1.1422964360284107
    ],
    "2": [
        0.45555555555555555,
        0.23684210526315788,
        0.6153846153846154,
        0.8927629378715614,
        0.9029473490481763,
        1.0537517108668841
    ],
    "3": [
        0.4444444444444444,
        0.045454545454545456,
        0.8260869565217391,
        1.0089520470818683,
        0.9715789456023118,
        1.0497484108008053
    ],
    "4": [
        0.5444444444444444,
        0.0625,
        0.8103448275862069,
        0.687279001985242,
        0.8671511307639452,
        1.0423761213303204
    ],
    "5": [
        0.4222222222222222,
        0.3770491803278688,
        0.5172413793103449,
        1.0403394443258804,
        0.9510629311205345,
        1.0338337391099
    ],
    "6": [
        0.5777777777777777,
        0.8813559322033898,
        0.0,
        1.4267435989203612,
        0.8575783994845456,
        1.1270765377324055
    ],
    "7": [
        0.4444444444444444,
        0.29411764705882354,
        0.5357142857142857,
        0.9109551835115873,
        0.9213085471592081,
        1.0761582023758802
    ],
    "8": [
        0.4111111111111111,
        0.2682926829268293,
        0.5306122448979592,
        0.7899863050564193,
        0.951386072544974,
        1.0437919307734291
    ],
    "9": [
        0.28888888888888886,
        0.33962264150943394,
        0.21621621621621623,
        0.684600274317483,
        0.614238250602748,
        1.1823974075935249
    ],
    "10": [
        0.5,
        0.9782608695652174,
        0.0,
        1.2414969434854326,
        0.9135810102599939,
        1.1272836103363235
    ],
    "11": [
        0.6111111111111112,
        0.9107142857142857,
        0.11764705882352941,
        1.1914442096284925,
        0.8966930841710028,
        1.112765044031118
    ]
}