{
    "0": [
        0.4666666666666667,
        0.023255813953488372,
        0.8723404255319149,
        0.7905385629354773,
        0.8428994816087272,
        1.1193362550136103
    ],
    "1": [
        0.5444444444444444,
        0.8775510204081632,
        0.14634146341463414,
        1.253863343263044,
        0.8976005373352774,
        1.1422964360284107
    ],
    "2": [
        0.3,
        0.21052631578947367,
        0.36538461538461536,
        0.8501076688062428,
        0.9029473490481763,
        1.0537517108668841
    ],
    "3": [
        0.4777777777777778,
        0.22727272727272727,
        0.717391304347826,
        0.9565191045236274,
        0.9489630275408387,
        1.0497484108008053
    ],
    "4": [
        0.5333333333333333,
        0.0625,
        0.7931034482758621,
        0.6060419301492289,
        0.8671511307639452,
        1.0423761213303204
    ],
    "5": [
        0.4444444444444444,
        0.18032786885245902,
        1.0,
        1.0287920482980923,
        0.9865678619794636,
        1.0227954182087269
    ],
    "6": [
        0.5666666666666667,
        0.864406779661017,
        0.0,
        1.4368514586530021,
        0.8575783994845456,
        1.1270765377324055
    ],
    "7": [
        0.35555555555555557,
        0.20588235294117646,
        0.44642857142857145,
        0.7553920960617986,
        0.8860396298987725,
        1.0551183010109986
    ],
    "8": [
        0.4,
        0.4878048780487805,
        0.32653061224489793,
        0.8274521825870633,
        0.951386072544974,
        1.0996684803621701
    ],
    "9": [
        0.4,
        0.5283018867924528,
        0.21621621621621623,
        0.6530218846923339,
        0.614238250602748,
        1.1823974075935249
    ],
    "10": [
        0.4666666666666667,
        0.9130434782608695,
        0.0,
        1.1034977213121264,
        0.9135810102599939,
        1.078811281340542
    ],
    "11": [
        0.5444444444444444,
        0.7678571428571429,
        0.17647058823529413,
        1.209074550311955,
        0.8966930841710028,
        1.112765044031118
    ]
}