{
    "0": [
        0.4666666666666667,
        0.023255813953488372,
        0.8723404255319149,
        0.7905385629354773,
        0.8428994816087272,
        1.1193362550136103
    ],
    "1": [
        0.5888888888888889,
        0.9591836734693877,
        0.14634146341463414,
        1.2074097376815474,
        0.8976005373352774,
        1.1422964360284107
    ],
    "2": [
        0.5222222222222223,
        0.13157894736842105,
        0.8076923076923077,
        0.9862163845349645,
        0.9029473490481763,
        1.0537517108668841
    ],
    "3": [
        0.4888888888888889,
        0.29545454545454547,
        0.6739130434782609,
        1.016940443927204,
        0.9489630275408387,
        1.0497484108008053
    ],
    "4": [
        0.5,
        0.0625,
        0.7413793103448276,
        0.5938880124383391,
        0.8671511307639452,
        1.0423761213303204
    ],
    "5": [
        0.4444444444444444,
        0.32786885245901637,
        0.6896551724137931,
        1.049291508159952,
        0.9510629311205345,
        1.0353789874767925
    ],
    "6": [
        0.6111111111111112,
        0.9322033898305084,
        0.0,
        1.572662347825962,
        0.8575783994845456,
        1.1305789178140042
    ],
    "7": [
        0.4,
        0.2647058823529412,
        0.48214285714285715,
        0.7081386300599944,
        0.8860396298987725,
        1.0551183010109986
    ],
    "8": [
        0.43333333333333335,
        0.04878048780487805,
        0.7551020408163265,
        0.8654886426703955,
        0.9517746306255636,
        1.0437919307734291
    ],
    "9": [
        0.4111111111111111,
        0.37735849056603776,
        0.4594594594594595,
        1.1962649097414837,
        0.9102666786883837,
        1.1823974075935249
    ],
    "10": [
        0.45555555555555555,
        0.8913043478260869,
        0.0,
        1.202710396416865,
        0.9135810102599939,
        1.1272836103363235
    ],
    "11": [
        0.5666666666666667,
        0.8035714285714286,
        0.17647058823529413,
        1.23038992779137,
        0.8966930841710028,
        1.112765044031118
    ]
}