{
    "0": [
        0.4666666666666667,
        0.06976744186046512,
        0.8297872340425532,
        0.6144594348607433,
        0.8428994816087272,
        1.1193362550136103
    ],
    "1": [
        0.5666666666666667,
        0.9591836734693877,
        0.0975609756097561,
        1.010920082023315,
        0.8976005373352774,
        1.1422964360284107
    ],
    "2": [
        0.5222222222222223,
        0.9473684210526315,
        0.21153846153846154,
        1.0272389976158445,
        0.8967653668208868,
        1.0921731396767407
    ],
    "3": [
        0.4888888888888889,
        0.13636363636363635,
        0.8260869565217391,
        0.9498280378619022,
        0.9489630275408387,
        1.0497484108008053
    ],
    "4": [
        0.5666666666666667,
        0.0625,
        0.8448275862068966,
        0.6910581411833304,
        0.8671511307639452,
        1.0423761213303204
    ],
    "5": [
        0.32222222222222224,
        0.0,
        1.0,
        1,
        1,
        1
    ],
    "6": [
        0.6555555555555556,
        1.0,
        0.0,
        1.7484607719202154,
        0.8575783994845456,
        1.1305789178140042
    ],
    "7": [
        0.4111111111111111,
        0.8235294117647058,
        0.16071428571428573,
        0.8501850533400196,
        0.8860396298987725,
        1.1545703884307477
    ],
    "8": [
        0.36666666666666664,
        0.14634146341463414,
        0.5510204081632653,
        0.798791412398888,
        0.951386072544974,
        1.0437919307734291
    ],
    "9": [
        0.4,
        0.5283018867924528,
        0.21621621621621623,
        0.5492881074305405,
        0.614238250602748,
        1.1412883414010726
    ],
    "10": [
        0.5111111111111111,
        1.0,
        0.0,
        1.2414969434854326,
        0.9135810102599939,
        1.1272836103363235
    ],
    "11": [
        0.6,
        0.8928571428571429,
        0.11764705882352941,
        1.1863830090847731,
        0.8966930841710028,
        1.112765044031118
    ]
}