{
    "0": [
        0.4444444444444444,
        0.06976744186046512,
        0.7872340425531915,
        0.6424845568054304,
        0.8428994816087272,
        1.1193362550136103
    ],
    "1": [
        0.5444444444444444,
        1.0,
        0.0,
        1.2368427783198614,
        0.8976005373352774,
        1.1422964360284107
    ],
    "2": [
        0.45555555555555555,
        0.23684210526315788,
        0.6153846153846154,
        1.0417774461308527,
        0.9029473490481763,
        1.0537517108668841
    ],
    "3": [
        0.4777777777777778,
        0.25,
        0.6956521739130435,
        1.0214397331012228,
        0.9489630275408387,
        1.0497484108008053
    ],
    "4": [
        0.5111111111111111,
        0.0625,
        0.7586206896551724,
        0.6316512929300367,
        0.8671511307639452,
        1.0423761213303204
    ],
    "5": [
        0.45555555555555555,
        0.4262295081967213,
        0.5172413793103449,
        1.0689811278048582,
        0.9510629311205345,
        1.0338337391099
    ],
    "6": [
        0.6444444444444445,
        0.9830508474576272,
        0.0,
        1.729971393639728,
        0.8575783994845456,
        1.1305789178140042
    ],
    "7": [
        0.4666666666666667,
        0.17647058823529413,
        0.6428571428571429,
        0.9468915954863424,
        0.9213085471592081,
        1.0551183010109986
    ],
    "8": [
        0.43333333333333335,
        0.14634146341463414,
        0.673469387755102,
        0.8918242164048762,
        0.954154372267397,
        1.0437919307734291
    ],
    "9": [
        0.5888888888888889,
        1.0,
        0.0,
        0.8206880106893513,
        0.614238250602748,
        1.1823974075935249
    ],
    "10": [
        0.5111111111111111,
        1.0,
        0.0,
        1.2414969434854326,
        0.9135810102599939,
        1.1272836103363235
    ],
    "11": [
        0.4111111111111111,
        0.6071428571428571,
        0.08823529411764706,
        1.140617203656595,
        0.8966930841710028,
        1.112765044031118
    ]
}