{
    "0": [
        0.45555555555555555,
        0.046511627906976744,
        0.8297872340425532,
        0.6391299421093047,
        0.8428994816087272,
        1.1193362550136103
    ],
    "1": [
        0.5444444444444444,
        1.0,
        0.0,
        1.2368427783198614,
        0.8976005373352774,
        1.1422964360284107
    ],
    "2": [
        0.4444444444444444,
        0.2631578947368421,
        0.5769230769230769,
        1.0157269502165545,
        0.9029473490481763,
        1.0537517108668841
    ],
    "3": [
        0.5,
        0.0,
        0.9782608695652174,
        0.9715789456023118,
        0.9715789456023118,
        1
    ],
    "4": [
        0.45555555555555555,
        0.09375,
        0.6551724137931034,
        0.6528654564169412,
        0.8671511307639452,
        1.1172803093662986
    ],
    "5": [
        0.28888888888888886,
        0.0,
        0.896551724137931,
        0.9812735866477197,
        0.981492462634456,
        1.0011396201454037
    ],
    "6": [
        0.5666666666666667,
        0.864406779661017,
        0.0,
        1.4368514586530021,
        0.8575783994845456,
        1.1270765377324055
    ],
    "7": [
        0.4,
        0.29411764705882354,
        0.4642857142857143,
        0.7403206194734703,
        0.8860396298987725,
        1.0761582023758802
    ],
    "8": [
        0.4111111111111111,
        0.5853658536585366,
        0.2653061224489796,
        0.9360252638157869,
        0.951386072544974,
        1.0996684803621701
    ],
    "9": [
        0.3888888888888889,
        0.5471698113207547,
        0.16216216216216217,
        0.7016363023783865,
        0.614238250602748,
        1.1823974075935249
    ],
    "10": [
        0.5,
        0.9782608695652174,
        0.0,
        1.262125059999063,
        0.9135810102599939,
        1.1272836103363235
    ],
    "11": [
        0.5777777777777777,
        0.8392857142857143,
        0.14705882352941177,
        1.109184741217567,
        0.8966930841710028,
        1.112765044031118
    ]
}