{
    "0": [
        0.4444444444444444,
        0.0,
        0.851063829787234,
        0.7647306672252568,
        0.8428994816087272,
        1.1193362550136103
    ],
    "1": [
        0.45555555555555555,
        0.40816326530612246,
        0.5121951219512195,
        0.9952047477480062,
        0.8993958574636876,
        1.1131882542126519
    ],
    "2": [
        0.4,
        0.15789473684210525,
        0.5769230769230769,
        0.9006822354135098,
        0.9029473490481763,
        1.0537517108668841
    ],
    "3": [
        0.4444444444444444,
        0.2727272727272727,
        0.6086956521739131,
        1.0178276397410793,
        0.9489630275408387,
        1.0497484108008053
    ],
    "4": [
        0.5,
        0.0625,
        0.7413793103448276,
        0.5938880124383391,
        0.8671511307639452,
        1.0423761213303204
    ],
    "5": [
        0.3111111111111111,
        0.0,
        0.9655172413793104,
        0.9986389277326733,
        0.9986389277326733,
        1
    ],
    "6": [
        0.6444444444444445,
        0.9830508474576272,
        0.0,
        1.729971393639728,
        0.8575783994845456,
        1.1305789178140042
    ],
    "7": [
        0.4111111111111111,
        0.29411764705882354,
        0.48214285714285715,
        0.7890911917123363,
        0.8860396298987725,
        1.0551183010109986
    ],
    "8": [
        0.6666666666666666,
        0.6829268292682927,
        0.6530612244897959,
        1.2694032906796513,
        0.9539722791134384,
        1.0996684803621701
    ],
    "9": [
        0.43333333333333335,
        0.6037735849056604,
        0.1891891891891892,
        0.7698169215543063,
        0.614238250602748,
        1.1823974075935249
    ],
    "10": [
        0.4777777777777778,
        0.9347826086956522,
        0.0,
        1.2290354563398338,
        0.9135810102599939,
        1.1272836103363235
    ],
    "11": [
        0.5,
        0.5714285714285714,
        0.38235294117647056,
        1.0662355125462424,
        0.8966930841710028,
        1.0761464979382598
    ]
}