{
    "0": [
        0.4444444444444444,
        0.06976744186046512,
        0.7872340425531915,
        0.6424845568054304,
        0.8428994816087272,
        1.1193362550136103
    ],
    "1": [
        0.5333333333333333,
        0.4897959183673469,
        0.5853658536585366,
        0.9162592233763924,
        0.8993958574636876,
        1.1131882542126519
    ],
    "2": [
        0.4666666666666667,
        0.39473684210526316,
        0.5192307692307693,
        0.9811363553763408,
        0.9029473490481763,
        1.0537517108668841
    ],
    "3": [
        0.4444444444444444,
        0.022727272727272728,
        0.8478260869565217,
        1.0014415300933341,
        0.9715789456023118,
        1.0497484108008053
    ],
    "4": [
        0.5222222222222223,
        0.1875,
        0.7068965517241379,
        0.5981013220823748,
        0.8671511307639452,
        1.0423761213303204
    ],
    "5": [
        0.3,
        0.0,
        0.9310344827586207,
        0.9997769967727018,
        0.9986389277326733,
        1.0011396201454037
    ],
    "6": [
        0.6444444444444445,
        0.9830508474576272,
        0.0,
        1.729971393639728,
        0.8575783994845456,
        1.1305789178140042
    ],
    "7": [
        0.45555555555555555,
        0.14705882352941177,
        0.6428571428571429,
        0.8543465011555466,
        0.9213085471592081,
        1.0551183010109986
    ],
    "8": [
        0.5555555555555556,
        0.17073170731707318,
        0.8775510204081632,
        0.9947689632706587,
        0.954154372267397,
        1.0437919307734291
    ],
    "9": [
        0.4666666666666667,
        0.7547169811320755,
        0.05405405405405406,
        0.7456176657905017,
        0.614238250602748,
        1.1823974075935249
    ],
    "10": [
        0.45555555555555555,
        0.8913043478260869,
        0.0,
        1.202710396416865,
        0.9135810102599939,
        1.1272836103363235
    ],
    "11": [
        0.5111111111111111,
        0.8035714285714286,
        0.029411764705882353,
        1.2189754588919475,
        0.8966930841710028,
        1.112765044031118
    ]
}