{
    "0": [
        0.4444444444444444,
        0.023255813953488372,
        0.8297872340425532,
        0.7170589177866932,
        0.8428994816087272,
        1.1193362550136103
    ],
    "1": [
        0.4444444444444444,
        0.673469387755102,
        0.17073170731707318,
        0.9983517268076216,
        0.8976005373352774,
        1.1422964360284107
    ],
    "2": [
        0.5222222222222223,
        0.13157894736842105,
        0.8076923076923077,
        0.8755091991585832,
        0.9029473490481763,
        1.0537517108668841
    ],
    "3": [
        0.4111111111111111,
        0.25,
        0.5652173913043478,
        0.9979311244871869,
        0.9489630275408387,
        1.0497484108008053
    ],
    "4": [
        0.4777777777777778,
        0.03125,
        0.7241379310344828,
        0.5998400751367285,
        0.8671511307639452,
        1.0423761213303204
    ],
    "5": [
        0.35555555555555557,
        0.09836065573770492,
        0.896551724137931,
        1.0467601763096661,
        0.9780040625231602,
        1.0353789874767925
    ],
    "6": [
        0.6444444444444445,
        0.9830508474576272,
        0.0,
        1.729971393639728,
        0.8575783994845456,
        1.1305789178140042
    ],
    "7": [
        0.5111111111111111,
        0.2647058823529412,
        0.6607142857142857,
        0.8590477353395443,
        0.8860396298987725,
        1.0761582023758802
    ],
    "8": [
        0.3888888888888889,
        0.4634146341463415,
        0.32653061224489793,
        0.9024457037700938,
        0.9517746306255636,
        1.0996684803621701
    ],
    "9": [
        0.37777777777777777,
        0.39622641509433965,
        0.35135135135135137,
        0.592724435357096,
        0.614238250602748,
        1.1412883414010726
    ],
    "10": [
        0.5222222222222223,
        0.8913043478260869,
        0.13636363636363635,
        1.1793681553211213,
        0.9135810102599939,
        1.1272836103363235
    ],
    "11": [
        0.5111111111111111,
        0.7857142857142857,
        0.058823529411764705,
        1.1988214425248787,
        0.8966930841710028,
        1.112765044031118
    ]
}