{
    "0": [
        0.3111111111111111,
        0.20930232558139536,
        0.40425531914893614,
        0.8196220444118458,
        0.8428994816087272,
        1.1199363948156908
    ],
    "1": [
        0.5,
        0.40816326530612246,
        0.6097560975609756,
        1.0853114721406303,
        0.8976005373352774,
        1.1422964360284107
    ],
    "2": [
        0.4222222222222222,
        1.0,
        0.0,
        0.7636991557977252,
        0.8967653668208868,
        1.0921731396767407
    ],
    "3": [
        0.5555555555555556,
        0.9318181818181818,
        0.1956521739130435,
        1.0342675842959028,
        0.9336788081825143,
        1.0497484108008053
    ],
    "4": [
        0.3333333333333333,
        0.1875,
        0.41379310344827586,
        0.601859199100158,
        0.8671511307639452,
        1.1172803093662986
    ],
    "5": [
        0.32222222222222224,
        0.01639344262295082,
        0.9655172413793104,
        0.9662843013953875,
        0.9534713219780738,
        1.0134382431038742
    ],
    "6": [
        0.5888888888888889,
        0.7966101694915254,
        0.1935483870967742,
        1.3124570875568502,
        0.8575783994845456,
        1.1270765377324055
    ],
    "7": [
        0.5666666666666667,
        0.7647058823529411,
        0.44642857142857145,
        1.3006083312790067,
        0.9289094236928562,
        1.1545703884307477
    ],
    "8": [
        0.5333333333333333,
        0.9024390243902439,
        0.22448979591836735,
        1.0875909692009735,
        0.9517746306255636,
        1.0996684803621701
    ],
    "9": [
        0.43333333333333335,
        0.6981132075471698,
        0.05405405405405406,
        0.7996824089163218,
        0.614238250602748,
        1.1823974075935249
    ],
    "10": [
        0.4777777777777778,
        0.782608695652174,
        0.1590909090909091,
        1.1579984107331875,
        0.9135810102599939,
        1.1272836103363235
    ],
    "11": [
        0.32222222222222224,
        0.42857142857142855,
        0.14705882352941177,
        1.0666381193355043,
        0.9564820017436121,
        1.050820615089816
    ]
}