{
    "0": [
        0.4777777777777778,
        0.20930232558139536,
        0.723404255319149,
        0.9970332955314823,
        0.8428994816087272,
        1.1193362550136103
    ],
    "1": [
        0.5666666666666667,
        0.2857142857142857,
        0.9024390243902439,
        1.2192237137866688,
        0.9068769836662509,
        1.0897668882566307
    ],
    "2": [
        0.43333333333333335,
        0.9473684210526315,
        0.057692307692307696,
        0.8591798054030851,
        0.8967653668208868,
        1.0921731396767407
    ],
    "3": [
        0.4888888888888889,
        0.5681818181818182,
        0.41304347826086957,
        1.0452694540646794,
        0.9336788081825143,
        1.0497484108008053
    ],
    "4": [
        0.5333333333333333,
        0.96875,
        0.29310344827586204,
        0.6317893221863631,
        0.8671511307639452,
        1.1026824909934292
    ],
    "5": [
        0.36666666666666664,
        0.21311475409836064,
        0.6896551724137931,
        1.0862030953679522,
        0.9201515999964976,
        1.064734270853694
    ],
    "6": [
        0.5,
        0.7627118644067796,
        0.0,
        1.3755003878193606,
        0.8575783994845456,
        1.1270765377324055
    ],
    "7": [
        0.5222222222222223,
        0.7647058823529411,
        0.375,
        1.2488823385254608,
        0.9289094236928562,
        1.1545703884307477
    ],
    "8": [
        0.4888888888888889,
        0.5853658536585366,
        0.40816326530612246,
        0.9219092452849345,
        0.951386072544974,
        1.0996684803621701
    ],
    "9": [
        0.4888888888888889,
        0.8113207547169812,
        0.02702702702702703,
        0.7784398957413036,
        0.614238250602748,
        1.1823974075935249
    ],
    "10": [
        0.4888888888888889,
        0.7608695652173914,
        0.20454545454545456,
        1.1866055182769504,
        0.9135810102599939,
        1.1272836103363235
    ],
    "11": [
        0.36666666666666664,
        0.44642857142857145,
        0.23529411764705882,
        1.022096994974079,
        0.8966930841710028,
        1.050820615089816
    ]
}