{
    "0": [
        0.37777777777777777,
        0.27906976744186046,
        0.46808510638297873,
        0.6044141310114238,
        0.8428994816087272,
        1.1193362550136103
    ],
    "1": [
        0.45555555555555555,
        0.10204081632653061,
        0.8780487804878049,
        1.1106857400239927,
        0.9068769836662509,
        1.0897668882566307
    ],
    "2": [
        0.4444444444444444,
        0.9736842105263158,
        0.057692307692307696,
        0.8261189417165303,
        0.8967653668208868,
        1.0921731396767407
    ],
    "3": [
        0.6222222222222222,
        0.5,
        0.7391304347826086,
        1.0202282200046182,
        0.9336788081825143,
        1.0415837032379744
    ],
    "4": [
        0.4444444444444444,
        0.28125,
        0.5344827586206896,
        0.8535621062535018,
        0.911807536373567,
        1.1172803093662986
    ],
    "5": [
        0.2777777777777778,
        0.09836065573770492,
        0.6551724137931034,
        1.1475497426634107,
        0.9780040625231602,
        1.064734270853694
    ],
    "6": [
        0.4666666666666667,
        0.6779661016949152,
        0.06451612903225806,
        1.4704774612654234,
        0.8575783994845456,
        1.111283046194372
    ],
    "7": [
        0.4,
        0.7352941176470589,
        0.19642857142857142,
        0.7952279776752702,
        0.8860396298987725,
        1.0761582023758802
    ],
    "8": [
        0.32222222222222224,
        0.12195121951219512,
        0.4897959183673469,
        0.7907388172535885,
        0.951386072544974,
        1.0364075305018494
    ],
    "9": [
        0.3111111111111111,
        0.2641509433962264,
        0.3783783783783784,
        0.6354419345489655,
        0.614238250602748,
        1.1412883414010726
    ],
    "10": [
        0.5333333333333333,
        0.6956521739130435,
        0.36363636363636365,
        1.1802211960613904,
        0.9372473116814342,
        1.1272836103363235
    ],
    "11": [
        0.3888888888888889,
        0.3392857142857143,
        0.47058823529411764,
        1.112085598221095,
        0.9564820017436121,
        1.050820615089816
    ]
}