{
    "0": [
        0.5222222222222223,
        0.9534883720930233,
        0.1276595744680851,
        1.8192383789579307,
        0.8447552001712682,
        1.2316190464924501
    ],
    "1": [
        0.4666666666666667,
        0.6938775510204082,
        0.1951219512195122,
        0.8660266105314686,
        0.8976005373352774,
        1.1422964360284107
    ],
    "2": [
        0.43333333333333335,
        0.8947368421052632,
        0.09615384615384616,
        0.7747454187734047,
        0.8967653668208868,
        1.0921731396767407
    ],
    "3": [
        0.4777777777777778,
        0.7045454545454546,
        0.2608695652173913,
        1.0450938309015803,
        0.9336788081825143,
        1.0497484108008053
    ],
    "4": [
        0.3888888888888889,
        0.71875,
        0.20689655172413793,
        0.6887770085524783,
        0.8671511307639452,
        1.1172803093662986
    ],
    "5": [
        0.32222222222222224,
        0.0,
        1.0,
        1,
        1,
        1
    ],
    "6": [
        0.37777777777777777,
        0.06779661016949153,
        0.967741935483871,
        1.0029513924019198,
        0.9575004920265803,
        1.0318147311903811
    ],
    "7": [
        0.4111111111111111,
        0.6470588235294118,
        0.26785714285714285,
        0.6616301089036055,
        0.8860396298987725,
        1.0603394410351554
    ],
    "8": [
        0.4777777777777778,
        0.12195121951219512,
        0.7755102040816326,
        0.9342616576138957,
        0.9517746306255636,
        1.0364075305018494
    ],
    "9": [
        0.4222222222222222,
        0.4528301886792453,
        0.3783783783783784,
        1.0732123334078183,
        0.9102666786883837,
        1.1823974075935249
    ],
    "10": [
        0.6222222222222222,
        0.8478260869565217,
        0.38636363636363635,
        1.255185230986706,
        0.9135810102599939,
        1.1272836103363235
    ],
    "11": [
        0.4111111111111111,
        0.6607142857142857,
        0.0,
        1.0194734001929209,
        0.8966930841710028,
        1.050820615089816
    ]
}