{
    "0": [
        0.5777777777777777,
        0.9534883720930233,
        0.23404255319148937,
        1.1586662106054668,
        0.8428994816087272,
        1.2316190464924501
    ],
    "1": [
        0.6222222222222222,
        0.5102040816326531,
        0.7560975609756098,
        1.1323884369688442,
        0.8993958574636876,
        1.0897668882566307
    ],
    "2": [
        0.34444444444444444,
        0.7368421052631579,
        0.057692307692307696,
        0.7939254823987982,
        0.8967653668208868,
        1.0921731396767407
    ],
    "3": [
        0.5,
        0.13636363636363635,
        0.8478260869565217,
        1.0566178106673565,
        0.969124793782672,
        1.0404580926767923
    ],
    "4": [
        0.34444444444444444,
        0.46875,
        0.27586206896551724,
        0.4606550948666455,
        0.8671511307639452,
        1.1172803093662986
    ],
    "5": [
        0.6777777777777778,
        0.8688524590163934,
        0.27586206896551724,
        1.406147438948844,
        0.9201515999964976,
        1.1754155175665129
    ],
    "6": [
        0.5444444444444444,
        0.8305084745762712,
        0.0,
        1.2918475917641195,
        0.8575783994845456,
        1.1270765377324055
    ],
    "7": [
        0.4777777777777778,
        0.7647058823529411,
        0.30357142857142855,
        1.0133037460262642,
        0.8860396298987725,
        1.1545703884307477
    ],
    "8": [
        0.4222222222222222,
        0.43902439024390244,
        0.40816326530612246,
        0.9033238774437401,
        0.9517746306255636,
        1.0996684803621701
    ],
    "9": [
        0.5333333333333333,
        0.7169811320754716,
        0.2702702702702703,
        1.0878170258140358,
        0.9102666786883837,
        1.1823974075935249
    ],
    "10": [
        0.6111111111111112,
        0.9130434782608695,
        0.29545454545454547,
        1.2656115536075,
        0.9135810102599939,
        1.1272836103363235
    ],
    "11": [
        0.43333333333333335,
        0.4642857142857143,
        0.38235294117647056,
        0.9889756902596091,
        0.8966930841710028,
        1.0761464979382598
    ]
}