{
    "0": [
        0.43333333333333335,
        0.13953488372093023,
        0.7021276595744681,
        0.7489297960827976,
        0.8428994816087272,
        1.1193362550136103
    ],
    "1": [
        0.5555555555555556,
        0.6938775510204082,
        0.3902439024390244,
        1.0579674856327164,
        0.8976005373352774,
        1.1422964360284107
    ],
    "2": [
        0.5555555555555556,
        0.4473684210526316,
        0.6346153846153846,
        1.056270104353637,
        0.9360634122815932,
        1.0921731396767407
    ],
    "3": [
        0.6555555555555556,
        0.4090909090909091,
        0.8913043478260869,
        1.096160933088426,
        0.9641825459408555,
        1.0312008864121507
    ],
    "4": [
        0.6222222222222222,
        0.0,
        0.9655172413793104,
        0.9957313909029369,
        0.9958187185352873,
        1
    ],
    "5": [
        0.32222222222222224,
        0.0,
        1.0,
        1,
        1,
        1
    ],
    "6": [
        0.6,
        0.9152542372881356,
        0.0,
        1.6854998723926007,
        0.8575783994845456,
        1.1305789178140042
    ],
    "7": [
        0.4111111111111111,
        0.5588235294117647,
        0.32142857142857145,
        1.0921942407121288,
        0.8860396298987725,
        1.1545703884307477
    ],
    "8": [
        0.45555555555555555,
        0.4634146341463415,
        0.4489795918367347,
        0.9494117701215617,
        0.9539722791134384,
        1.0996684803621701
    ],
    "9": [
        0.37777777777777777,
        0.16981132075471697,
        0.6756756756756757,
        1.1262270002173123,
        0.9302193023206287,
        1.0475966430219024
    ],
    "10": [
        0.6,
        0.5,
        0.7045454545454546,
        1.1402854145479524,
        0.9135810102599939,
        1.1272836103363235
    ],
    "11": [
        0.4111111111111111,
        0.625,
        0.058823529411764705,
        0.9705229162625583,
        0.8966930841710028,
        1.050820615089816
    ]
}