{
    "0": [
        0.6111111111111112,
        0.9302325581395349,
        0.3191489361702128,
        1.788791288411652,
        0.8447552001712682,
        1.2316190464924501
    ],
    "1": [
        0.5888888888888889,
        0.4489795918367347,
        0.7560975609756098,
        1.1050678632177078,
        0.9068769836662509,
        1.0897668882566307
    ],
    "2": [
        0.4222222222222222,
        1.0,
        0.0,
        0.7636991557977252,
        0.8967653668208868,
        1.0921731396767407
    ],
    "3": [
        0.4111111111111111,
        0.045454545454545456,
        0.7608695652173914,
        0.9359525827586493,
        0.9336788081825143,
        1.0415837032379744
    ],
    "4": [
        0.43333333333333335,
        0.78125,
        0.2413793103448276,
        0.46461855504408067,
        0.8671511307639452,
        1.1172803093662986
    ],
    "5": [
        0.32222222222222224,
        0.0,
        1.0,
        1,
        1,
        1
    ],
    "6": [
        0.4777777777777778,
        0.3220338983050847,
        0.7741935483870968,
        1.3959057233367032,
        0.930098717169988,
        1.1305789178140042
    ],
    "7": [
        0.4222222222222222,
        0.7058823529411765,
        0.25,
        0.8234433174701311,
        0.8860396298987725,
        1.0761582023758802
    ],
    "8": [
        0.6444444444444445,
        0.43902439024390244,
        0.8163265306122449,
        1.2537949394821664,
        0.9749271881654102,
        1.0833847541861696
    ],
    "9": [
        0.5222222222222223,
        0.8867924528301887,
        0.0,
        0.8073482358925985,
        0.614238250602748,
        1.1823974075935249
    ],
    "10": [
        0.5111111111111111,
        1.0,
        0.0,
        1.2414969434854326,
        0.9135810102599939,
        1.1272836103363235
    ],
    "11": [
        0.5333333333333333,
        0.8571428571428571,
        0.0,
        1.0558303071041863,
        0.8966930841710028,
        1.050820615089816
    ]
}