{
    "0": [
        0.3,
        0.09302325581395349,
        0.48936170212765956,
        0.5166608910830562,
        0.8428994816087272,
        1.1193362550136103
    ],
    "1": [
        0.6333333333333333,
        0.6530612244897959,
        0.6097560975609756,
        1.2315037104888804,
        0.9068769836662509,
        1.1422964360284107
    ],
    "2": [
        0.36666666666666664,
        0.6578947368421053,
        0.15384615384615385,
        0.9806553727984542,
        0.8967653668208868,
        1.0921731396767407
    ],
    "3": [
        0.5555555555555556,
        0.7954545454545454,
        0.32608695652173914,
        1.0790820503633447,
        0.9489630275408387,
        1.0497484108008053
    ],
    "4": [
        0.5666666666666667,
        0.0625,
        0.8448275862068966,
        1.0139303515706988,
        0.9681175845455106,
        1.061218017325207
    ],
    "5": [
        0.34444444444444444,
        0.14754098360655737,
        0.7586206896551724,
        1.0885416553351204,
        0.9534713219780738,
        1.0359036230261935
    ],
    "6": [
        0.45555555555555555,
        0.576271186440678,
        0.22580645161290322,
        1.328715071716527,
        0.8707473242818813,
        1.1034163726621444
    ],
    "7": [
        0.45555555555555555,
        0.7647058823529411,
        0.26785714285714285,
        1.056912470170346,
        0.8860396298987725,
        1.1545703884307477
    ],
    "8": [
        0.4222222222222222,
        0.14634146341463414,
        0.6530612244897959,
        0.9338734796778437,
        0.9517746306255636,
        1.0437919307734291
    ],
    "9": [
        0.4111111111111111,
        0.3018867924528302,
        0.5675675675675675,
        1.1890616500544984,
        0.9441287787096084,
        1.1823974075935249
    ],
    "10": [
        0.43333333333333335,
        0.3695652173913043,
        0.5,
        1.0297796647573259,
        0.9667946645033947,
        1.0374015309655582
    ],
    "11": [
        0.6333333333333333,
        0.7142857142857143,
        0.5,
        1.4602431328476575,
        0.9564820017436121,
        1.112765044031118
    ]
}