{
    "0": [
        0.4888888888888889,
        0.9767441860465116,
        0.0425531914893617,
        0.9270876098146471,
        0.8428994816087272,
        1.2316190464924501
    ],
    "1": [
        0.5333333333333333,
        0.8775510204081632,
        0.12195121951219512,
        0.8845145942680203,
        0.8976005373352774,
        1.1422964360284107
    ],
    "2": [
        0.6111111111111112,
        0.7105263157894737,
        0.5384615384615384,
        1.0911913474304586,
        0.8967653668208868,
        1.0921731396767407
    ],
    "3": [
        0.5777777777777777,
        0.38636363636363635,
        0.7608695652173914,
        1.0003887139277152,
        0.9336788081825143,
        1.0415837032379744
    ],
    "4": [
        0.6111111111111112,
        0.5625,
        0.6379310344827587,
        0.7740958957717917,
        0.911807536373567,
        1.0729698336752207
    ],
    "5": [
        0.34444444444444444,
        0.04918032786885246,
        0.9655172413793104,
        0.9937096092228883,
        0.9938018974196199,
        1.002147687737751
    ],
    "6": [
        0.4666666666666667,
        0.6779661016949152,
        0.06451612903225806,
        1.2498294462446222,
        0.8575783994845456,
        1.111283046194372
    ],
    "7": [
        0.4111111111111111,
        0.7941176470588235,
        0.17857142857142858,
        0.8142094391806199,
        0.8860396298987725,
        1.0761582023758802
    ],
    "8": [
        0.34444444444444444,
        0.7560975609756098,
        0.0,
        0.8833677146573586,
        0.951386072544974,
        1.0996684803621701
    ],
    "9": [
        0.5333333333333333,
        0.9056603773584906,
        0.0,
        0.8219373525518433,
        0.614238250602748,
        1.1823974075935249
    ],
    "10": [
        0.4888888888888889,
        0.8695652173913043,
        0.09090909090909091,
        1.2652216855270726,
        0.9135810102599939,
        1.1272836103363235
    ],
    "11": [
        0.4222222222222222,
        0.48214285714285715,
        0.3235294117647059,
        0.9124004948821758,
        0.8966930841710028,
        1.048539817428495
    ]
}