{
    "0": [
        0.43333333333333335,
        0.6744186046511628,
        0.2127659574468085,
        0.9873218585681139,
        0.8428994816087272,
        1.2316190464924501
    ],
    "1": [
        0.3888888888888889,
        0.04081632653061224,
        0.8048780487804879,
        1.0122824190303243,
        0.9188473110897788,
        1.0412210194166698
    ],
    "2": [
        0.5444444444444444,
        0.7368421052631579,
        0.40384615384615385,
        1.034865780096169,
        0.8967653668208868,
        1.085465458606541
    ],
    "3": [
        0.6666666666666666,
        0.7045454545454546,
        0.6304347826086957,
        0.9396338953847961,
        0.9261302404034122,
        1.0415837032379744
    ],
    "4": [
        0.4,
        0.96875,
        0.08620689655172414,
        0.6504285099089111,
        0.8671511307639452,
        1.1172803093662986
    ],
    "5": [
        0.3888888888888889,
        0.4262295081967213,
        0.3103448275862069,
        1.1597037780635255,
        0.9201515999964976,
        1.064734270853694
    ],
    "6": [
        0.36666666666666664,
        0.03389830508474576,
        1.0,
        0.8936238818684822,
        0.930098717169988,
        1
    ],
    "7": [
        0.6,
        0.23529411764705882,
        0.8214285714285714,
        1.146247601453687,
        0.9419149156328538,
        1.0761582023758802
    ],
    "8": [
        0.2777777777777778,
        0.43902439024390244,
        0.14285714285714285,
        0.7914248586668792,
        0.951386072544974,
        1.0996684803621701
    ],
    "9": [
        0.2,
        0.0,
        0.4864864864864865,
        0.6272744978451302,
        0.614238250602748,
        1.1412883414010726
    ],
    "10": [
        0.45555555555555555,
        0.8695652173913043,
        0.022727272727272728,
        1.0811329117496569,
        0.9135810102599939,
        1.078811281340542
    ],
    "11": [
        0.4111111111111111,
        0.125,
        0.8823529411764706,
        1.055452869609115,
        0.9770436733019048,
        1.0345883457826892
    ]
}