{
    "0": [
        0.6777777777777778,
        0.7674418604651163,
        0.5957446808510638,
        2.0064509819458074,
        0.8447552001712682,
        1.2316190464924501
    ],
    "1": [
        0.5444444444444444,
        0.7551020408163265,
        0.2926829268292683,
        0.917207688973364,
        0.8976005373352774,
        1.1422964360284107
    ],
    "2": [
        0.4222222222222222,
        1.0,
        0.0,
        0.7636991557977252,
        0.8967653668208868,
        1.0921731396767407
    ],
    "3": [
        0.5222222222222223,
        0.3181818181818182,
        0.717391304347826,
        1.1239487672988748,
        0.9628984821643946,
        1.0497484108008053
    ],
    "4": [
        0.5444444444444444,
        0.21875,
        0.7241379310344828,
        0.7105035952918973,
        0.8671511307639452,
        1.043367863993261
    ],
    "5": [
        0.3888888888888889,
        0.26229508196721313,
        0.6551724137931034,
        1.0589330164073427,
        0.9510629311205345,
        1.0338337391099
    ],
    "6": [
        0.6111111111111112,
        0.9322033898305084,
        0.0,
        1.7259581183356045,
        0.8575783994845456,
        1.1305789178140042
    ],
    "7": [
        0.5111111111111111,
        0.5882352941176471,
        0.4642857142857143,
        0.7499831831472256,
        0.8860396298987725,
        1.0761582023758802
    ],
    "8": [
        0.5888888888888889,
        0.21951219512195122,
        0.8979591836734694,
        1.0069657719773906,
        0.9702760900406621,
        1.0449093841649557
    ],
    "9": [
        0.4666666666666667,
        0.4339622641509434,
        0.5135135135135135,
        1.0988630121639524,
        0.9441287787096084,
        1.0695539808017047
    ],
    "10": [
        0.4666666666666667,
        0.45652173913043476,
        0.4772727272727273,
        1.1619296235170855,
        0.9667946645033947,
        1.1272836103363235
    ],
    "11": [
        0.5333333333333333,
        0.625,
        0.38235294117647056,
        1.0918990688161925,
        0.8966930841710028,
        1.0761464979382598
    ]
}