{
    "0": [
        0.5,
        1.0,
        0.0425531914893617,
        1.0924290135584183,
        0.8428994816087272,
        1.2316190464924501
    ],
    "1": [
        0.6444444444444445,
        1.0,
        0.21951219512195122,
        1.0144708336333748,
        0.8976005373352774,
        1.1422964360284107
    ],
    "2": [
        0.43333333333333335,
        0.5263157894736842,
        0.36538461538461536,
        0.8473965869041713,
        0.9360634122815932,
        1.0921731396767407
    ],
    "3": [
        0.5111111111111111,
        0.09090909090909091,
        0.9130434782608695,
        0.8909795483666406,
        0.9261302404034122,
        1.013477698036266
    ],
    "4": [
        0.43333333333333335,
        0.875,
        0.1896551724137931,
        0.7038888732411196,
        0.8671511307639452,
        1.1172803093662986
    ],
    "5": [
        0.4222222222222222,
        0.39344262295081966,
        0.4827586206896552,
        1.2124033961068381,
        0.9510629311205345,
        1.0767682140985009
    ],
    "6": [
        0.5111111111111111,
        0.3559322033898305,
        0.8064516129032258,
        1.5937808317225932,
        0.930098717169988,
        1.1305789178140042
    ],
    "7": [
        0.43333333333333335,
        0.9705882352941176,
        0.10714285714285714,
        0.9228712727947522,
        0.8860396298987725,
        1.1545703884307477
    ],
    "8": [
        0.45555555555555555,
        0.0975609756097561,
        0.7551020408163265,
        0.9084285588135032,
        0.9666702151223526,
        1.027605965894657
    ],
    "9": [
        0.5,
        0.6226415094339622,
        0.32432432432432434,
        1.2142702005672876,
        0.9102666786883837,
        1.1823974075935249
    ],
    "10": [
        0.45555555555555555,
        0.8478260869565217,
        0.045454545454545456,
        1.2552679609702955,
        0.9135810102599939,
        1.1272836103363235
    ],
    "11": [
        0.5555555555555556,
        0.8928571428571429,
        0.0,
        1.098705423804175,
        0.8966930841710028,
        1.0761464979382598
    ]
}