{
    "0": [
        0.5777777777777777,
        0.9534883720930233,
        0.23404255319148937,
        1.5609279582252389,
        0.8447552001712682,
        1.2316190464924501
    ],
    "1": [
        0.5555555555555556,
        0.3877551020408163,
        0.7560975609756098,
        1.0569764330605445,
        0.9068769836662509,
        1.0897668882566307
    ],
    "2": [
        0.5444444444444444,
        1.0,
        0.21153846153846154,
        0.8893210438294176,
        0.8967653668208868,
        1.0921731396767407
    ],
    "3": [
        0.5777777777777777,
        0.13636363636363635,
        1.0,
        0.9961489276285166,
        0.9771048992469948,
        1.0324221310424897
    ],
    "4": [
        0.35555555555555557,
        1.0,
        0.0,
        0.5471430176260813,
        0.8671511307639452,
        1.1172803093662986
    ],
    "5": [
        0.37777777777777777,
        0.2786885245901639,
        0.5862068965517241,
        1.1132855296506337,
        0.9534713219780738,
        1.0353789874767925
    ],
    "6": [
        0.6555555555555556,
        1.0,
        0.0,
        1.7484607719202154,
        0.8575783994845456,
        1.1305789178140042
    ],
    "7": [
        0.43333333333333335,
        0.8235294117647058,
        0.19642857142857142,
        0.7985422038790353,
        0.8860396298987725,
        1.1545703884307477
    ],
    "8": [
        0.3888888888888889,
        0.5365853658536586,
        0.2653061224489796,
        0.9510226856250399,
        0.9539722791134384,
        1.0996684803621701
    ],
    "9": [
        0.4111111111111111,
        0.5283018867924528,
        0.24324324324324326,
        0.6181362703218496,
        0.614238250602748,
        1.1412883414010726
    ],
    "10": [
        0.4777777777777778,
        0.9347826086956522,
        0.0,
        1.206892190542951,
        0.9135810102599939,
        1.1272836103363235
    ],
    "11": [
        0.37777777777777777,
        0.39285714285714285,
        0.35294117647058826,
        0.9604116918611676,
        0.8966930841710028,
        1.050820615089816
    ]
}