{
    "0": [
        0.5777777777777777,
        0.9302325581395349,
        0.2553191489361702,
        1.513727455759945,
        0.8447552001712682,
        1.2316190464924501
    ],
    "1": [
        0.5666666666666667,
        0.8367346938775511,
        0.24390243902439024,
        1.2455993251107293,
        0.8976005373352774,
        1.1422964360284107
    ],
    "2": [
        0.36666666666666664,
        0.5526315789473685,
        0.23076923076923078,
        0.8553908026218755,
        0.8967653668208868,
        1.0921731396767407
    ],
    "3": [
        0.6888888888888889,
        0.4772727272727273,
        0.8913043478260869,
        1.1166605531026823,
        0.969124793782672,
        1.0404580926767923
    ],
    "4": [
        0.4444444444444444,
        1.0,
        0.13793103448275862,
        0.5466130391482115,
        0.8671511307639452,
        1.1172803093662986
    ],
    "5": [
        0.32222222222222224,
        0.0,
        1.0,
        1,
        1,
        1
    ],
    "6": [
        0.6444444444444445,
        0.9830508474576272,
        0.0,
        1.7608478583203016,
        0.8575783994845456,
        1.1305789178140042
    ],
    "7": [
        0.45555555555555555,
        0.9117647058823529,
        0.17857142857142858,
        0.9891361348951355,
        0.8860396298987725,
        1.1545703884307477
    ],
    "8": [
        0.36666666666666664,
        0.5609756097560976,
        0.20408163265306123,
        0.9223325198628863,
        0.951386072544974,
        1.0996684803621701
    ],
    "9": [
        0.5777777777777777,
        0.8490566037735849,
        0.1891891891891892,
        0.892614709310528,
        0.614238250602748,
        1.1823974075935249
    ],
    "10": [
        0.5444444444444444,
        1.0,
        0.06818181818181818,
        1.2317525571061745,
        0.9135810102599939,
        1.1272836103363235
    ],
    "11": [
        0.3,
        0.32142857142857145,
        0.2647058823529412,
        0.932084482440304,
        0.9564820017436121,
        1.050820615089816
    ]
}