{
    "0": [
        0.5888888888888889,
        0.9302325581395349,
        0.2765957446808511,
        1.5109505699175534,
        0.8447552001712682,
        1.2316190464924501
    ],
    "1": [
        0.5555555555555556,
        0.8571428571428571,
        0.1951219512195122,
        0.9402308627049668,
        0.8976005373352774,
        1.1422964360284107
    ],
    "2": [
        0.43333333333333335,
        1.0,
        0.019230769230769232,
        0.7700294674930013,
        0.8967653668208868,
        1.0921731396767407
    ],
    "3": [
        0.4888888888888889,
        0.4318181818181818,
        0.5434782608695652,
        0.8699671844314638,
        0.9261302404034122,
        1.0415837032379744
    ],
    "4": [
        0.4666666666666667,
        0.53125,
        0.43103448275862066,
        0.5867029698801925,
        0.8671511307639452,
        1.061218017325207
    ],
    "5": [
        0.34444444444444444,
        0.21311475409836064,
        0.6206896551724138,
        1.0301350320069373,
        0.9510629311205345,
        1.0338337391099
    ],
    "6": [
        0.37777777777777777,
        0.576271186440678,
        0.0,
        0.953390567868126,
        0.8707473242818813,
        1.1057205155711587
    ],
    "7": [
        0.6555555555555556,
        0.23529411764705882,
        0.9107142857142857,
        1.1839894077225959,
        0.9289094236928562,
        1.1545703884307477
    ],
    "8": [
        0.4666666666666667,
        0.4146341463414634,
        0.5102040816326531,
        1.052377700061866,
        0.9539722791134384,
        1.0996684803621701
    ],
    "9": [
        0.45555555555555555,
        0.1509433962264151,
        0.8918918918918919,
        1.033135970409205,
        0.9768670109985415,
        1.0383487012313335
    ],
    "10": [
        0.6111111111111112,
        0.6956521739130435,
        0.5227272727272727,
        1.2682370663608395,
        0.9135810102599939,
        1.1272836103363235
    ],
    "11": [
        0.5111111111111111,
        0.5892857142857143,
        0.38235294117647056,
        1.0267345619791333,
        0.8966930841710028,
        1.0761464979382598
    ]
}