{
    "0": [
        0.5444444444444444,
        1.0,
        0.1276595744680851,
        1.0866431835906298,
        0.8428994816087272,
        1.2316190464924501
    ],
    "1": [
        0.5333333333333333,
        0.8775510204081632,
        0.12195121951219512,
        0.9218909908522194,
        0.8976005373352774,
        1.1422964360284107
    ],
    "2": [
        0.4,
        0.5789473684210527,
        0.2692307692307692,
        0.834580498872121,
        0.9360634122815932,
        1.0921731396767407
    ],
    "3": [
        0.5666666666666667,
        1.0,
        0.15217391304347827,
        1.000276571293432,
        0.9261302404034122,
        1.0497484108008053
    ],
    "4": [
        0.4111111111111111,
        0.75,
        0.22413793103448276,
        0.5642912699044833,
        0.8671511307639452,
        1.1172803093662986
    ],
    "5": [
        0.32222222222222224,
        0.11475409836065574,
        0.7586206896551724,
        1.0605067460281885,
        0.9510629311205345,
        1.0338337391099
    ],
    "6": [
        0.32222222222222224,
        0.11864406779661017,
        0.7096774193548387,
        0.9544462531648554,
        0.9575004920265803,
        1.0500675338236314
    ],
    "7": [
        0.4666666666666667,
        0.5588235294117647,
        0.4107142857142857,
        0.84533483039666,
        0.8860396298987725,
        1.0761582023758802
    ],
    "8": [
        0.4666666666666667,
        0.21951219512195122,
        0.673469387755102,
        0.8986668955429208,
        0.951386072544974,
        1.0364075305018494
    ],
    "9": [
        0.5222222222222223,
        0.5471698113207547,
        0.4864864864864865,
        0.9688189325832633,
        0.9102666786883837,
        1.0668557334464581
    ],
    "10": [
        0.4888888888888889,
        0.7391304347826086,
        0.22727272727272727,
        1.2398223789869494,
        0.9372473116814342,
        1.1272836103363235
    ],
    "11": [
        0.34444444444444444,
        0.2857142857142857,
        0.4411764705882353,
        1.1204895141706548,
        0.9564820017436121,
        1.050820615089816
    ]
}