{
    "0": [
        0.5666666666666667,
        0.9302325581395349,
        0.23404255319148937,
        1.5912485921189583,
        0.8447552001712682,
        1.2316190464924501
    ],
    "1": [
        0.4777777777777778,
        0.40816326530612246,
        0.5609756097560976,
        1.0394504006562402,
        0.8993958574636876,
        1.1131882542126519
    ],
    "2": [
        0.4444444444444444,
        0.8947368421052632,
        0.11538461538461539,
        0.8830303521716809,
        0.8967653668208868,
        1.0921731396767407
    ],
    "3": [
        0.4666666666666667,
        0.045454545454545456,
        0.8695652173913043,
        1.0440521335654125,
        0.9982594130976271,
        1.0252395808016288
    ],
    "4": [
        0.5222222222222223,
        0.5,
        0.5344827586206896,
        0.6923435125857781,
        0.8671511307639452,
        1.1172803093662986
    ],
    "5": [
        0.4111111111111111,
        0.29508196721311475,
        0.6551724137931034,
        1.0930136787257732,
        0.9510629311205345,
        1.0338337391099
    ],
    "6": [
        0.35555555555555557,
        0.11864406779661017,
        0.8064516129032258,
        1.0320210789805515,
        0.957973072857591,
        1.0500675338236314
    ],
    "7": [
        0.5555555555555556,
        0.35294117647058826,
        0.6785714285714286,
        1.0207286305953878,
        0.9566365371761729,
        1.0761582023758802
    ],
    "8": [
        0.4111111111111111,
        0.7804878048780488,
        0.10204081632653061,
        0.8481520683796213,
        0.951386072544974,
        1.0996684803621701
    ],
    "9": [
        0.5444444444444444,
        0.9245283018867925,
        0.0,
        0.8176924071590387,
        0.614238250602748,
        1.1823974075935249
    ],
    "10": [
        0.5777777777777777,
        0.8695652173913043,
        0.2727272727272727,
        1.1893718536814135,
        0.9135810102599939,
        1.1272836103363235
    ],
    "11": [
        0.4111111111111111,
        0.3392857142857143,
        0.5294117647058824,
        1.1277580445517366,
        0.9564820017436121,
        1.050820615089816
    ]
}