{
    "0": [
        0.5666666666666667,
        0.9534883720930233,
        0.2127659574468085,
        1.5543884576038292,
        0.8447552001712682,
        1.2316190464924501
    ],
    "1": [
        0.5888888888888889,
        0.8367346938775511,
        0.2926829268292683,
        1.192235730579626,
        0.8976005373352774,
        1.1422964360284107
    ],
    "2": [
        0.5333333333333333,
        0.10526315789473684,
        0.8461538461538461,
        1.0731203569943057,
        0.9360634122815932,
        1.085465458606541
    ],
    "3": [
        0.6222222222222222,
        0.8181818181818182,
        0.43478260869565216,
        1.176019041380423,
        0.9641825459408555,
        1.0404580926767923
    ],
    "4": [
        0.4111111111111111,
        0.78125,
        0.20689655172413793,
        0.6633699959239874,
        0.8671511307639452,
        1.1172803093662986
    ],
    "5": [
        0.35555555555555557,
        0.18032786885245902,
        0.7241379310344828,
        1.044808253107521,
        0.9534713219780738,
        1.0338337391099
    ],
    "6": [
        0.6,
        0.8983050847457628,
        0.03225806451612903,
        1.7916378631470267,
        0.8575783994845456,
        1.1305789178140042
    ],
    "7": [
        0.3333333333333333,
        0.8823529411764706,
        0.0,
        0.7987329158716612,
        0.8860396298987725,
        1.1545703884307477
    ],
    "8": [
        0.5555555555555556,
        0.5365853658536586,
        0.5714285714285714,
        0.9559358959047229,
        0.951386072544974,
        1.0996684803621701
    ],
    "9": [
        0.5,
        0.4528301886792453,
        0.5675675675675675,
        0.8522968871159975,
        0.614238250602748,
        1.1823974075935249
    ],
    "10": [
        0.4666666666666667,
        0.41304347826086957,
        0.5227272727272727,
        1.1385382675151638,
        0.9667946645033947,
        1.1272836103363235
    ],
    "11": [
        0.5444444444444444,
        0.75,
        0.20588235294117646,
        1.091854607707946,
        0.8966930841710028,
        1.0761464979382598
    ]
}