{
    "0": [
        0.4777777777777778,
        1.0,
        0.0,
        1.0811403744503039,
        0.8428994816087272,
        1.2316190464924501
    ],
    "1": [
        0.5222222222222223,
        0.9387755102040817,
        0.024390243902439025,
        1.2570839258577815,
        0.8976005373352774,
        1.1422964360284107
    ],
    "2": [
        0.6,
        0.39473684210526316,
        0.75,
        1.0280639688191484,
        0.9360634122815932,
        1.0921731396767407
    ],
    "3": [
        0.7333333333333333,
        0.7954545454545454,
        0.6739130434782609,
        1.1870971303058548,
        0.9641825459408555,
        1.0404580926767923
    ],
    "4": [
        0.36666666666666664,
        1.0,
        0.017241379310344827,
        0.5427730956881756,
        0.8671511307639452,
        1.1172803093662986
    ],
    "5": [
        0.36666666666666664,
        0.22950819672131148,
        0.6551724137931034,
        1.0576998453114015,
        0.9510629311205345,
        1.0338337391099
    ],
    "6": [
        0.6222222222222222,
        0.9491525423728814,
        0.0,
        1.741604198090985,
        0.8575783994845456,
        1.1305789178140042
    ],
    "7": [
        0.6,
        0.4411764705882353,
        0.6964285714285714,
        1.0915406903747713,
        0.9419149156328538,
        1.0761582023758802
    ],
    "8": [
        0.5333333333333333,
        0.3902439024390244,
        0.6530612244897959,
        0.9641405650939195,
        0.9539722791134384,
        1.0996684803621701
    ],
    "9": [
        0.35555555555555557,
        0.2641509433962264,
        0.4864864864864865,
        0.9664643794157656,
        0.9441287787096084,
        1.0475966430219024
    ],
    "10": [
        0.4777777777777778,
        0.717391304347826,
        0.22727272727272727,
        1.165829049460497,
        0.9135810102599939,
        1.1272836103363235
    ],
    "11": [
        0.43333333333333335,
        0.5357142857142857,
        0.2647058823529412,
        1.0088187589995952,
        0.8966930841710028,
        1.050820615089816
    ]
}