{
    "0": [
        0.6,
        0.9302325581395349,
        0.2978723404255319,
        1.6054449924178846,
        0.8447552001712682,
        1.2316190464924501
    ],
    "1": [
        0.5555555555555556,
        0.9183673469387755,
        0.12195121951219512,
        0.9153362965857479,
        0.8976005373352774,
        1.1422964360284107
    ],
    "2": [
        0.6,
        0.2631578947368421,
        0.8461538461538461,
        0.9282739842625201,
        0.9399594511998197,
        1.0921731396767407
    ],
    "3": [
        0.4444444444444444,
        0.8181818181818182,
        0.08695652173913043,
        0.8507385264800664,
        0.9261302404034122,
        1.0497484108008053
    ],
    "4": [
        0.3888888888888889,
        0.46875,
        0.3448275862068966,
        0.8418775455985162,
        0.8935441597545427,
        1.1172803093662986
    ],
    "5": [
        0.37777777777777777,
        0.36065573770491804,
        0.41379310344827586,
        1.1384246207062048,
        0.9510629311205345,
        1.0353789874767925
    ],
    "6": [
        0.6111111111111112,
        0.9322033898305084,
        0.0,
        1.7035139533461687,
        0.8575783994845456,
        1.1305789178140042
    ],
    "7": [
        0.34444444444444444,
        0.8235294117647058,
        0.05357142857142857,
        0.7978949419812517,
        0.8860396298987725,
        1.1545703884307477
    ],
    "8": [
        0.5444444444444444,
        0.0,
        1.0,
        1,
        1,
        1
    ],
    "9": [
        0.37777777777777777,
        0.41509433962264153,
        0.32432432432432434,
        1.2458021462385616,
        0.9302193023206287,
        1.1823974075935249
    ],
    "10": [
        0.5555555555555556,
        0.9347826086956522,
        0.1590909090909091,
        1.2518751752540667,
        0.9135810102599939,
        1.1272836103363235
    ],
    "11": [
        0.5333333333333333,
        0.75,
        0.17647058823529413,
        1.0732680257469804,
        0.8966930841710028,
        1.0761464979382598
    ]
}