{
    "0": [
        0.6222222222222222,
        0.9302325581395349,
        0.3404255319148936,
        1.6132331742075192,
        0.8447552001712682,
        1.2316190464924501
    ],
    "1": [
        0.5555555555555556,
        0.9591836734693877,
        0.07317073170731707,
        1.117564247702333,
        0.8976005373352774,
        1.1422964360284107
    ],
    "2": [
        0.4888888888888889,
        0.7894736842105263,
        0.2692307692307692,
        1.0291704709428895,
        0.8967653668208868,
        1.0921731396767407
    ],
    "3": [
        0.4444444444444444,
        0.022727272727272728,
        0.8478260869565217,
        0.8345890258475357,
        0.9261302404034122,
        1.0129151234726594
    ],
    "4": [
        0.37777777777777777,
        1.0,
        0.034482758620689655,
        0.5465271912152924,
        0.8671511307639452,
        1.1172803093662986
    ],
    "5": [
        0.36666666666666664,
        0.2786885245901639,
        0.5517241379310345,
        1.0920736873292884,
        0.9510629311205345,
        1.0338337391099
    ],
    "6": [
        0.3333333333333333,
        0.0847457627118644,
        0.8064516129032258,
        1.0227496933645417,
        0.957973072857591,
        1.0500675338236314
    ],
    "7": [
        0.6444444444444445,
        0.058823529411764705,
        1.0,
        1.0405837022540934,
        1,
        1.0288597444343643
    ],
    "8": [
        0.4888888888888889,
        0.6097560975609756,
        0.3877551020408163,
        1.0385833167738274,
        0.951386072544974,
        1.0996684803621701
    ],
    "9": [
        0.4666666666666667,
        0.5660377358490566,
        0.32432432432432434,
        0.5433055079350392,
        0.614238250602748,
        1.0695539808017047
    ],
    "10": [
        0.4777777777777778,
        0.8478260869565217,
        0.09090909090909091,
        1.2350278890088247,
        0.9135810102599939,
        1.1272836103363235
    ],
    "11": [
        0.45555555555555555,
        0.19642857142857142,
        0.8823529411764706,
        1.0710305982764192,
        0.9612588089652891,
        1.0345883457826892
    ]
}