{
    "0": [
        0.5888888888888889,
        0.9069767441860465,
        0.2978723404255319,
        1.7380219626587192,
        0.8447552001712682,
        1.2316190464924501
    ],
    "1": [
        0.5444444444444444,
        0.7346938775510204,
        0.3170731707317073,
        1.22662973626449,
        0.8976005373352774,
        1.1422964360284107
    ],
    "2": [
        0.4222222222222222,
        1.0,
        0.0,
        0.7636991557977252,
        0.8967653668208868,
        1.0921731396767407
    ],
    "3": [
        0.43333333333333335,
        0.022727272727272728,
        0.8260869565217391,
        0.8122970480934373,
        0.9261302404034122,
        1.0415837032379744
    ],
    "4": [
        0.36666666666666664,
        0.9375,
        0.05172413793103448,
        0.5587018591061077,
        0.8671511307639452,
        1.1172803093662986
    ],
    "5": [
        0.37777777777777777,
        0.26229508196721313,
        0.6206896551724138,
        1.0562066319959982,
        0.9510629311205345,
        1.0338337391099
    ],
    "6": [
        0.3111111111111111,
        0.05084745762711865,
        0.8064516129032258,
        1.0214394339827815,
        0.957973072857591,
        1.0500675338236314
    ],
    "7": [
        0.5888888888888889,
        0.17647058823529413,
        0.8392857142857143,
        0.9014809878664551,
        0.9213085471592081,
        1.0551183010109986
    ],
    "8": [
        0.4777777777777778,
        0.6097560975609756,
        0.3673469387755102,
        0.8665353765047727,
        0.951386072544974,
        1.0996684803621701
    ],
    "9": [
        0.4777777777777778,
        0.32075471698113206,
        0.7027027027027027,
        1.073607485070838,
        0.949539875437737,
        1.0695539808017047
    ],
    "10": [
        0.5111111111111111,
        1.0,
        0.0,
        1.2414969434854326,
        0.9135810102599939,
        1.1272836103363235
    ],
    "11": [
        0.6,
        0.9642857142857143,
        0.0,
        1.1850169780007684,
        0.8966930841710028,
        1.0761464979382598
    ]
}