{
    "0": [
        0.6333333333333333,
        0.9302325581395349,
        0.3617021276595745,
        1.5821365600113668,
        0.8447552001712682,
        1.2316190464924501
    ],
    "1": [
        0.45555555555555555,
        0.5306122448979592,
        0.36585365853658536,
        1.1629146602179654,
        0.8976005373352774,
        1.1422964360284107
    ],
    "2": [
        0.45555555555555555,
        0.7631578947368421,
        0.23076923076923078,
        0.8393953877174783,
        0.8967653668208868,
        1.085465458606541
    ],
    "3": [
        0.6222222222222222,
        0.5,
        0.7391304347826086,
        0.990699624380513,
        0.9336788081825143,
        1.0404580926767923
    ],
    "4": [
        0.5111111111111111,
        0.625,
        0.4482758620689655,
        0.8225649025957192,
        0.8671511307639452,
        1.1026824909934292
    ],
    "5": [
        0.37777777777777777,
        0.2459016393442623,
        0.6551724137931034,
        1.0407124819606786,
        0.9510629311205345,
        1.0338337391099
    ],
    "6": [
        0.4222222222222222,
        0.288135593220339,
        0.6774193548387096,
        1.1656169637307492,
        0.9575004920265803,
        1.056404155433454
    ],
    "7": [
        0.5777777777777777,
        0.7352941176470589,
        0.48214285714285715,
        1.2832394039795512,
        0.9289094236928562,
        1.1545703884307477
    ],
    "8": [
        0.4888888888888889,
        0.34146341463414637,
        0.6122448979591837,
        1.0071650795491525,
        0.9539722791134384,
        1.0996684803621701
    ],
    "9": [
        0.5444444444444444,
        0.6792452830188679,
        0.35135135135135137,
        1.2904681187728364,
        0.9302193023206287,
        1.1823974075935249
    ],
    "10": [
        0.4777777777777778,
        0.8043478260869565,
        0.13636363636363635,
        1.1716600816321605,
        0.9135810102599939,
        1.1272836103363235
    ],
    "11": [
        0.37777777777777777,
        0.0,
        1.0,
        1,
        1,
        1
    ]
}