{
    "0": [
        0.6111111111111112,
        0.9069767441860465,
        0.3404255319148936,
        1.6879319598799074,
        0.8447552001712682,
        1.2316190464924501
    ],
    "1": [
        0.5666666666666667,
        0.5102040816326531,
        0.6341463414634146,
        0.9856339443869108,
        0.8993958574636876,
        1.1131882542126519
    ],
    "2": [
        0.4777777777777778,
        0.8157894736842105,
        0.23076923076923078,
        0.9531984787856725,
        0.8967653668208868,
        1.0921731396767407
    ],
    "3": [
        0.5,
        0.0,
        0.9782608695652174,
        0.9715789456023118,
        0.9715789456023118,
        1
    ],
    "4": [
        0.45555555555555555,
        0.90625,
        0.20689655172413793,
        0.6882910725105883,
        0.8671511307639452,
        1.1172803093662986
    ],
    "5": [
        0.45555555555555555,
        0.6557377049180327,
        0.034482758620689655,
        1.2766708569709453,
        0.9201515999964976,
        1.0767682140985009
    ],
    "6": [
        0.5444444444444444,
        0.8305084745762712,
        0.0,
        1.2750674343022756,
        0.8575783994845456,
        1.1270765377324055
    ],
    "7": [
        0.5555555555555556,
        0.2647058823529412,
        0.7321428571428571,
        1.059812163702049,
        0.9566365371761729,
        1.0761582023758802
    ],
    "8": [
        0.4777777777777778,
        0.9024390243902439,
        0.12244897959183673,
        0.9349085144788654,
        0.951386072544974,
        1.0996684803621701
    ],
    "9": [
        0.5444444444444444,
        0.7735849056603774,
        0.21621621621621623,
        1.2941834368109635,
        0.9302193023206287,
        1.1823974075935249
    ],
    "10": [
        0.4888888888888889,
        0.9565217391304348,
        0.0,
        1.2361587601730133,
        0.9135810102599939,
        1.1272836103363235
    ],
    "11": [
        0.3333333333333333,
        0.23214285714285715,
        0.5,
        1.0627703683595355,
        0.9564820017436121,
        1.050820615089816
    ]
}