{
    "0": [
        0.6333333333333333,
        0.9302325581395349,
        0.3617021276595745,
        1.6714425002608109,
        0.8447552001712682,
        1.2316190464924501
    ],
    "1": [
        0.4888888888888889,
        0.2857142857142857,
        0.7317073170731707,
        0.8453281728578426,
        0.8993958574636876,
        1.0897668882566307
    ],
    "2": [
        0.4888888888888889,
        0.8421052631578947,
        0.23076923076923078,
        0.9589681042641263,
        0.8967653668208868,
        1.0921731396767407
    ],
    "3": [
        0.5,
        0.0,
        0.9782608695652174,
        0.9715789456023118,
        0.9715789456023118,
        1
    ],
    "4": [
        0.4888888888888889,
        0.71875,
        0.3620689655172414,
        0.5365566368884145,
        0.8671511307639452,
        1.0729698336752207
    ],
    "5": [
        0.35555555555555557,
        0.32786885245901637,
        0.41379310344827586,
        1.0947132034522502,
        0.9510629311205345,
        1.0353789874767925
    ],
    "6": [
        0.28888888888888886,
        0.06779661016949153,
        0.7096774193548387,
        0.9676715191248975,
        0.9575004920265803,
        1.0500675338236314
    ],
    "7": [
        0.4888888888888889,
        0.4411764705882353,
        0.5178571428571429,
        1.2229119293365895,
        0.9213085471592081,
        1.1545703884307477
    ],
    "8": [
        0.4888888888888889,
        0.4878048780487805,
        0.4897959183673469,
        1.0010401058452219,
        0.951386072544974,
        1.0996684803621701
    ],
    "9": [
        0.5777777777777777,
        0.8113207547169812,
        0.24324324324324326,
        1.3610351217883394,
        0.9302193023206287,
        1.1823974075935249
    ],
    "10": [
        0.5222222222222223,
        0.8260869565217391,
        0.20454545454545456,
        1.2405632128724413,
        0.9135810102599939,
        1.1272836103363235
    ],
    "11": [
        0.37777777777777777,
        0.32142857142857145,
        0.47058823529411764,
        1.124023060321969,
        0.9564820017436121,
        1.050820615089816
    ]
}