{
    "0": [
        0.5888888888888889,
        0.9069767441860465,
        0.2978723404255319,
        1.7380219626587192,
        0.8447552001712682,
        1.2316190464924501
    ],
    "1": [
        0.4888888888888889,
        0.8367346938775511,
        0.07317073170731707,
        1.0849489598003448,
        0.8976005373352774,
        1.1422964360284107
    ],
    "2": [
        0.43333333333333335,
        0.42105263157894735,
        0.4423076923076923,
        0.8985405140219191,
        0.8967653668208868,
        1.0921731396767407
    ],
    "3": [
        0.4111111111111111,
        0.0,
        0.8043478260869565,
        0.8763796461095018,
        0.9336788081825143,
        1.0415837032379744
    ],
    "4": [
        0.35555555555555557,
        1.0,
        0.0,
        0.5471430176260813,
        0.8671511307639452,
        1.1172803093662986
    ],
    "5": [
        0.6111111111111112,
        0.7868852459016393,
        0.2413793103448276,
        1.3696722033140996,
        0.9201515999964976,
        1.1754155175665129
    ],
    "6": [
        0.6888888888888889,
        0.9491525423728814,
        0.1935483870967742,
        1.7423130291661304,
        0.8575783994845456,
        1.1305789178140042
    ],
    "7": [
        0.5777777777777777,
        0.058823529411764705,
        0.8928571428571429,
        0.9458003071477582,
        0.9213085471592081,
        1.0288597444343643
    ],
    "8": [
        0.4,
        0.6585365853658537,
        0.1836734693877551,
        0.9595091783899157,
        0.951386072544974,
        1.0996684803621701
    ],
    "9": [
        0.5,
        0.5849056603773585,
        0.3783783783783784,
        0.9825369113494316,
        0.9399775357549068,
        1.0695539808017047
    ],
    "10": [
        0.5,
        0.9565217391304348,
        0.022727272727272728,
        1.195428799110221,
        0.9135810102599939,
        1.1272836103363235
    ],
    "11": [
        0.26666666666666666,
        0.3392857142857143,
        0.14705882352941177,
        0.9665312691038775,
        0.8966930841710028,
        1.050820615089816
    ]
}