{
    "0": [
        0.6222222222222222,
        0.9302325581395349,
        0.3404255319148936,
        1.6132331742075192,
        0.8447552001712682,
        1.2316190464924501
    ],
    "1": [
        0.5,
        0.24489795918367346,
        0.8048780487804879,
        1.0206158357421566,
        0.8993958574636876,
        1.0897668882566307
    ],
    "2": [
        0.4666666666666667,
        0.7894736842105263,
        0.23076923076923078,
        0.8727540022342963,
        0.8967653668208868,
        1.085465458606541
    ],
    "3": [
        0.6555555555555556,
        0.6136363636363636,
        0.6956521739130435,
        1.0301565920367175,
        0.9336788081825143,
        1.0404580926767923
    ],
    "4": [
        0.37777777777777777,
        1.0,
        0.034482758620689655,
        0.5465271912152924,
        0.8671511307639452,
        1.1172803093662986
    ],
    "5": [
        0.37777777777777777,
        0.26229508196721313,
        0.6206896551724138,
        1.0602117102984365,
        0.9510629311205345,
        1.0338337391099
    ],
    "6": [
        0.4888888888888889,
        0.4915254237288136,
        0.4838709677419355,
        0.8971240262382384,
        0.8575783994845456,
        1.1270765377324055
    ],
    "7": [
        0.5333333333333333,
        0.38235294117647056,
        0.625,
        0.7473450410610104,
        0.8860396298987725,
        1.0551183010109986
    ],
    "8": [
        0.43333333333333335,
        0.4634146341463415,
        0.40816326530612246,
        1.0173377591513812,
        0.9517746306255636,
        1.0996684803621701
    ],
    "9": [
        0.4444444444444444,
        0.41509433962264153,
        0.4864864864864865,
        0.7706553849662575,
        0.9302193023206287,
        1.0475966430219024
    ],
    "10": [
        0.4666666666666667,
        0.7608695652173914,
        0.1590909090909091,
        1.1820052483674008,
        0.9135810102599939,
        1.1272836103363235
    ],
    "11": [
        0.6111111111111112,
        0.9821428571428571,
        0.0,
        1.1728125314903153,
        0.8966930841710028,
        1.0761464979382598
    ]
}