{
    "0": [
        0.5555555555555556,
        0.9767441860465116,
        0.1702127659574468,
        1.2619555877331743,
        0.8428994816087272,
        1.2316190464924501
    ],
    "1": [
        0.5,
        0.5918367346938775,
        0.3902439024390244,
        1.1780230212041127,
        0.8976005373352774,
        1.1422964360284107
    ],
    "2": [
        0.4222222222222222,
        1.0,
        0.0,
        0.7636991557977252,
        0.8967653668208868,
        1.0921731396767407
    ],
    "3": [
        0.5111111111111111,
        0.20454545454545456,
        0.8043478260869565,
        0.951257415026381,
        0.9336788081825143,
        1.0404580926767923
    ],
    "4": [
        0.5,
        0.78125,
        0.3448275862068966,
        0.510084240072871,
        0.8671511307639452,
        1.0729698336752207
    ],
    "5": [
        0.32222222222222224,
        0.26229508196721313,
        0.4482758620689655,
        1.0505613635784563,
        0.9510629311205345,
        1.0353789874767925
    ],
    "6": [
        0.6444444444444445,
        0.9830508474576272,
        0.0,
        1.729971393639728,
        0.8575783994845456,
        1.1305789178140042
    ],
    "7": [
        0.6333333333333333,
        0.20588235294117646,
        0.8928571428571429,
        0.9632172074931289,
        0.9571006275599473,
        1.0551183010109986
    ],
    "8": [
        0.5111111111111111,
        0.34146341463414637,
        0.6530612244897959,
        0.9906831248104536,
        0.951386072544974,
        1.0518116263863733
    ],
    "9": [
        0.5777777777777777,
        0.7547169811320755,
        0.32432432432432434,
        1.2444126980837067,
        0.9399775357549068,
        1.1823974075935249
    ],
    "10": [
        0.45555555555555555,
        0.6304347826086957,
        0.2727272727272727,
        1.1560840922016933,
        0.9372473116814342,
        1.1272836103363235
    ],
    "11": [
        0.5666666666666667,
        0.5535714285714286,
        0.5882352941176471,
        1.060955659140834,
        0.9398616925512996,
        1.048539817428495
    ]
}