{
    "0": [
        0.6333333333333333,
        0.9302325581395349,
        0.3617021276595745,
        1.5821365600113668,
        0.8447552001712682,
        1.2316190464924501
    ],
    "1": [
        0.4666666666666667,
        0.42857142857142855,
        0.5121951219512195,
        0.7955360540184212,
        0.8976005373352774,
        1.0897668882566307
    ],
    "2": [
        0.45555555555555555,
        0.8157894736842105,
        0.19230769230769232,
        0.9051177702886477,
        0.8967653668208868,
        1.0921731396767407
    ],
    "3": [
        0.5666666666666667,
        0.20454545454545456,
        0.9130434782608695,
        0.9680251931668312,
        0.9336788081825143,
        1.0404580926767923
    ],
    "4": [
        0.4777777777777778,
        0.25,
        0.603448275862069,
        0.7938926219115033,
        0.8671511307639452,
        1.061218017325207
    ],
    "5": [
        0.37777777777777777,
        0.36065573770491804,
        0.41379310344827586,
        1.1205542086583802,
        0.9510629311205345,
        1.0353789874767925
    ],
    "6": [
        0.5,
        0.3389830508474576,
        0.8064516129032258,
        1.255215055099984,
        0.9575004920265803,
        1.1305789178140042
    ],
    "7": [
        0.5444444444444444,
        0.6176470588235294,
        0.5,
        1.2702482103900326,
        0.9289094236928562,
        1.1545703884307477
    ],
    "8": [
        0.4777777777777778,
        0.34146341463414637,
        0.5918367346938775,
        0.9879357796261704,
        0.9539722791134384,
        1.0996684803621701
    ],
    "9": [
        0.5666666666666667,
        0.6792452830188679,
        0.40540540540540543,
        1.463492930822415,
        0.9302193023206287,
        1.1823974075935249
    ],
    "10": [
        0.4777777777777778,
        0.8695652173913043,
        0.06818181818181818,
        1.25656026332632,
        0.9135810102599939,
        1.1272836103363235
    ],
    "11": [
        0.5,
        0.44642857142857145,
        0.5882352941176471,
        1.0347329940825123,
        0.9564820017436121,
        1.048539817428495
    ]
}