{
    "0": [
        0.4777777777777778,
        1.0,
        0.0,
        1.0811403744503039,
        0.8428994816087272,
        1.2316190464924501
    ],
    "1": [
        0.45555555555555555,
        0.7755102040816326,
        0.07317073170731707,
        1.0208592310386186,
        0.8976005373352774,
        1.1422964360284107
    ],
    "2": [
        0.4111111111111111,
        0.5,
        0.34615384615384615,
        0.8846819076692434,
        0.9360634122815932,
        1.0921731396767407
    ],
    "3": [
        0.6666666666666666,
        0.5,
        0.8260869565217391,
        1.0170462732687788,
        0.9336788081825143,
        1.0404580926767923
    ],
    "4": [
        0.4444444444444444,
        1.0,
        0.13793103448275862,
        0.6188005765851956,
        0.8671511307639452,
        1.1172803093662986
    ],
    "5": [
        0.5777777777777777,
        0.6885245901639344,
        0.3448275862068966,
        1.4842909312600026,
        0.9201515999964976,
        1.1754155175665129
    ],
    "6": [
        0.5444444444444444,
        0.6101694915254238,
        0.41935483870967744,
        0.9755411599320704,
        0.8575783994845456,
        1.1270765377324055
    ],
    "7": [
        0.5111111111111111,
        0.5294117647058824,
        0.5,
        1.0034805103603088,
        0.9213085471592081,
        1.1545703884307477
    ],
    "8": [
        0.45555555555555555,
        0.4878048780487805,
        0.42857142857142855,
        1.0578896488461387,
        0.9539722791134384,
        1.0996684803621701
    ],
    "9": [
        0.45555555555555555,
        0.4528301886792453,
        0.4594594594594595,
        0.9623276576982803,
        0.9441287787096084,
        1.0695539808017047
    ],
    "10": [
        0.5,
        0.9347826086956522,
        0.045454545454545456,
        1.2449399035071682,
        0.9135810102599939,
        1.1272836103363235
    ],
    "11": [
        0.6,
        0.9642857142857143,
        0.0,
        1.1850169780007684,
        0.8966930841710028,
        1.0761464979382598
    ]
}