{
    "0": [
        0.5555555555555556,
        0.8333333333333334,
        0.23809523809523808,
        1.788791288411652,
        0.8447552001712682,
        1.2316190464924501
    ],
    "1": [
        0.5555555555555556,
        0.5208333333333334,
        0.5952380952380952,
        1.3565393676164796,
        0.8976005373352774,
        1.1422964360284107
    ],
    "2": [
        0.5,
        0.8723404255319149,
        0.09302325581395349,
        0.8101980053958998,
        0.8967653668208868,
        1.0921731396767407
    ],
    "3": [
        0.5222222222222223,
        0.5333333333333333,
        0.5111111111111111,
        1.1181034950446191,
        0.9641825459408555,
        1.0404580926767923
    ],
    "4": [
        0.4,
        0.42857142857142855,
        0.375,
        0.5563255426524869,
        0.8671511307639452,
        1.0729698336752207
    ],
    "5": [
        0.37777777777777777,
        0.15789473684210525,
        0.7575757575757576,
        1.1116851475916978,
        0.9780040625231602,
        1.0767682140985009
    ],
    "6": [
        0.5666666666666667,
        0.9615384615384616,
        0.02631578947368421,
        1.650661269101883,
        0.8575783994845456,
        1.1305789178140042
    ],
    "7": [
        0.4888888888888889,
        0.925,
        0.14,
        0.994580254640889,
        0.8860396298987725,
        1.1545703884307477
    ],
    "8": [
        0.5111111111111111,
        0.5121951219512195,
        0.5102040816326531,
        1.0158750615362677,
        0.951386072544974,
        1.0833847541861696
    ],
    "9": [
        0.5111111111111111,
        0.1,
        0.84,
        0.9605393753428069,
        0.9399775357549068,
        1.0344165593085235
    ],
    "10": [
        0.4888888888888889,
        0.5531914893617021,
        0.4186046511627907,
        1.0815104540417595,
        0.9135810102599939,
        1.0759544369374359
    ],
    "11": [
        0.5555555555555556,
        0.7454545454545455,
        0.2571428571428571,
        1.2544894222058458,
        0.8966930841710028,
        1.112765044031118
    ]
}