{
    "0": [
        0.5555555555555556,
        0.8958333333333334,
        0.16666666666666666,
        1.5543884576038292,
        0.8447552001712682,
        1.2316190464924501
    ],
    "1": [
        0.5111111111111111,
        0.5,
        0.5238095238095238,
        1.1694443861511308,
        0.8976005373352774,
        1.1422964360284107
    ],
    "2": [
        0.4888888888888889,
        0.3404255319148936,
        0.6511627906976745,
        1.0625138041938358,
        0.9380556815520376,
        1.0921731396767407
    ],
    "3": [
        0.4777777777777778,
        0.5555555555555556,
        0.4,
        1.086755612127276,
        0.9489630275408387,
        1.0497484108008053
    ],
    "4": [
        0.5444444444444444,
        0.47619047619047616,
        0.6041666666666666,
        0.7634130037312192,
        0.8935441597545427,
        1.1026824909934292
    ],
    "5": [
        0.6333333333333333,
        1.0,
        0.0,
        1.560999435928594,
        0.9201515999964976,
        1.1754155175665129
    ],
    "6": [
        0.4888888888888889,
        0.5961538461538461,
        0.34210526315789475,
        1.0474414791254363,
        0.8707473242818813,
        1.1057205155711587
    ],
    "7": [
        0.5,
        0.875,
        0.2,
        1.0718995845709276,
        0.8860396298987725,
        1.1545703884307477
    ],
    "8": [
        0.4888888888888889,
        0.5853658536585366,
        0.40816326530612246,
        0.963336910919189,
        0.9517746306255636,
        1.0996684803621701
    ],
    "9": [
        0.5555555555555556,
        0.0,
        1.0,
        1,
        1,
        1
    ],
    "10": [
        0.4666666666666667,
        0.0851063829787234,
        0.8837209302325582,
        1.1012474034014612,
        0.9861434128561005,
        1.1272836103363235
    ],
    "11": [
        0.5111111111111111,
        0.7090909090909091,
        0.2,
        1.1711995177320509,
        0.8966930841710028,
        1.112765044031118
    ]
}