{
    "0": [
        0.5333333333333333,
        0.7916666666666666,
        0.23809523809523808,
        1.5821365600113668,
        0.8447552001712682,
        1.2316190464924501
    ],
    "1": [
        0.5444444444444444,
        0.6875,
        0.38095238095238093,
        1.5354167843698512,
        0.8976005373352774,
        1.1422964360284107
    ],
    "2": [
        0.5444444444444444,
        0.8085106382978723,
        0.2558139534883721,
        0.8359858849205418,
        0.9029473490481763,
        1.0921731396767407
    ],
    "3": [
        0.4777777777777778,
        0.7333333333333333,
        0.2222222222222222,
        0.8948240697872615,
        0.9261302404034122,
        1.0415837032379744
    ],
    "4": [
        0.45555555555555555,
        0.8571428571428571,
        0.10416666666666667,
        0.6174021483783906,
        0.8671511307639452,
        1.1172803093662986
    ],
    "5": [
        0.37777777777777777,
        0.05263157894736842,
        0.9393939393939394,
        1.006329311774973,
        0.9938018974196199,
        1.0126995879228275
    ],
    "6": [
        0.5888888888888889,
        1.0,
        0.02631578947368421,
        1.5615099599431905,
        0.8575783994845456,
        1.1305789178140042
    ],
    "7": [
        0.45555555555555555,
        0.8,
        0.18,
        1.035730736037071,
        0.9213085471592081,
        1.1545703884307477
    ],
    "8": [
        0.4777777777777778,
        0.36585365853658536,
        0.5714285714285714,
        0.9618962235833523,
        0.968394897809205,
        1.0510177227494786
    ],
    "9": [
        0.4222222222222222,
        0.575,
        0.3,
        0.9365603292559473,
        0.614238250602748,
        1.1823974075935249
    ],
    "10": [
        0.4888888888888889,
        0.8085106382978723,
        0.13953488372093023,
        1.0526089948276784,
        0.9135810102599939,
        1.078811281340542
    ],
    "11": [
        0.4222222222222222,
        0.2545454545454545,
        0.6857142857142857,
        1.162639780593715,
        0.8966930841710028,
        1.112765044031118
    ]
}