{
    "0": [
        0.5444444444444444,
        0.8125,
        0.23809523809523808,
        1.6132331742075192,
        0.8447552001712682,
        1.2316190464924501
    ],
    "1": [
        0.5666666666666667,
        0.6458333333333334,
        0.47619047619047616,
        1.3933489261997731,
        0.8976005373352774,
        1.1422964360284107
    ],
    "2": [
        0.6111111111111112,
        0.8085106382978723,
        0.3953488372093023,
        1.0900116666889537,
        0.8967653668208868,
        1.0921731396767407
    ],
    "3": [
        0.4777777777777778,
        0.5333333333333333,
        0.4222222222222222,
        0.8921503393179814,
        0.9261302404034122,
        1.0415837032379744
    ],
    "4": [
        0.5444444444444444,
        0.40476190476190477,
        0.6666666666666666,
        0.8849961352041784,
        0.8935441597545427,
        1.1172803093662986
    ],
    "5": [
        0.5777777777777777,
        0.7719298245614035,
        0.24242424242424243,
        1.5154284266906963,
        0.9510629311205345,
        1.1754155175665129
    ],
    "6": [
        0.5777777777777777,
        0.9423076923076923,
        0.07894736842105263,
        1.7115151518956748,
        0.8575783994845456,
        1.1305789178140042
    ],
    "7": [
        0.5111111111111111,
        0.625,
        0.42,
        1.0143798693725852,
        0.9289094236928562,
        1.0761582023758802
    ],
    "8": [
        0.5111111111111111,
        0.5121951219512195,
        0.5102040816326531,
        0.9237437399975852,
        0.951386072544974,
        1.0833847541861696
    ],
    "9": [
        0.5,
        0.875,
        0.2,
        0.8202827320673418,
        0.614238250602748,
        1.1823974075935249
    ],
    "10": [
        0.5222222222222223,
        0.7446808510638298,
        0.27906976744186046,
        1.2183898112360432,
        0.9372473116814342,
        1.1272836103363235
    ],
    "11": [
        0.5222222222222223,
        0.5818181818181818,
        0.42857142857142855,
        1.1777544417767083,
        0.8966930841710028,
        1.112765044031118
    ]
}