{
    "0": [
        0.5444444444444444,
        1.0,
        0.023809523809523808,
        1.0665451873021368,
        0.8428994816087272,
        1.2316190464924501
    ],
    "1": [
        0.45555555555555555,
        0.125,
        0.8333333333333334,
        1.2015655331612827,
        0.8993958574636876,
        1.1131882542126519
    ],
    "2": [
        0.5333333333333333,
        1.0,
        0.023255813953488372,
        0.7575948240872213,
        0.8967653668208868,
        1.0921731396767407
    ],
    "3": [
        0.4666666666666667,
        0.6,
        0.3333333333333333,
        1.0213455956166912,
        0.9489630275408387,
        1.0324221310424897
    ],
    "4": [
        0.5888888888888889,
        0.5476190476190477,
        0.625,
        0.9172651097295739,
        0.911807536373567,
        1.1172803093662986
    ],
    "5": [
        0.4,
        0.19298245614035087,
        0.7575757575757576,
        1.1175826560508166,
        0.9780040625231602,
        1.0767682140985009
    ],
    "6": [
        0.5777777777777777,
        1.0,
        0.0,
        1.7484607719202154,
        0.8575783994845456,
        1.1305789178140042
    ],
    "7": [
        0.5,
        0.6,
        0.42,
        0.9430004210273077,
        0.8860396298987725,
        1.1545703884307477
    ],
    "8": [
        0.5,
        0.4878048780487805,
        0.5102040816326531,
        0.8397182942716896,
        0.951386072544974,
        1.0518116263863733
    ],
    "9": [
        0.5222222222222223,
        0.4,
        0.62,
        0.9608681764889576,
        0.9441287787096084,
        1.0475966430219024
    ],
    "10": [
        0.45555555555555555,
        0.44680851063829785,
        0.46511627906976744,
        1.1298613527239227,
        0.9667946645033947,
        1.1272836103363235
    ],
    "11": [
        0.5666666666666667,
        0.8363636363636363,
        0.14285714285714285,
        1.2561932471347628,
        0.8966930841710028,
        1.112765044031118
    ]
}