{
    "0": [
        0.5444444444444444,
        0.8125,
        0.23809523809523808,
        1.6132331742075192,
        0.8447552001712682,
        1.2316190464924501
    ],
    "1": [
        0.5222222222222223,
        0.3541666666666667,
        0.7142857142857143,
        1.01424627615093,
        0.9068769836662509,
        1.0897668882566307
    ],
    "2": [
        0.4777777777777778,
        0.5319148936170213,
        0.4186046511627907,
        0.8613301260735338,
        0.8967653668208868,
        1.085465458606541
    ],
    "3": [
        0.5444444444444444,
        0.6666666666666666,
        0.4222222222222222,
        1.0650974587688224,
        0.9261302404034122,
        1.0497484108008053
    ],
    "4": [
        0.5111111111111111,
        0.7857142857142857,
        0.2708333333333333,
        0.7838698931919258,
        0.8935441597545427,
        1.1172803093662986
    ],
    "5": [
        0.4,
        0.17543859649122806,
        0.7878787878787878,
        1.0717651917651305,
        0.981492462634456,
        1.0767682140985009
    ],
    "6": [
        0.3888888888888889,
        0.038461538461538464,
        0.868421052631579,
        0.9323708983196974,
        0.9575004920265803,
        1.0106876786220071
    ],
    "7": [
        0.5,
        0.475,
        0.52,
        1.125473603793399,
        0.8860396298987725,
        1.1545703884307477
    ],
    "8": [
        0.5111111111111111,
        0.5609756097560976,
        0.46938775510204084,
        1.0660517946127908,
        0.951386072544974,
        1.0833847541861696
    ],
    "9": [
        0.5111111111111111,
        0.325,
        0.66,
        0.889817292219176,
        0.9102666786883837,
        1.0695539808017047
    ],
    "10": [
        0.4666666666666667,
        0.7021276595744681,
        0.20930232558139536,
        1.250302082265932,
        0.9372473116814342,
        1.1272836103363235
    ],
    "11": [
        0.5333333333333333,
        0.6727272727272727,
        0.3142857142857143,
        1.0133757580781138,
        0.8966930841710028,
        1.0761464979382598
    ]
}