{
    "0": [
        0.5666666666666667,
        0.8541666666666666,
        0.23809523809523808,
        1.6054449924178846,
        0.8447552001712682,
        1.2316190464924501
    ],
    "1": [
        0.5333333333333333,
        0.625,
        0.42857142857142855,
        1.269626621693517,
        0.8976005373352774,
        1.1422964360284107
    ],
    "2": [
        0.4111111111111111,
        0.425531914893617,
        0.3953488372093023,
        0.7921784230014489,
        0.9360634122815932,
        1.0921731396767407
    ],
    "3": [
        0.5222222222222223,
        0.7111111111111111,
        0.3333333333333333,
        0.9662943884174104,
        0.9416399759588683,
        1.0497484108008053
    ],
    "4": [
        0.5,
        0.5238095238095238,
        0.4791666666666667,
        0.697814919281051,
        0.8671511307639452,
        1.0729698336752207
    ],
    "5": [
        0.5777777777777777,
        0.9122807017543859,
        0.0,
        1.5679854719348374,
        0.9201515999964976,
        1.1754155175665129
    ],
    "6": [
        0.5333333333333333,
        0.40384615384615385,
        0.7105263157894737,
        1.857908988045266,
        0.9575004920265803,
        1.1305789178140042
    ],
    "7": [
        0.4666666666666667,
        0.625,
        0.34,
        0.8054272273939069,
        0.8860396298987725,
        1.0761582023758802
    ],
    "8": [
        0.4444444444444444,
        0.8536585365853658,
        0.10204081632653061,
        0.8931181050655416,
        0.951386072544974,
        1.0996684803621701
    ],
    "9": [
        0.5,
        0.575,
        0.44,
        0.97908862367778,
        0.9399775357549068,
        1.0695539808017047
    ],
    "10": [
        0.43333333333333335,
        0.40425531914893614,
        0.46511627906976744,
        1.0148880730840038,
        0.9667946645033947,
        1.0374015309655582
    ],
    "11": [
        0.5333333333333333,
        0.509090909090909,
        0.5714285714285714,
        1.209906377704034,
        0.9564820017436121,
        1.112765044031118
    ]
}