{
    "0": [
        0.5777777777777777,
        0.8333333333333334,
        0.2857142857142857,
        1.7933857269187854,
        0.8447552001712682,
        1.2316190464924501
    ],
    "1": [
        0.5888888888888889,
        0.8958333333333334,
        0.23809523809523808,
        1.3703680629211707,
        0.8976005373352774,
        1.1422964360284107
    ],
    "2": [
        0.5222222222222223,
        0.9787234042553191,
        0.023255813953488372,
        0.7492455742074019,
        0.8967653668208868,
        1.0921731396767407
    ],
    "3": [
        0.5222222222222223,
        0.7777777777777778,
        0.26666666666666666,
        1.1193287457152583,
        0.9489630275408387,
        1.0497484108008053
    ],
    "4": [
        0.4666666666666667,
        0.9285714285714286,
        0.0625,
        0.5910538427209112,
        0.8671511307639452,
        1.1172803093662986
    ],
    "5": [
        0.5,
        0.5263157894736842,
        0.45454545454545453,
        1.1523740417099586,
        0.9201515999964976,
        1.0767682140985009
    ],
    "6": [
        0.5888888888888889,
        0.5961538461538461,
        0.5789473684210527,
        1.9377248506508653,
        0.930098717169988,
        1.1305789178140042
    ],
    "7": [
        0.5111111111111111,
        0.375,
        0.62,
        0.9010166015888093,
        0.8860396298987725,
        1.0551183010109986
    ],
    "8": [
        0.4777777777777778,
        0.36585365853658536,
        0.5714285714285714,
        0.9103572545480082,
        0.951386072544974,
        1.0510177227494786
    ],
    "9": [
        0.45555555555555555,
        0.525,
        0.4,
        0.8634872141323907,
        0.614238250602748,
        1.1823974075935249
    ],
    "10": [
        0.5444444444444444,
        0.8723404255319149,
        0.18604651162790697,
        1.1655246837153814,
        0.9372473116814342,
        1.1272836103363235
    ],
    "11": [
        0.5444444444444444,
        0.8363636363636363,
        0.08571428571428572,
        1.2719277068391146,
        0.8966930841710028,
        1.112765044031118
    ]
}