{
    "0": [
        0.5222222222222223,
        0.2708333333333333,
        0.8095238095238095,
        1.0573403199804559,
        0.8447552001712682,
        1.1174880511602239
    ],
    "1": [
        0.5111111111111111,
        0.25,
        0.8095238095238095,
        1.2208031690260557,
        0.9068769836662509,
        1.0897668882566307
    ],
    "2": [
        0.4666666666666667,
        0.2765957446808511,
        0.6744186046511628,
        1.0313253136092164,
        0.9380556815520376,
        1.0921731396767407
    ],
    "3": [
        0.5111111111111111,
        0.7777777777777778,
        0.24444444444444444,
        1.0365590424366555,
        0.9489630275408387,
        1.0497484108008053
    ],
    "4": [
        0.45555555555555555,
        0.9761904761904762,
        0.0,
        0.5427730956881756,
        0.8671511307639452,
        1.1172803093662986
    ],
    "5": [
        0.5444444444444444,
        0.7017543859649122,
        0.2727272727272727,
        1.496752967510601,
        0.9201515999964976,
        1.1754155175665129
    ],
    "6": [
        0.5666666666666667,
        0.9807692307692307,
        0.0,
        1.7555970708388828,
        0.8575783994845456,
        1.1305789178140042
    ],
    "7": [
        0.4666666666666667,
        0.975,
        0.06,
        0.9557801788542502,
        0.8860396298987725,
        1.1545703884307477
    ],
    "8": [
        0.4666666666666667,
        0.8536585365853658,
        0.14285714285714285,
        1.079046844602618,
        0.951386072544974,
        1.0996684803621701
    ],
    "9": [
        0.4888888888888889,
        0.825,
        0.22,
        1.1143673497479971,
        0.9399775357549068,
        1.1025624992932657
    ],
    "10": [
        0.5111111111111111,
        0.9574468085106383,
        0.023255813953488372,
        1.0945663070751452,
        0.9135810102599939,
        1.078811281340542
    ],
    "11": [
        0.5333333333333333,
        0.6545454545454545,
        0.34285714285714286,
        1.1983076641912445,
        0.8966930841710028,
        1.112765044031118
    ]
}