{
    "0": [
        0.6,
        0.6666666666666666,
        0.5238095238095238,
        1.4544577018623344,
        0.8447552001712682,
        1.1893653052104987
    ],
    "1": [
        0.5,
        0.20833333333333334,
        0.8333333333333334,
        1.16517274689447,
        0.9314456550854134,
        1.0897668882566307
    ],
    "2": [
        0.5333333333333333,
        0.7446808510638298,
        0.3023255813953488,
        0.924566678141577,
        0.8967653668208868,
        1.085465458606541
    ],
    "3": [
        0.5444444444444444,
        0.6888888888888889,
        0.4,
        1.178556595407769,
        0.9641825459408555,
        1.0404580926767923
    ],
    "4": [
        0.4777777777777778,
        0.5714285714285714,
        0.3958333333333333,
        0.6935139927373652,
        0.8671511307639452,
        1.0729698336752207
    ],
    "5": [
        0.6111111111111112,
        0.9122807017543859,
        0.09090909090909091,
        1.525044464428249,
        0.9201515999964976,
        1.1754155175665129
    ],
    "6": [
        0.5444444444444444,
        0.5,
        0.6052631578947368,
        1.8115465988584427,
        0.9575004920265803,
        1.1305789178140042
    ],
    "7": [
        0.43333333333333335,
        0.45,
        0.42,
        0.6648830460826541,
        0.8860396298987725,
        1.0761582023758802
    ],
    "8": [
        0.4777777777777778,
        0.43902439024390244,
        0.5102040816326531,
        0.9711534134728912,
        0.9517746306255636,
        1.0996684803621701
    ],
    "9": [
        0.5444444444444444,
        0.325,
        0.72,
        0.8515522049190403,
        0.614238250602748,
        1.1823974075935249
    ],
    "10": [
        0.5,
        0.851063829787234,
        0.11627906976744186,
        1.2030376325208303,
        0.9135810102599939,
        1.1272836103363235
    ],
    "11": [
        0.6,
        0.5636363636363636,
        0.6571428571428571,
        1.1904795714360805,
        0.8966930841710028,
        1.112765044031118
    ]
}