{
    "0": [
        0.5555555555555556,
        0.9375,
        0.11904761904761904,
        1.022765494385413,
        0.8428994816087272,
        1.2316190464924501
    ],
    "1": [
        0.5333333333333333,
        1.0,
        0.0,
        1.2368427783198614,
        0.8976005373352774,
        1.1422964360284107
    ],
    "2": [
        0.5222222222222223,
        1.0,
        0.0,
        0.7636991557977252,
        0.8967653668208868,
        1.0921731396767407
    ],
    "3": [
        0.5,
        0.8888888888888888,
        0.1111111111111111,
        1.1615231709959575,
        0.9336788081825143,
        1.0497484108008053
    ],
    "4": [
        0.4666666666666667,
        0.6190476190476191,
        0.3333333333333333,
        0.6913376467043574,
        0.8671511307639452,
        1.1172803093662986
    ],
    "5": [
        0.4111111111111111,
        0.22807017543859648,
        0.7272727272727273,
        1.1253838020267304,
        0.981492462634456,
        1.0767682140985009
    ],
    "6": [
        0.5777777777777777,
        1.0,
        0.0,
        1.7484607719202154,
        0.8575783994845456,
        1.1305789178140042
    ],
    "7": [
        0.4444444444444444,
        0.725,
        0.22,
        1.0580836653650292,
        0.9213085471592081,
        1.1545703884307477
    ],
    "8": [
        0.4666666666666667,
        0.8780487804878049,
        0.12244897959183673,
        0.9466240215941055,
        0.951386072544974,
        1.0996684803621701
    ],
    "9": [
        0.43333333333333335,
        0.975,
        0.0,
        0.8345962813563033,
        0.614238250602748,
        1.1823974075935249
    ],
    "10": [
        0.45555555555555555,
        0.3191489361702128,
        0.6046511627906976,
        1.174619949488156,
        0.9667946645033947,
        1.1272836103363235
    ],
    "11": [
        0.5777777777777777,
        0.7636363636363637,
        0.2857142857142857,
        1.2732618403047444,
        0.8966930841710028,
        1.112765044031118
    ]
}