{
    "0": [
        0.45555555555555555,
        0.0625,
        0.9047619047619048,
        0.7953699657297286,
        0.8447552001712682,
        1.1174880511602239
    ],
    "1": [
        0.5222222222222223,
        0.9791666666666666,
        0.0,
        1.1719703074903927,
        0.8976005373352774,
        1.1422964360284107
    ],
    "2": [
        0.5444444444444444,
        1.0,
        0.046511627906976744,
        0.7543110640165125,
        0.8967653668208868,
        1.0921731396767407
    ],
    "3": [
        0.5333333333333333,
        1.0,
        0.06666666666666667,
        0.9491877609295042,
        0.9261302404034122,
        1.0497484108008053
    ],
    "4": [
        0.43333333333333335,
        0.9285714285714286,
        0.0,
        0.5507631907875191,
        0.8671511307639452,
        1.1172803093662986
    ],
    "5": [
        0.6111111111111112,
        0.9473684210526315,
        0.030303030303030304,
        1.570932142928253,
        0.9201515999964976,
        1.1754155175665129
    ],
    "6": [
        0.5777777777777777,
        1.0,
        0.0,
        1.7484607719202154,
        0.8575783994845456,
        1.1305789178140042
    ],
    "7": [
        0.45555555555555555,
        0.875,
        0.12,
        0.9993591118194854,
        0.8860396298987725,
        1.1545703884307477
    ],
    "8": [
        0.4888888888888889,
        0.7317073170731707,
        0.2857142857142857,
        0.9207296459733769,
        0.9517746306255636,
        1.0996684803621701
    ],
    "9": [
        0.4888888888888889,
        0.925,
        0.14,
        0.8991558457831328,
        0.614238250602748,
        1.1823974075935249
    ],
    "10": [
        0.45555555555555555,
        0.3617021276595745,
        0.5581395348837209,
        1.1286048115703462,
        0.9667946645033947,
        1.1272836103363235
    ],
    "11": [
        0.6111111111111112,
        0.9818181818181818,
        0.02857142857142857,
        1.3139055400035444,
        0.8966930841710028,
        1.112765044031118
    ]
}