{
    "0": [
        0.5444444444444444,
        0.625,
        0.4523809523809524,
        1.9043959862861184,
        0.9034652714751406,
        1.2316190464924501
    ],
    "1": [
        0.5333333333333333,
        1.0,
        0.0,
        1.2368427783198614,
        0.8976005373352774,
        1.1422964360284107
    ],
    "2": [
        0.4888888888888889,
        0.9361702127659575,
        0.0,
        0.8005676274187172,
        0.8967653668208868,
        1.0921731396767407
    ],
    "3": [
        0.5111111111111111,
        0.8888888888888888,
        0.13333333333333333,
        1.0012977885338372,
        0.9261302404034122,
        1.0497484108008053
    ],
    "4": [
        0.5222222222222223,
        0.5238095238095238,
        0.5208333333333334,
        0.6900885655853167,
        0.8671511307639452,
        1.1172803093662986
    ],
    "5": [
        0.4888888888888889,
        0.45614035087719296,
        0.5454545454545454,
        1.2772698477319833,
        0.9201515999964976,
        1.1754155175665129
    ],
    "6": [
        0.5777777777777777,
        1.0,
        0.0,
        1.7484607719202154,
        0.8575783994845456,
        1.1305789178140042
    ],
    "7": [
        0.43333333333333335,
        0.75,
        0.18,
        1.089125390933083,
        0.8860396298987725,
        1.1545703884307477
    ],
    "8": [
        0.4444444444444444,
        0.926829268292683,
        0.04081632653061224,
        1.0359024851992638,
        0.951386072544974,
        1.0996684803621701
    ],
    "9": [
        0.43333333333333335,
        0.975,
        0.0,
        0.8345962813563033,
        0.614238250602748,
        1.1823974075935249
    ],
    "10": [
        0.5111111111111111,
        0.23404255319148937,
        0.813953488372093,
        1.1515659218578436,
        0.9667946645033947,
        1.1272836103363235
    ],
    "11": [
        0.6222222222222222,
        0.9272727272727272,
        0.14285714285714285,
        1.2992685600048826,
        0.8966930841710028,
        1.112765044031118
    ]
}