{
    "0": [
        0.5666666666666667,
        0.6041666666666666,
        0.5238095238095238,
        1.5581871455978045,
        0.8447552001712682,
        1.2316190464924501
    ],
    "1": [
        0.5333333333333333,
        0.9583333333333334,
        0.047619047619047616,
        1.1161345227032158,
        0.8976005373352774,
        1.1422964360284107
    ],
    "2": [
        0.5222222222222223,
        1.0,
        0.0,
        0.7636991557977252,
        0.8967653668208868,
        1.0921731396767407
    ],
    "3": [
        0.5222222222222223,
        1.0,
        0.044444444444444446,
        0.9528567005913642,
        0.9261302404034122,
        1.0497484108008053
    ],
    "4": [
        0.5333333333333333,
        0.5952380952380952,
        0.4791666666666667,
        0.7007189186835382,
        0.8671511307639452,
        1.1172803093662986
    ],
    "5": [
        0.5222222222222223,
        0.7368421052631579,
        0.15151515151515152,
        1.5629510056279454,
        0.9201515999964976,
        1.1754155175665129
    ],
    "6": [
        0.5777777777777777,
        1.0,
        0.0,
        1.7484607719202154,
        0.8575783994845456,
        1.1305789178140042
    ],
    "7": [
        0.4444444444444444,
        0.875,
        0.1,
        1.0484925997238885,
        0.8860396298987725,
        1.1545703884307477
    ],
    "8": [
        0.4777777777777778,
        0.975609756097561,
        0.061224489795918366,
        0.9506051353562691,
        0.951386072544974,
        1.0996684803621701
    ],
    "9": [
        0.4444444444444444,
        1.0,
        0.0,
        0.8206880106893513,
        0.614238250602748,
        1.1823974075935249
    ],
    "10": [
        0.4444444444444444,
        0.3404255319148936,
        0.5581395348837209,
        1.187488270678812,
        0.9667946645033947,
        1.1272836103363235
    ],
    "11": [
        0.5333333333333333,
        0.6545454545454545,
        0.34285714285714286,
        1.2468820913824479,
        0.8966930841710028,
        1.112765044031118
    ]
}