{
    "0": [
        0.5,
        0.20833333333333334,
        0.8333333333333334,
        0.988188596461395,
        0.8447552001712682,
        1.1174880511602239
    ],
    "1": [
        0.5444444444444444,
        1.0,
        0.023809523809523808,
        1.124069213259363,
        0.8976005373352774,
        1.1422964360284107
    ],
    "2": [
        0.5333333333333333,
        1.0,
        0.023255813953488372,
        0.7575948240872213,
        0.8967653668208868,
        1.0921731396767407
    ],
    "3": [
        0.5,
        0.9777777777777777,
        0.022222222222222223,
        1.000265303774943,
        0.9261302404034122,
        1.0497484108008053
    ],
    "4": [
        0.45555555555555555,
        0.9523809523809523,
        0.020833333333333332,
        0.5539304252491521,
        0.8671511307639452,
        1.1172803093662986
    ],
    "5": [
        0.6222222222222222,
        0.9824561403508771,
        0.0,
        1.5720767846923165,
        0.9201515999964976,
        1.1754155175665129
    ],
    "6": [
        0.5777777777777777,
        1.0,
        0.0,
        1.7484607719202154,
        0.8575783994845456,
        1.1305789178140042
    ],
    "7": [
        0.4777777777777778,
        0.9,
        0.14,
        0.8914787394624034,
        0.8860396298987725,
        1.1545703884307477
    ],
    "8": [
        0.43333333333333335,
        0.6585365853658537,
        0.24489795918367346,
        0.9351020202665157,
        0.9517746306255636,
        1.0996684803621701
    ],
    "9": [
        0.4444444444444444,
        1.0,
        0.0,
        0.8206880106893513,
        0.614238250602748,
        1.1823974075935249
    ],
    "10": [
        0.4666666666666667,
        0.3404255319148936,
        0.6046511627906976,
        1.1554220126551016,
        0.9667946645033947,
        1.1272836103363235
    ],
    "11": [
        0.6111111111111112,
        1.0,
        0.0,
        1.305064788244068,
        0.8966930841710028,
        1.112765044031118
    ]
}