{
    "0": [
        0.5444444444444444,
        0.3125,
        0.8095238095238095,
        1.06599752065107,
        0.9237196231755173,
        1.1174880511602239
    ],
    "1": [
        0.5333333333333333,
        1.0,
        0.0,
        1.2368427783198614,
        0.8976005373352774,
        1.1422964360284107
    ],
    "2": [
        0.5444444444444444,
        1.0,
        0.046511627906976744,
        0.8093413481898989,
        0.8967653668208868,
        1.0921731396767407
    ],
    "3": [
        0.4444444444444444,
        0.7777777777777778,
        0.1111111111111111,
        0.9012550777651589,
        0.9261302404034122,
        1.0415837032379744
    ],
    "4": [
        0.5,
        0.5,
        0.5,
        0.7295717388586667,
        0.8671511307639452,
        1.1172803093662986
    ],
    "5": [
        0.4888888888888889,
        0.5614035087719298,
        0.36363636363636365,
        1.336807965294555,
        0.9201515999964976,
        1.1754155175665129
    ],
    "6": [
        0.5444444444444444,
        0.8653846153846154,
        0.10526315789473684,
        1.8097112711108205,
        0.8575783994845456,
        1.1305789178140042
    ],
    "7": [
        0.4444444444444444,
        1.0,
        0.0,
        0.9067176888350073,
        0.8860396298987725,
        1.1545703884307477
    ],
    "8": [
        0.4666666666666667,
        1.0,
        0.02040816326530612,
        0.9694956126496903,
        0.951386072544974,
        1.0996684803621701
    ],
    "9": [
        0.4666666666666667,
        0.95,
        0.08,
        0.7865046965073277,
        0.614238250602748,
        1.1823974075935249
    ],
    "10": [
        0.4888888888888889,
        0.19148936170212766,
        0.813953488372093,
        1.1259983490135066,
        0.9667946645033947,
        1.1272836103363235
    ],
    "11": [
        0.6,
        0.9818181818181818,
        0.0,
        1.3489854443312088,
        0.8966930841710028,
        1.112765044031118
    ]
}