{
    "0": [
        0.4666666666666667,
        0.10416666666666667,
        0.8809523809523809,
        0.8748765303286158,
        0.9237196231755173,
        1.1174880511602239
    ],
    "1": [
        0.5333333333333333,
        1.0,
        0.0,
        1.2368427783198614,
        0.8976005373352774,
        1.1422964360284107
    ],
    "2": [
        0.5222222222222223,
        1.0,
        0.0,
        0.7636991557977252,
        0.8967653668208868,
        1.0921731396767407
    ],
    "3": [
        0.5,
        1.0,
        0.0,
        0.9151202954533555,
        0.9261302404034122,
        1.0497484108008053
    ],
    "4": [
        0.4666666666666667,
        0.5238095238095238,
        0.4166666666666667,
        0.799066658151748,
        0.8935441597545427,
        1.1172803093662986
    ],
    "5": [
        0.4222222222222222,
        0.3157894736842105,
        0.6060606060606061,
        1.1779668456297425,
        0.981492462634456,
        1.0767682140985009
    ],
    "6": [
        0.5777777777777777,
        1.0,
        0.0,
        1.7484607719202154,
        0.8575783994845456,
        1.1305789178140042
    ],
    "7": [
        0.4444444444444444,
        1.0,
        0.0,
        0.9067176888350073,
        0.8860396298987725,
        1.1545703884307477
    ],
    "8": [
        0.45555555555555555,
        0.6341463414634146,
        0.30612244897959184,
        0.9888157437459659,
        0.9517746306255636,
        1.0996684803621701
    ],
    "9": [
        0.4666666666666667,
        0.775,
        0.22,
        0.7724037490526466,
        0.614238250602748,
        1.1823974075935249
    ],
    "10": [
        0.4888888888888889,
        0.06382978723404255,
        0.9534883720930233,
        1.1229957367242203,
        0.9667946645033947,
        1.1272836103363235
    ],
    "11": [
        0.6111111111111112,
        1.0,
        0.0,
        1.305064788244068,
        0.8966930841710028,
        1.112765044031118
    ]
}