{
    "0": [
        0.45555555555555555,
        0.125,
        0.8333333333333334,
        0.7924612221398442,
        0.8447552001712682,
        1.1174880511602239
    ],
    "1": [
        0.5333333333333333,
        1.0,
        0.0,
        1.2368427783198614,
        0.8976005373352774,
        1.1422964360284107
    ],
    "2": [
        0.5333333333333333,
        1.0,
        0.023255813953488372,
        0.7575948240872213,
        0.8967653668208868,
        1.0921731396767407
    ],
    "3": [
        0.5,
        0.8222222222222222,
        0.17777777777777778,
        1.0682690472336647,
        0.9261302404034122,
        1.0497484108008053
    ],
    "4": [
        0.4666666666666667,
        0.8333333333333334,
        0.14583333333333334,
        0.6908787765937529,
        0.8671511307639452,
        1.1172803093662986
    ],
    "5": [
        0.4666666666666667,
        0.5614035087719298,
        0.30303030303030304,
        1.342155219672679,
        0.9201515999964976,
        1.1754155175665129
    ],
    "6": [
        0.5777777777777777,
        1.0,
        0.0,
        1.7484607719202154,
        0.8575783994845456,
        1.1305789178140042
    ],
    "7": [
        0.43333333333333335,
        0.9,
        0.06,
        0.8839909798287258,
        0.8860396298987725,
        1.1545703884307477
    ],
    "8": [
        0.45555555555555555,
        0.9512195121951219,
        0.04081632653061224,
        0.9650412606171437,
        0.951386072544974,
        1.0996684803621701
    ],
    "9": [
        0.45555555555555555,
        1.0,
        0.02,
        0.8035795305237028,
        0.614238250602748,
        1.1823974075935249
    ],
    "10": [
        0.5,
        0.3404255319148936,
        0.6744186046511628,
        1.193401197844063,
        0.9861434128561005,
        1.1272836103363235
    ],
    "11": [
        0.5444444444444444,
        0.8363636363636363,
        0.08571428571428572,
        1.2352348096577805,
        0.8966930841710028,
        1.112765044031118
    ]
}