{
    "0": [
        0.4444444444444444,
        0.020833333333333332,
        0.9285714285714286,
        0.7822414761249583,
        0.9237196231755173,
        1
    ],
    "1": [
        0.5333333333333333,
        1.0,
        0.0,
        1.2368427783198614,
        0.8976005373352774,
        1.1422964360284107
    ],
    "2": [
        0.5222222222222223,
        1.0,
        0.0,
        0.7636991557977252,
        0.8967653668208868,
        1.0921731396767407
    ],
    "3": [
        0.4888888888888889,
        0.9333333333333333,
        0.044444444444444446,
        0.9603606573454695,
        0.9261302404034122,
        1.0497484108008053
    ],
    "4": [
        0.4777777777777778,
        0.7857142857142857,
        0.20833333333333334,
        0.6632481028941846,
        0.8671511307639452,
        1.1172803093662986
    ],
    "5": [
        0.4,
        0.24561403508771928,
        0.6666666666666666,
        1.2151155844696169,
        0.9861612369586473,
        1.0767682140985009
    ],
    "6": [
        0.5777777777777777,
        1.0,
        0.0,
        1.7484607719202154,
        0.8575783994845456,
        1.1305789178140042
    ],
    "7": [
        0.4444444444444444,
        0.875,
        0.1,
        0.984749822261049,
        0.8860396298987725,
        1.1545703884307477
    ],
    "8": [
        0.4666666666666667,
        0.975609756097561,
        0.04081632653061224,
        1.0074289898848512,
        0.951386072544974,
        1.0996684803621701
    ],
    "9": [
        0.5,
        0.825,
        0.24,
        0.7384302309294218,
        0.614238250602748,
        1.1823974075935249
    ],
    "10": [
        0.4222222222222222,
        0.3617021276595745,
        0.4883720930232558,
        1.2611677164566022,
        0.9667946645033947,
        1.1272836103363235
    ],
    "11": [
        0.6,
        0.9818181818181818,
        0.0,
        1.3489854443312088,
        0.8966930841710028,
        1.112765044031118
    ]
}