{
    "0": [
        0.5666666666666667,
        0.625,
        0.5,
        1.8685496657514333,
        0.9237196231755173,
        1.2316190464924501
    ],
    "1": [
        0.5333333333333333,
        1.0,
        0.0,
        1.2368427783198614,
        0.8976005373352774,
        1.1422964360284107
    ],
    "2": [
        0.5222222222222223,
        1.0,
        0.0,
        0.7636991557977252,
        0.8967653668208868,
        1.0921731396767407
    ],
    "3": [
        0.5,
        1.0,
        0.0,
        0.9151202954533555,
        0.9261302404034122,
        1.0497484108008053
    ],
    "4": [
        0.4444444444444444,
        0.6666666666666666,
        0.25,
        0.670735870840384,
        0.8671511307639452,
        1.1172803093662986
    ],
    "5": [
        0.5777777777777777,
        0.9122807017543859,
        0.0,
        1.5303251866631349,
        0.9201515999964976,
        1.1754155175665129
    ],
    "6": [
        0.5777777777777777,
        1.0,
        0.0,
        1.7484607719202154,
        0.8575783994845456,
        1.1305789178140042
    ],
    "7": [
        0.4222222222222222,
        0.85,
        0.08,
        0.9687883105231514,
        0.8860396298987725,
        1.1545703884307477
    ],
    "8": [
        0.4444444444444444,
        0.7073170731707317,
        0.22448979591836735,
        0.9718874089612544,
        0.9517746306255636,
        1.0996684803621701
    ],
    "9": [
        0.43333333333333335,
        0.975,
        0.0,
        0.8345962813563033,
        0.614238250602748,
        1.1823974075935249
    ],
    "10": [
        0.4666666666666667,
        0.3404255319148936,
        0.6046511627906976,
        1.174619949488156,
        0.9667946645033947,
        1.1272836103363235
    ],
    "11": [
        0.5444444444444444,
        0.6363636363636364,
        0.4,
        1.2530874379947199,
        0.8966930841710028,
        1.112765044031118
    ]
}