{
    "0": [
        0.5222222222222223,
        0.9375,
        0.047619047619047616,
        1.034636259672782,
        0.8428994816087272,
        1.2316190464924501
    ],
    "1": [
        0.4666666666666667,
        0.5208333333333334,
        0.40476190476190477,
        1.2218744689878163,
        0.8976005373352774,
        1.1422964360284107
    ],
    "2": [
        0.5888888888888889,
        0.8085106382978723,
        0.3488372093023256,
        0.9512184952513486,
        0.8967653668208868,
        1.0921731396767407
    ],
    "3": [
        0.5,
        0.1111111111111111,
        0.8888888888888888,
        0.9205625879270501,
        0.9336788081825143,
        1.0415837032379744
    ],
    "4": [
        0.4777777777777778,
        0.8333333333333334,
        0.16666666666666666,
        0.6149344843059972,
        0.8671511307639452,
        1.1172803093662986
    ],
    "5": [
        0.43333333333333335,
        0.17543859649122806,
        0.8787878787878788,
        0.9263013047931161,
        0.9804279995294566,
        1.0090449038870482
    ],
    "6": [
        0.6,
        0.8846153846153846,
        0.21052631578947367,
        1.489198644964562,
        0.8575783994845456,
        1.1305789178140042
    ],
    "7": [
        0.5,
        0.725,
        0.32,
        1.1698292071241654,
        0.9289094236928562,
        1.1545703884307477
    ],
    "8": [
        0.4777777777777778,
        0.7317073170731707,
        0.2653061224489796,
        0.9448225628004254,
        0.9517746306255636,
        1.0996684803621701
    ],
    "9": [
        0.43333333333333335,
        0.6,
        0.3,
        0.8174527954411217,
        0.614238250602748,
        1.1823974075935249
    ],
    "10": [
        0.4888888888888889,
        0.2553191489361702,
        0.7441860465116279,
        1.2024479723303427,
        0.9861434128561005,
        1.1272836103363235
    ],
    "11": [
        0.5444444444444444,
        0.5818181818181818,
        0.4857142857142857,
        1.4245106719397371,
        0.9398616925512996,
        1.112765044031118
    ]
}