{
    "0": [
        0.5666666666666667,
        0.9375,
        0.14285714285714285,
        1.5625470088151165,
        0.8447552001712682,
        1.2316190464924501
    ],
    "1": [
        0.5444444444444444,
        0.9583333333333334,
        0.07142857142857142,
        0.9924643386694538,
        0.8976005373352774,
        1.1422964360284107
    ],
    "2": [
        0.5333333333333333,
        0.9787234042553191,
        0.046511627906976744,
        0.724133005785193,
        0.8967653668208868,
        1.0921731396767407
    ],
    "3": [
        0.5,
        0.7111111111111111,
        0.28888888888888886,
        0.9459125337348381,
        0.9261302404034122,
        1.0497484108008053
    ],
    "4": [
        0.4666666666666667,
        0.9047619047619048,
        0.08333333333333333,
        0.6172232309184542,
        0.8671511307639452,
        1.1172803093662986
    ],
    "5": [
        0.5888888888888889,
        0.7543859649122807,
        0.30303030303030304,
        1.389977231959802,
        0.9201515999964976,
        1.1754155175665129
    ],
    "6": [
        0.5444444444444444,
        0.7115384615384616,
        0.3157894736842105,
        1.6710126947250346,
        0.8575783994845456,
        1.1305789178140042
    ],
    "7": [
        0.5222222222222223,
        0.825,
        0.28,
        1.1929815257688647,
        0.9213085471592081,
        1.1545703884307477
    ],
    "8": [
        0.4666666666666667,
        0.5853658536585366,
        0.3673469387755102,
        1.000668783706983,
        0.951386072544974,
        1.0996684803621701
    ],
    "9": [
        0.45555555555555555,
        0.55,
        0.38,
        0.788258759663287,
        0.614238250602748,
        1.1823974075935249
    ],
    "10": [
        0.5111111111111111,
        0.9787234042553191,
        0.0,
        1.262125059999063,
        0.9135810102599939,
        1.1272836103363235
    ],
    "11": [
        0.5444444444444444,
        0.34545454545454546,
        0.8571428571428571,
        1.2435612199878674,
        0.9824923090648972,
        1.0761464979382598
    ]
}