{
    "0": [
        0.4666666666666667,
        0.5625,
        0.35714285714285715,
        0.5758203934235014,
        0.8428994816087272,
        1.1193362550136103
    ],
    "1": [
        0.5333333333333333,
        1.0,
        0.0,
        1.2368427783198614,
        0.8976005373352774,
        1.1422964360284107
    ],
    "2": [
        0.5222222222222223,
        0.9361702127659575,
        0.06976744186046512,
        0.8141906235905428,
        0.8967653668208868,
        1.0921731396767407
    ],
    "3": [
        0.5222222222222223,
        0.13333333333333333,
        0.9111111111111111,
        1.0051835036536156,
        0.9336788081825143,
        1.0415837032379744
    ],
    "4": [
        0.4666666666666667,
        0.9761904761904762,
        0.020833333333333332,
        0.5399022002699373,
        0.8671511307639452,
        1.1172803093662986
    ],
    "5": [
        0.5555555555555556,
        0.7894736842105263,
        0.15151515151515152,
        1.3621753419182903,
        0.9510629311205345,
        1.1754155175665129
    ],
    "6": [
        0.5,
        0.5192307692307693,
        0.47368421052631576,
        1.5101762829014418,
        0.8575783994845456,
        1.1270765377324055
    ],
    "7": [
        0.4444444444444444,
        0.8,
        0.16,
        0.8780642557904335,
        0.8860396298987725,
        1.1545703884307477
    ],
    "8": [
        0.4777777777777778,
        0.7560975609756098,
        0.24489795918367346,
        1.0135260287099896,
        0.9517746306255636,
        1.0996684803621701
    ],
    "9": [
        0.4111111111111111,
        0.825,
        0.08,
        0.8129123121519214,
        0.614238250602748,
        1.1823974075935249
    ],
    "10": [
        0.4888888888888889,
        0.3191489361702128,
        0.6744186046511628,
        1.187602312007103,
        0.9861434128561005,
        1.1272836103363235
    ],
    "11": [
        0.5444444444444444,
        0.7272727272727273,
        0.2571428571428571,
        1.2147346023876724,
        0.8966930841710028,
        1.112765044031118
    ]
}