{
    "0": [
        0.5333333333333333,
        1.0,
        0.0,
        1.0811403744503039,
        0.8428994816087272,
        1.2316190464924501
    ],
    "1": [
        0.5333333333333333,
        0.9791666666666666,
        0.023809523809523808,
        1.3294711468627796,
        0.8976005373352774,
        1.1422964360284107
    ],
    "2": [
        0.5222222222222223,
        1.0,
        0.0,
        0.7636991557977252,
        0.8967653668208868,
        1.0921731396767407
    ],
    "3": [
        0.5333333333333333,
        0.5555555555555556,
        0.5111111111111111,
        0.9720091411065006,
        0.9261302404034122,
        1.0415837032379744
    ],
    "4": [
        0.4777777777777778,
        0.8809523809523809,
        0.125,
        0.6505935170907342,
        0.8671511307639452,
        1.1172803093662986
    ],
    "5": [
        0.4444444444444444,
        0.3684210526315789,
        0.5757575757575758,
        1.034133547771407,
        0.9780040625231602,
        1.064734270853694
    ],
    "6": [
        0.5333333333333333,
        0.9038461538461539,
        0.02631578947368421,
        1.5174241115198546,
        0.8575783994845456,
        1.1305789178140042
    ],
    "7": [
        0.5,
        0.85,
        0.22,
        1.0012593533412062,
        0.8860396298987725,
        1.1545703884307477
    ],
    "8": [
        0.5111111111111111,
        0.6097560975609756,
        0.42857142857142855,
        1.1517293821546117,
        0.9539722791134384,
        1.0996684803621701
    ],
    "9": [
        0.4222222222222222,
        0.55,
        0.32,
        0.8856010393401622,
        0.614238250602748,
        1.1823974075935249
    ],
    "10": [
        0.4777777777777778,
        0.425531914893617,
        0.5348837209302325,
        1.278499610392939,
        0.9135810102599939,
        1.1272836103363235
    ],
    "11": [
        0.5777777777777777,
        0.8181818181818182,
        0.2,
        1.3332028558397078,
        0.8966930841710028,
        1.112765044031118
    ]
}