{
    "0": [
        0.5333333333333333,
        0.8541666666666666,
        0.16666666666666666,
        1.2908390555544615,
        0.8447552001712682,
        1.2316190464924501
    ],
    "1": [
        0.5111111111111111,
        0.7708333333333334,
        0.21428571428571427,
        1.3237152998805004,
        0.8976005373352774,
        1.1422964360284107
    ],
    "2": [
        0.5666666666666667,
        0.8723404255319149,
        0.23255813953488372,
        0.9570204178444718,
        0.8967653668208868,
        1.0921731396767407
    ],
    "3": [
        0.5111111111111111,
        0.2222222222222222,
        0.8,
        1.053640725927167,
        0.9336788081825143,
        1.0415837032379744
    ],
    "4": [
        0.5222222222222223,
        0.7857142857142857,
        0.2916666666666667,
        0.6331988890525182,
        0.8671511307639452,
        1.1172803093662986
    ],
    "5": [
        0.4888888888888889,
        0.38596491228070173,
        0.6666666666666666,
        1.159681192816555,
        0.9534713219780738,
        1.064734270853694
    ],
    "6": [
        0.45555555555555555,
        0.34615384615384615,
        0.6052631578947368,
        1.3615497024214722,
        0.8575783994845456,
        1.1305789178140042
    ],
    "7": [
        0.5,
        0.8,
        0.26,
        1.1131753164737852,
        0.8860396298987725,
        1.1545703884307477
    ],
    "8": [
        0.4666666666666667,
        0.8292682926829268,
        0.16326530612244897,
        0.9053593081803404,
        0.951386072544974,
        1.0996684803621701
    ],
    "9": [
        0.45555555555555555,
        0.675,
        0.28,
        0.8724795324199984,
        0.614238250602748,
        1.1823974075935249
    ],
    "10": [
        0.5,
        0.9361702127659575,
        0.023255813953488372,
        1.2315001558473746,
        0.9135810102599939,
        1.1272836103363235
    ],
    "11": [
        0.5888888888888889,
        0.6909090909090909,
        0.42857142857142855,
        1.512528988270913,
        0.9398616925512996,
        1.112765044031118
    ]
}