{
    "0": [
        0.4777777777777778,
        0.7708333333333334,
        0.14285714285714285,
        1.0230249239459996,
        0.8447552001712682,
        1.2316190464924501
    ],
    "1": [
        0.5333333333333333,
        1.0,
        0.0,
        1.2368427783198614,
        0.8976005373352774,
        1.1422964360284107
    ],
    "2": [
        0.5222222222222223,
        0.9574468085106383,
        0.046511627906976744,
        0.7648316504079671,
        0.8967653668208868,
        1.0921731396767407
    ],
    "3": [
        0.5222222222222223,
        0.6444444444444445,
        0.4,
        1.0785382222413058,
        0.9489630275408387,
        1.0497484108008053
    ],
    "4": [
        0.5,
        0.8809523809523809,
        0.16666666666666666,
        0.5793884443590482,
        0.8671511307639452,
        1.1172803093662986
    ],
    "5": [
        0.3888888888888889,
        0.3333333333333333,
        0.48484848484848486,
        1.167976952129389,
        0.981492462634456,
        1.1754155175665129
    ],
    "6": [
        0.4888888888888889,
        0.6923076923076923,
        0.21052631578947367,
        1.2051450901148824,
        0.8575783994845456,
        1.1305789178140042
    ],
    "7": [
        0.4666666666666667,
        0.975,
        0.06,
        0.9479142000274263,
        0.8860396298987725,
        1.1545703884307477
    ],
    "8": [
        0.5111111111111111,
        0.4878048780487805,
        0.5306122448979592,
        1.0516394760492012,
        0.9539722791134384,
        1.0996684803621701
    ],
    "9": [
        0.4111111111111111,
        0.65,
        0.22,
        0.7378108848071585,
        0.614238250602748,
        1.1823974075935249
    ],
    "10": [
        0.4888888888888889,
        0.3191489361702128,
        0.6744186046511628,
        1.1975935705960947,
        0.9861434128561005,
        1.1272836103363235
    ],
    "11": [
        0.5,
        0.43636363636363634,
        0.6,
        1.2932847545439166,
        0.9564820017436121,
        1.112765044031118
    ]
}