{
    "0": [
        0.4444444444444444,
        0.4166666666666667,
        0.47619047619047616,
        0.4683274681643748,
        0.8428994816087272,
        1.1193362550136103
    ],
    "1": [
        0.5,
        0.8125,
        0.14285714285714285,
        1.483386980199552,
        0.8976005373352774,
        1.1422964360284107
    ],
    "2": [
        0.6111111111111112,
        0.851063829787234,
        0.3488372093023256,
        0.886228530961785,
        0.8967653668208868,
        1.0921731396767407
    ],
    "3": [
        0.5222222222222223,
        0.17777777777777778,
        0.8666666666666667,
        1.1273884345578906,
        0.969124793782672,
        1.0415837032379744
    ],
    "4": [
        0.5,
        0.6428571428571429,
        0.375,
        0.6173751660340859,
        0.8671511307639452,
        1.1172803093662986
    ],
    "5": [
        0.6,
        0.8771929824561403,
        0.12121212121212122,
        1.4314456406141751,
        0.9201515999964976,
        1.1754155175665129
    ],
    "6": [
        0.4888888888888889,
        0.6730769230769231,
        0.23684210526315788,
        1.4957886321323313,
        0.8575783994845456,
        1.1270765377324055
    ],
    "7": [
        0.4888888888888889,
        0.675,
        0.34,
        1.1508349522961372,
        0.9213085471592081,
        1.1545703884307477
    ],
    "8": [
        0.5,
        0.6585365853658537,
        0.3673469387755102,
        0.9955785206816229,
        0.9517746306255636,
        1.0996684803621701
    ],
    "9": [
        0.4,
        0.875,
        0.02,
        0.7349437795929459,
        0.614238250602748,
        1.1823974075935249
    ],
    "10": [
        0.4666666666666667,
        0.2765957446808511,
        0.6744186046511628,
        1.2250377202202252,
        0.9861434128561005,
        1.1272836103363235
    ],
    "11": [
        0.4666666666666667,
        0.4,
        0.5714285714285714,
        1.235833381863359,
        0.9564820017436121,
        1.112765044031118
    ]
}