{
    "0": [
        0.5444444444444444,
        0.875,
        0.16666666666666666,
        1.6966723537823216,
        0.8447552001712682,
        1.2316190464924501
    ],
    "1": [
        0.5666666666666667,
        0.875,
        0.21428571428571427,
        1.3352447645835055,
        0.8976005373352774,
        1.1422964360284107
    ],
    "2": [
        0.5222222222222223,
        0.9574468085106383,
        0.046511627906976744,
        0.814095680329243,
        0.8967653668208868,
        1.0921731396767407
    ],
    "3": [
        0.4777777777777778,
        0.06666666666666667,
        0.8888888888888888,
        0.9638179370793687,
        0.9336788081825143,
        1.0415837032379744
    ],
    "4": [
        0.4666666666666667,
        0.9047619047619048,
        0.08333333333333333,
        0.6111376315933533,
        0.8671511307639452,
        1.1172803093662986
    ],
    "5": [
        0.6111111111111112,
        0.8771929824561403,
        0.15151515151515152,
        1.4984381176276649,
        0.9201515999964976,
        1.1754155175665129
    ],
    "6": [
        0.5777777777777777,
        1.0,
        0.0,
        1.7484607719202154,
        0.8575783994845456,
        1.1305789178140042
    ],
    "7": [
        0.5444444444444444,
        0.55,
        0.54,
        1.2843641943502477,
        0.9289094236928562,
        1.1545703884307477
    ],
    "8": [
        0.5111111111111111,
        0.8780487804878049,
        0.20408163265306123,
        0.9161503147128509,
        0.951386072544974,
        1.0996684803621701
    ],
    "9": [
        0.4444444444444444,
        0.9,
        0.08,
        0.7552159416308705,
        0.614238250602748,
        1.1823974075935249
    ],
    "10": [
        0.4444444444444444,
        0.44680851063829785,
        0.4418604651162791,
        1.1181276520808572,
        0.9446534606817751,
        1.1272836103363235
    ],
    "11": [
        0.5333333333333333,
        0.32727272727272727,
        0.8571428571428571,
        1.4013808223321642,
        0.9398616925512996,
        1.112765044031118
    ]
}