{
    "0": [
        0.4444444444444444,
        0.3125,
        0.5952380952380952,
        0.8893152639826782,
        0.8447552001712682,
        1.1199363948156908
    ],
    "1": [
        0.5222222222222223,
        0.7708333333333334,
        0.23809523809523808,
        1.3664094659947683,
        0.8976005373352774,
        1.1422964360284107
    ],
    "2": [
        0.4888888888888889,
        0.8297872340425532,
        0.11627906976744186,
        0.7769708064291397,
        0.8967653668208868,
        1.0921731396767407
    ],
    "3": [
        0.4666666666666667,
        0.7555555555555555,
        0.17777777777777778,
        0.9397319352385708,
        0.9261302404034122,
        1.0415837032379744
    ],
    "4": [
        0.45555555555555555,
        0.8809523809523809,
        0.08333333333333333,
        0.5732378109267524,
        0.8671511307639452,
        1.1172803093662986
    ],
    "5": [
        0.6222222222222222,
        0.9122807017543859,
        0.12121212121212122,
        1.4160773195692353,
        0.9201515999964976,
        1.1754155175665129
    ],
    "6": [
        0.43333333333333335,
        0.038461538461538464,
        0.9736842105263158,
        1.0202147083489728,
        0.9933206382575286,
        1.0162139451738406
    ],
    "7": [
        0.45555555555555555,
        0.875,
        0.12,
        1.0466066491403252,
        0.8860396298987725,
        1.1545703884307477
    ],
    "8": [
        0.5,
        0.7073170731707317,
        0.32653061224489793,
        0.8912911150120082,
        0.951386072544974,
        1.0996684803621701
    ],
    "9": [
        0.5,
        0.8,
        0.26,
        0.8720594947351235,
        0.614238250602748,
        1.1823974075935249
    ],
    "10": [
        0.5222222222222223,
        0.2765957446808511,
        0.7906976744186046,
        1.1689945106951278,
        0.9135810102599939,
        1.1272836103363235
    ],
    "11": [
        0.5666666666666667,
        0.6363636363636364,
        0.45714285714285713,
        1.403844163684635,
        0.9398616925512996,
        1.112765044031118
    ]
}