{
    "0": [
        0.5222222222222223,
        0.8958333333333334,
        0.09523809523809523,
        0.9367198305496447,
        0.8428994816087272,
        1.2316190464924501
    ],
    "1": [
        0.5333333333333333,
        1.0,
        0.0,
        1.2368427783198614,
        0.8976005373352774,
        1.1422964360284107
    ],
    "2": [
        0.5888888888888889,
        0.851063829787234,
        0.3023255813953488,
        0.875630861277805,
        0.8967653668208868,
        1.0921731396767407
    ],
    "3": [
        0.5,
        0.4888888888888889,
        0.5111111111111111,
        0.9372489454278773,
        0.9261302404034122,
        1.0415837032379744
    ],
    "4": [
        0.45555555555555555,
        0.9285714285714286,
        0.041666666666666664,
        0.5488271915300316,
        0.8671511307639452,
        1.1172803093662986
    ],
    "5": [
        0.5222222222222223,
        0.5087719298245614,
        0.5454545454545454,
        1.115717523147644,
        0.9510629311205345,
        1.064734270853694
    ],
    "6": [
        0.43333333333333335,
        0.07692307692307693,
        0.9210526315789473,
        1.19217223231935,
        0.9929652716209666,
        1.1197243801018248
    ],
    "7": [
        0.5222222222222223,
        0.9,
        0.22,
        1.1663624667357055,
        0.8860396298987725,
        1.1545703884307477
    ],
    "8": [
        0.4666666666666667,
        0.6585365853658537,
        0.30612244897959184,
        1.0185981839465559,
        0.9517746306255636,
        1.0996684803621701
    ],
    "9": [
        0.4666666666666667,
        0.6,
        0.36,
        0.7569676733367202,
        0.614238250602748,
        1.1823974075935249
    ],
    "10": [
        0.4666666666666667,
        0.3404255319148936,
        0.6046511627906976,
        1.0661911579838577,
        0.9135810102599939,
        1.1272836103363235
    ],
    "11": [
        0.5,
        0.4727272727272727,
        0.5428571428571428,
        1.2448588317173606,
        0.9564820017436121,
        1.112765044031118
    ]
}