{
    "0": [
        0.6661703404696155,
        1.4927411904194885
    ],
    "1": [
        0.8481857289558674,
        1.1635860843649701
    ],
    "2": [
        0.8664496407986239,
        1.1864817575853241
    ],
    "3": [
        0.5952579903796831,
        1.229375438995228
    ],
    "4": [
        0.7984618199910071,
        1.184674933149392
    ],
    "5": [
        0.9084856182957604,
        1.0827245194194302
    ],
    "6": [
        0.8990777699189452,
        1.0859644491131004
    ],
    "7": [
        0.8524908469213444,
        1.1035221886507331
    ],
    "8": [
        0.7792644771645247,
        1.2387915540858705
    ],
    "9": [
        0.939599384962772,
        1.0486329650115855
    ],
    "10": [
        0.9327586596830842,
        1.1337965686312343
    ],
    "11": [
        0.8879893220721449,
        1.1138782435561256
    ],
    "12": [
        0.8873069642614008,
        1.1571873064336844
    ],
    "13": [
        0.8879609063700207,
        1.1043964453476225
    ],
    "14": [
        0.9457035002532441,
        1.1027310426122154
    ],
    "15": [
        0.9316293201250507,
        1.0730082416361308
    ],
    "16": [
        0.9061620363040587,
        1.1288741402120284
    ],
    "17": [
        0.9273026040447679,
        1.1120745129326413
    ],
    "18": [
        0.7462865886362409,
        1.1620809238716658
    ],
    "19": [
        0.7683809535075473,
        1.0965347285248603
    ],
    "20": [
        0.8806637449863877,
        1.1571005183912737
    ],
    "21": [
        0.8577035639715873,
        1.1032346331791143
    ],
    "22": [
        0.9078268603232594,
        1.0738697595965858
    ],
    "23": [
        0.8827196906336987,
        1.1328488692360557
    ],
    "24": [
        0.9232317859014979,
        1.0881924636264346
    ],
    "25": [
        0.8245844824334904,
        1.0699012828300132
    ],
    "26": [
        0.8887169538056321,
        1.142421600515453
    ],
    "27": [
        0.8454296115692501,
        1.113960370101228
    ],
    "28": [
        0.8587116585989286,
        1.3857617493972527
    ],
    "29": [
        0.8176025924064749,
        1.0864189897400016
    ],
    "30": [
        0.8872349559688812,
        1.1033069158289937
    ]
}