{
    "0": 0.045586020156286315,
    "1": 1.0670334515489381,
    "2": 0.5350803716695756,
    "3": 0.07505862286333569,
    "4": 1.1764615514848493,
    "5": 0.782253347136714,
    "6": 1.5169159605197653,
    "7": 1.2870711916897655,
    "8": 0.8759403834993356,
    "9": 0.8524306111971769,
    "10": 1.1109904525220113,
    "11": 0.4974060259488331,
    "12": 0.9504942046627795,
    "13": 0.5804110712063099,
    "14": 1.0724711496666481,
    "15": 0.614829457068439,
    "16": 0.8020268603400711,
    "17": 0.37012654029641,
    "18": 0.4871135366188248,
    "19": 0.22523416318964987,
    "20": 1.3270150261562523,
    "21": 1.16009856248162,
    "22": 0.8483449622039028,
    "23": 1.4333286796309939,
    "24": 0.8988184278427092,
    "25": 0.38747193920794615,
    "26": 0.7483864574329743,
    "27": 1.317051577407901,
    "28": 1.030955208032977,
    "29": 0.48521747060638915,
    "30": 0.8680586174924126
}
