{
    "0": [
        0.4777777777777778,
        0.22916666666666666,
        0.7619047619047619,
        0.5847927463840447,
        0.8428994816087272,
        1.1088237689448541
    ],
    "1": [
        0.43333333333333335,
        0.08333333333333333,
        0.8333333333333334,
        1.0528925314891908,
        0.9358864027538706,
        1.066876746895579
    ],
    "2": [
        0.5666666666666667,
        0.2765957446808511,
        0.8837209302325582,
        1.2154468534984935,
        0.9695676234518912,
        1.085465458606541
    ],
    "3": [
        0.5,
        0.0,
        1.0,
        1,
        1,
        1
    ],
    "4": [
        0.5333333333333333,
        0.6666666666666666,
        0.4166666666666667,
        0.8346478469424126,
        0.9001306779661119,
        1.1026824909934292
    ],
    "5": [
        0.5555555555555556,
        0.7368421052631579,
        0.24242424242424243,
        1.516902050087474,
        0.9201515999964976,
        1.1754155175665129
    ],
    "6": [
        0.5777777777777777,
        0.7884615384615384,
        0.2894736842105263,
        1.4596530947420943,
        0.8575783994845456,
        1.1305789178140042
    ],
    "7": [
        0.4888888888888889,
        0.375,
        0.58,
        0.8467774429839255,
        0.8860396298987725,
        1.0761582023758802
    ],
    "8": [
        0.5,
        0.5121951219512195,
        0.4897959183673469,
        0.9585375748056751,
        0.9517746306255636,
        1.0996684803621701
    ],
    "9": [
        0.5,
        0.125,
        0.8,
        1.1478553625618952,
        0.9450091581568407,
        1.1025624992932657
    ],
    "10": [
        0.4666666666666667,
        0.5531914893617021,
        0.37209302325581395,
        1.0762851441179337,
        0.9135810102599939,
        1.078811281340542
    ],
    "11": [
        0.5777777777777777,
        0.6909090909090909,
        0.4,
        1.0782258300291583,
        0.8966930841710028,
        1.0761464979382598
    ]
}