{
    "0": [
        0.43333333333333335,
        0.020833333333333332,
        0.9047619047619048,
        0.8172010300536422,
        0.8935639029891718,
        1.1042350595192174
    ],
    "1": [
        0.5777777777777777,
        0.8333333333333334,
        0.2857142857142857,
        1.507249678423139,
        0.8976005373352774,
        1.1422964360284107
    ],
    "2": [
        0.5333333333333333,
        0.9574468085106383,
        0.06976744186046512,
        0.7590902811547102,
        0.8967653668208868,
        1.0921731396767407
    ],
    "3": [
        0.5444444444444444,
        0.3111111111111111,
        0.7777777777777778,
        0.942671609656723,
        0.9416399759588683,
        1.0324221310424897
    ],
    "4": [
        0.5666666666666667,
        0.11904761904761904,
        0.9583333333333334,
        0.944190815012145,
        0.911807536373567,
        1.061218017325207
    ],
    "5": [
        0.5333333333333333,
        0.5263157894736842,
        0.5454545454545454,
        1.3755505256385772,
        0.9201515999964976,
        1.1754155175665129
    ],
    "6": [
        0.5,
        0.40384615384615385,
        0.631578947368421,
        0.9695156021234557,
        0.8707473242818813,
        1.0999418441903264
    ],
    "7": [
        0.4111111111111111,
        0.775,
        0.12,
        0.9089315385095735,
        0.8860396298987725,
        1.1545703884307477
    ],
    "8": [
        0.4777777777777778,
        0.3170731707317073,
        0.6122448979591837,
        0.8212782476765687,
        0.951386072544974,
        1.0364075305018494
    ],
    "9": [
        0.5222222222222223,
        0.375,
        0.64,
        0.9246353594717506,
        0.9441287787096084,
        1.0475966430219024
    ],
    "10": [
        0.4777777777777778,
        0.0,
        1.0,
        1,
        1,
        1
    ],
    "11": [
        0.5888888888888889,
        0.6909090909090909,
        0.42857142857142855,
        1.3282529383161106,
        0.8966930841710028,
        1.112765044031118
    ]
}