{
    "0": [
        0.45555555555555555,
        0.1875,
        0.7619047619047619,
        0.8153904640706685,
        0.8428994816087272,
        1.1193362550136103
    ],
    "1": [
        0.5333333333333333,
        0.5208333333333334,
        0.5476190476190477,
        1.256435165958125,
        0.8976005373352774,
        1.1422964360284107
    ],
    "2": [
        0.5777777777777777,
        0.8936170212765957,
        0.23255813953488372,
        0.9542718807917956,
        0.9029473490481763,
        1.0921731396767407
    ],
    "3": [
        0.5111111111111111,
        0.28888888888888886,
        0.7333333333333333,
        0.9926484720401842,
        0.9261302404034122,
        1.0324221310424897
    ],
    "4": [
        0.5111111111111111,
        0.5952380952380952,
        0.4375,
        0.6799190095685649,
        0.8671511307639452,
        1.1172803093662986
    ],
    "5": [
        0.45555555555555555,
        0.22807017543859648,
        0.8484848484848485,
        0.9473738862432878,
        0.9201515999964976,
        1.0338337391099
    ],
    "6": [
        0.5777777777777777,
        0.9230769230769231,
        0.10526315789473684,
        1.7027566291195282,
        0.8575783994845456,
        1.1305789178140042
    ],
    "7": [
        0.4777777777777778,
        0.85,
        0.18,
        0.8412877729279495,
        0.8860396298987725,
        1.1545703884307477
    ],
    "8": [
        0.5111111111111111,
        0.21951219512195122,
        0.7551020408163265,
        0.9201253418365851,
        0.9517746306255636,
        1.0518116263863733
    ],
    "9": [
        0.43333333333333335,
        0.425,
        0.44,
        0.6328068501723978,
        0.614238250602748,
        1.1412883414010726
    ],
    "10": [
        0.5333333333333333,
        0.8085106382978723,
        0.23255813953488372,
        1.0816045669852057,
        0.9135810102599939,
        1.078811281340542
    ],
    "11": [
        0.4444444444444444,
        0.5454545454545454,
        0.2857142857142857,
        0.9249016526167,
        0.8966930841710028,
        1.0761464979382598
    ]
}