{
    "0": [
        0.4222222222222222,
        0.0625,
        0.8333333333333334,
        0.678504312989716,
        0.8428994816087272,
        1.1042350595192174
    ],
    "1": [
        0.5,
        0.4375,
        0.5714285714285714,
        0.9754065527620573,
        0.8993958574636876,
        1.0897668882566307
    ],
    "2": [
        0.5666666666666667,
        0.574468085106383,
        0.5581395348837209,
        1.0488188737081832,
        0.9029473490481763,
        1.085465458606541
    ],
    "3": [
        0.5222222222222223,
        0.8666666666666667,
        0.17777777777777778,
        1.169839674271643,
        0.9489630275408387,
        1.0497484108008053
    ],
    "4": [
        0.5111111111111111,
        0.5238095238095238,
        0.5,
        0.8550452261153806,
        0.9001306779661119,
        1.0729698336752207
    ],
    "5": [
        0.6333333333333333,
        1.0,
        0.0,
        1.560999435928594,
        0.9201515999964976,
        1.1754155175665129
    ],
    "6": [
        0.5333333333333333,
        0.75,
        0.23684210526315788,
        1.7684151247615503,
        0.8575783994845456,
        1.1305789178140042
    ],
    "7": [
        0.4777777777777778,
        0.95,
        0.1,
        0.9634469204444195,
        0.8860396298987725,
        1.1545703884307477
    ],
    "8": [
        0.5111111111111111,
        0.36585365853658536,
        0.6326530612244898,
        1.0792771753741048,
        0.9517746306255636,
        1.0833847541861696
    ],
    "9": [
        0.4888888888888889,
        0.125,
        0.78,
        0.5567005403323084,
        0.614238250602748,
        1.1412883414010726
    ],
    "10": [
        0.4777777777777778,
        0.5531914893617021,
        0.3953488372093023,
        0.9828824990433734,
        0.9372473116814342,
        1.0759544369374359
    ],
    "11": [
        0.5444444444444444,
        0.6363636363636364,
        0.4,
        1.188747604027725,
        0.8966930841710028,
        1.112765044031118
    ]
}