{
    "0": [
        0.45555555555555555,
        0.16666666666666666,
        0.7857142857142857,
        0.6987334638103111,
        0.8428994816087272,
        1.1193362550136103
    ],
    "1": [
        0.5444444444444444,
        0.8333333333333334,
        0.21428571428571427,
        1.210755117769216,
        0.8976005373352774,
        1.1422964360284107
    ],
    "2": [
        0.5,
        0.2978723404255319,
        0.7209302325581395,
        1.272582611518407,
        0.9380556815520376,
        1.0921731396767407
    ],
    "3": [
        0.4444444444444444,
        0.24444444444444444,
        0.6444444444444445,
        0.9933091516921343,
        0.9763200092772786,
        1.0312008864121507
    ],
    "4": [
        0.4888888888888889,
        0.8809523809523809,
        0.14583333333333334,
        0.6687001059946064,
        0.8671511307639452,
        1.1172803093662986
    ],
    "5": [
        0.4888888888888889,
        0.42105263157894735,
        0.6060606060606061,
        1.0213271754518283,
        0.9201515999964976,
        1.0353789874767925
    ],
    "6": [
        0.6,
        0.8846153846153846,
        0.21052631578947367,
        1.848612511291324,
        0.8575783994845456,
        1.1305789178140042
    ],
    "7": [
        0.4444444444444444,
        1.0,
        0.0,
        0.9067176888350073,
        0.8860396298987725,
        1.1545703884307477
    ],
    "8": [
        0.4444444444444444,
        0.7317073170731707,
        0.20408163265306123,
        0.8990957579849331,
        0.951386072544974,
        1.0996684803621701
    ],
    "9": [
        0.5,
        0.55,
        0.46,
        0.6212174704449368,
        0.614238250602748,
        1.1412883414010726
    ],
    "10": [
        0.4777777777777778,
        0.3404255319148936,
        0.627906976744186,
        0.9624202372834535,
        0.9372473116814342,
        1.0759544369374359
    ],
    "11": [
        0.5666666666666667,
        0.8545454545454545,
        0.11428571428571428,
        1.1201294192058995,
        0.8966930841710028,
        1.0761464979382598
    ]
}