{
    "0": [
        0.4777777777777778,
        0.14583333333333334,
        0.8571428571428571,
        1.1554986298436485,
        0.9237196231755173,
        1.1042350595192174
    ],
    "1": [
        0.4666666666666667,
        0.0,
        1.0,
        1,
        1,
        1
    ],
    "2": [
        0.5444444444444444,
        0.8723404255319149,
        0.18604651162790697,
        0.9140912014383079,
        0.9029473490481763,
        1.0921731396767407
    ],
    "3": [
        0.5777777777777777,
        0.5555555555555556,
        0.6,
        1.249068199169972,
        0.969124793782672,
        1.0497484108008053
    ],
    "4": [
        0.5777777777777777,
        0.42857142857142855,
        0.7083333333333334,
        1.0067753879052497,
        0.9379612616570732,
        1.1172803093662986
    ],
    "5": [
        0.36666666666666664,
        0.017543859649122806,
        0.9696969696969697,
        0.980156580462974,
        0.981492462634456,
        1
    ],
    "6": [
        0.5333333333333333,
        0.4807692307692308,
        0.6052631578947368,
        2.118946439282614,
        0.930098717169988,
        1.1305789178140042
    ],
    "7": [
        0.4222222222222222,
        0.875,
        0.06,
        0.898760424450642,
        0.8860396298987725,
        1.1545703884307477
    ],
    "8": [
        0.4222222222222222,
        0.7804878048780488,
        0.12244897959183673,
        0.9039301292730237,
        0.951386072544974,
        1.0996684803621701
    ],
    "9": [
        0.5555555555555556,
        0.0,
        1.0,
        1,
        1,
        1
    ],
    "10": [
        0.4666666666666667,
        0.44680851063829785,
        0.4883720930232558,
        0.9843427718467374,
        0.9372473116814342,
        1.0759544369374359
    ],
    "11": [
        0.5444444444444444,
        0.5818181818181818,
        0.4857142857142857,
        1.12748608813603,
        0.8966930841710028,
        1.0761464979382598
    ]
}