{
    "0": [
        0.5,
        0.2916666666666667,
        0.7380952380952381,
        0.8068547090890281,
        0.8428994816087272,
        1.1193362550136103
    ],
    "1": [
        0.5777777777777777,
        0.7291666666666666,
        0.40476190476190477,
        1.6098135173489585,
        0.8976005373352774,
        1.1422964360284107
    ],
    "2": [
        0.5333333333333333,
        0.9574468085106383,
        0.06976744186046512,
        0.7671279255056996,
        0.8967653668208868,
        1.0921731396767407
    ],
    "3": [
        0.5,
        0.5111111111111111,
        0.4888888888888889,
        0.9640868045450377,
        0.9261302404034122,
        1.0497484108008053
    ],
    "4": [
        0.5,
        0.5238095238095238,
        0.4791666666666667,
        0.8227794189016181,
        0.8671511307639452,
        1.1172803093662986
    ],
    "5": [
        0.6222222222222222,
        0.9298245614035088,
        0.09090909090909091,
        1.4791397853824426,
        0.9201515999964976,
        1.1754155175665129
    ],
    "6": [
        0.4777777777777778,
        0.28846153846153844,
        0.7368421052631579,
        1.1150956540670411,
        0.8707473242818813,
        1.0728631958172465
    ],
    "7": [
        0.6222222222222222,
        0.4,
        0.8,
        1.1554660438710207,
        0.9289094236928562,
        1.0761582023758802
    ],
    "8": [
        0.4777777777777778,
        0.5609756097560976,
        0.40816326530612246,
        0.9911332674140876,
        0.9517746306255636,
        1.0996684803621701
    ],
    "9": [
        0.5111111111111111,
        0.5,
        0.52,
        0.7253680166839792,
        0.614238250602748,
        1.1823974075935249
    ],
    "10": [
        0.5,
        0.7021276595744681,
        0.27906976744186046,
        1.0496823704086533,
        0.9135810102599939,
        1.078811281340542
    ],
    "11": [
        0.4444444444444444,
        0.43636363636363634,
        0.45714285714285713,
        0.8963185943804549,
        0.8966930841710028,
        1.0345883457826892
    ]
}