{
    "0": [
        0.5222222222222223,
        0.7916666666666666,
        0.21428571428571427,
        1.098941074533768,
        0.8447552001712682,
        1.2316190464924501
    ],
    "1": [
        0.5444444444444444,
        0.5833333333333334,
        0.5,
        1.065368231452979,
        0.9068769836662509,
        1.1422964360284107
    ],
    "2": [
        0.5333333333333333,
        0.5106382978723404,
        0.5581395348837209,
        0.9240445083439058,
        0.9380556815520376,
        1.085465458606541
    ],
    "3": [
        0.5,
        0.2,
        0.8,
        1.10340006417255,
        0.9908459736804256,
        1.0312008864121507
    ],
    "4": [
        0.5,
        0.5714285714285714,
        0.4375,
        0.7415372204863835,
        0.9001306779661119,
        1.0729698336752207
    ],
    "5": [
        0.6333333333333333,
        0.9122807017543859,
        0.15151515151515152,
        1.5125082995484067,
        0.9201515999964976,
        1.1754155175665129
    ],
    "6": [
        0.5777777777777777,
        1.0,
        0.0,
        1.7484607719202154,
        0.8575783994845456,
        1.1305789178140042
    ],
    "7": [
        0.5111111111111111,
        0.675,
        0.38,
        1.3471371075354972,
        0.9289094236928562,
        1.1545703884307477
    ],
    "8": [
        0.5,
        0.7073170731707317,
        0.32653061224489793,
        0.8708283022178899,
        0.951386072544974,
        1.0996684803621701
    ],
    "9": [
        0.5777777777777777,
        0.1,
        0.96,
        0.9759930387109074,
        0.949539875437737,
        1.0475966430219024
    ],
    "10": [
        0.4777777777777778,
        0.46808510638297873,
        0.4883720930232558,
        0.9632476598746323,
        0.9372473116814342,
        1.0759544369374359
    ],
    "11": [
        0.5222222222222223,
        0.6727272727272727,
        0.2857142857142857,
        1.1084681816233009,
        0.8966930841710028,
        1.0761464979382598
    ]
}