{
    "0": [
        0.5444444444444444,
        0.3958333333333333,
        0.7142857142857143,
        1.8437846293301932,
        0.8428994816087272,
        1.2316190464924501
    ],
    "1": [
        0.45555555555555555,
        0.5,
        0.40476190476190477,
        0.699222164694135,
        0.8976005373352774,
        1.0897668882566307
    ],
    "2": [
        0.5333333333333333,
        0.8085106382978723,
        0.23255813953488372,
        0.9188365151759063,
        0.8967653668208868,
        1.0921731396767407
    ],
    "3": [
        0.5111111111111111,
        0.28888888888888886,
        0.7333333333333333,
        1.1286524949770902,
        0.9771048992469948,
        1.0324221310424897
    ],
    "4": [
        0.5333333333333333,
        0.5476190476190477,
        0.5208333333333334,
        0.9651147498576109,
        0.8935441597545427,
        1.1172803093662986
    ],
    "5": [
        0.4111111111111111,
        0.12280701754385964,
        0.9090909090909091,
        1.0848619968136912,
        0.9901862735180618,
        1.064734270853694
    ],
    "6": [
        0.4777777777777778,
        0.25,
        0.7894736842105263,
        1.0052443180950907,
        0.8575783994845456,
        1.1034163726621444
    ],
    "7": [
        0.43333333333333335,
        0.975,
        0.0,
        0.8965019609552837,
        0.8860396298987725,
        1.1545703884307477
    ],
    "8": [
        0.4666666666666667,
        0.9024390243902439,
        0.10204081632653061,
        1.0105329274417094,
        0.9517746306255636,
        1.0996684803621701
    ],
    "9": [
        0.5111111111111111,
        0.15,
        0.8,
        1.0246022589956538,
        0.9102666786883837,
        1.1823974075935249
    ],
    "10": [
        0.4888888888888889,
        0.0851063829787234,
        0.9302325581395349,
        1.1414421289355974,
        0.9748005919692732,
        1.0759544369374359
    ],
    "11": [
        0.5333333333333333,
        0.3090909090909091,
        0.8857142857142857,
        1.1327161738181593,
        0.9786622155337532,
        1.0345883457826892
    ]
}