{
    "0": [
        0.43333333333333335,
        0.1875,
        0.7142857142857143,
        0.7277212100295837,
        0.8428994816087272,
        1.1193362550136103
    ],
    "1": [
        0.5333333333333333,
        0.5833333333333334,
        0.47619047619047616,
        1.2798792075053051,
        0.8976005373352774,
        1.1131882542126519
    ],
    "2": [
        0.5444444444444444,
        0.6808510638297872,
        0.3953488372093023,
        0.9458729884883622,
        0.8967653668208868,
        1.085465458606541
    ],
    "3": [
        0.5,
        0.0,
        1.0,
        1,
        1,
        1
    ],
    "4": [
        0.5,
        0.7857142857142857,
        0.25,
        0.7777499014216775,
        0.8671511307639452,
        1.1172803093662986
    ],
    "5": [
        0.4888888888888889,
        0.47368421052631576,
        0.5151515151515151,
        1.1788864014714617,
        0.9201515999964976,
        1.0767682140985009
    ],
    "6": [
        0.5444444444444444,
        0.5384615384615384,
        0.5526315789473685,
        1.5948765315740332,
        0.8707473242818813,
        1.1305789178140042
    ],
    "7": [
        0.4111111111111111,
        0.9,
        0.02,
        0.8116943092980682,
        0.8860396298987725,
        1.1545703884307477
    ],
    "8": [
        0.5555555555555556,
        0.36585365853658536,
        0.7142857142857143,
        1.1046888357592168,
        0.9702760900406621,
        1.0996684803621701
    ],
    "9": [
        0.4888888888888889,
        0.425,
        0.54,
        0.8474544155347687,
        0.614238250602748,
        1.1823974075935249
    ],
    "10": [
        0.4666666666666667,
        0.48936170212765956,
        0.4418604651162791,
        0.9397392759361034,
        0.9372473116814342,
        1.0759544369374359
    ],
    "11": [
        0.5111111111111111,
        0.5636363636363636,
        0.42857142857142855,
        1.0693044615225085,
        0.8966930841710028,
        1.112765044031118
    ]
}