{
    "0": [
        0.45555555555555555,
        0.1875,
        0.7619047619047619,
        1.1202932319096872,
        0.8428994816087272,
        1.1193362550136103
    ],
    "1": [
        0.4666666666666667,
        0.6458333333333334,
        0.2619047619047619,
        1.2870752014213647,
        0.8976005373352774,
        1.1422964360284107
    ],
    "2": [
        0.4444444444444444,
        0.3404255319148936,
        0.5581395348837209,
        0.6947084790121127,
        0.8967653668208868,
        1.0466594156990907
    ],
    "3": [
        0.5,
        0.8222222222222222,
        0.17777777777777778,
        0.9786621178464633,
        0.9261302404034122,
        1.0497484108008053
    ],
    "4": [
        0.5,
        0.5238095238095238,
        0.4791666666666667,
        0.7038677335706784,
        0.8671511307639452,
        1.1172803093662986
    ],
    "5": [
        0.4444444444444444,
        0.2982456140350877,
        0.696969696969697,
        1.052196709738087,
        0.981492462634456,
        1.064734270853694
    ],
    "6": [
        0.5444444444444444,
        0.6923076923076923,
        0.34210526315789475,
        1.368450928583423,
        0.8575783994845456,
        1.1305789178140042
    ],
    "7": [
        0.4888888888888889,
        0.9,
        0.16,
        1.065608820695872,
        0.8860396298987725,
        1.1545703884307477
    ],
    "8": [
        0.5111111111111111,
        0.6829268292682927,
        0.3673469387755102,
        1.0337674287517644,
        0.951386072544974,
        1.0833847541861696
    ],
    "9": [
        0.5888888888888889,
        0.375,
        0.76,
        1.1778750120422832,
        0.9500306037482869,
        1.0873652710390624
    ],
    "10": [
        0.4888888888888889,
        0.0425531914893617,
        0.9767441860465116,
        1.154943731848564,
        1,
        1.1272836103363235
    ],
    "11": [
        0.5555555555555556,
        0.5818181818181818,
        0.5142857142857142,
        1.1584283413846146,
        0.8966930841710028,
        1.112765044031118
    ]
}