{
    "0": [
        0.5555555555555556,
        0.7083333333333334,
        0.38095238095238093,
        1.4505210971084253,
        0.8428994816087272,
        1.2316190464924501
    ],
    "1": [
        0.5444444444444444,
        1.0,
        0.023809523809523808,
        1.139501485687856,
        0.8976005373352774,
        1.1422964360284107
    ],
    "2": [
        0.5777777777777777,
        0.9148936170212766,
        0.20930232558139536,
        0.8533416214908565,
        0.8967653668208868,
        1.0921731396767407
    ],
    "3": [
        0.5111111111111111,
        0.9111111111111111,
        0.1111111111111111,
        0.9659140925359349,
        0.9261302404034122,
        1.0497484108008053
    ],
    "4": [
        0.45555555555555555,
        0.6190476190476191,
        0.3125,
        0.6050088728434707,
        0.8671511307639452,
        1.1172803093662986
    ],
    "5": [
        0.5777777777777777,
        0.8070175438596491,
        0.18181818181818182,
        1.4149488105575945,
        0.9510629311205345,
        1.1754155175665129
    ],
    "6": [
        0.4666666666666667,
        0.4423076923076923,
        0.5,
        1.5140806508918996,
        0.9045573023657182,
        1.1305789178140042
    ],
    "7": [
        0.5,
        0.825,
        0.24,
        1.0422360751747333,
        0.8860396298987725,
        1.1545703884307477
    ],
    "8": [
        0.5222222222222223,
        0.6829268292682927,
        0.3877551020408163,
        1.0366598509338703,
        0.951386072544974,
        1.0996684803621701
    ],
    "9": [
        0.5888888888888889,
        0.6,
        0.58,
        1.114528625826594,
        0.9102666786883837,
        1.1823974075935249
    ],
    "10": [
        0.5,
        0.3617021276595745,
        0.6511627906976745,
        1.311003507821746,
        0.9135810102599939,
        1.1272836103363235
    ],
    "11": [
        0.5777777777777777,
        0.6181818181818182,
        0.5142857142857142,
        1.1568163294626723,
        0.8966930841710028,
        1.112765044031118
    ]
}