{
    "0": [
        0.4777777777777778,
        0.375,
        0.5952380952380952,
        0.7867744967586408,
        0.8428994816087272,
        1.1193362550136103
    ],
    "1": [
        0.5444444444444444,
        1.0,
        0.023809523809523808,
        1.139501485687856,
        0.8976005373352774,
        1.1422964360284107
    ],
    "2": [
        0.5222222222222223,
        0.574468085106383,
        0.46511627906976744,
        0.7632620822094179,
        0.9029473490481763,
        1.0537517108668841
    ],
    "3": [
        0.5555555555555556,
        0.4222222222222222,
        0.6888888888888889,
        1.0385530093563229,
        0.9261302404034122,
        1.0415837032379744
    ],
    "4": [
        0.5,
        0.023809523809523808,
        0.9166666666666666,
        0.921499466455372,
        0.8935441597545427,
        1.0423761213303204
    ],
    "5": [
        0.4666666666666667,
        0.3508771929824561,
        0.6666666666666666,
        1.0406626241621992,
        0.9534713219780738,
        1.064734270853694
    ],
    "6": [
        0.5555555555555556,
        0.9038461538461539,
        0.07894736842105263,
        1.2969527125546327,
        0.8575783994845456,
        1.1270765377324055
    ],
    "7": [
        0.4666666666666667,
        0.95,
        0.08,
        0.9337228648594461,
        0.8860396298987725,
        1.1545703884307477
    ],
    "8": [
        0.4777777777777778,
        0.8536585365853658,
        0.16326530612244897,
        0.9978790628943671,
        0.951386072544974,
        1.0996684803621701
    ],
    "9": [
        0.5333333333333333,
        0.775,
        0.34,
        1.3041484770470515,
        0.9399775357549068,
        1.1025624992932657
    ],
    "10": [
        0.5222222222222223,
        0.6382978723404256,
        0.3953488372093023,
        1.1925849597021545,
        0.9135810102599939,
        1.1272836103363235
    ],
    "11": [
        0.5444444444444444,
        0.36363636363636365,
        0.8285714285714286,
        1.3421900538394749,
        0.9398616925512996,
        1.112765044031118
    ]
}