{
    "0": [
        0.43333333333333335,
        0.08333333333333333,
        0.8333333333333334,
        0.7457103289329732,
        0.8447552001712682,
        1.1088237689448541
    ],
    "1": [
        0.4888888888888889,
        0.625,
        0.3333333333333333,
        0.8661511520855695,
        0.8976005373352774,
        1.1422964360284107
    ],
    "2": [
        0.4777777777777778,
        0.425531914893617,
        0.5348837209302325,
        0.8721069305953107,
        0.9029473490481763,
        1.0537517108668841
    ],
    "3": [
        0.5777777777777777,
        0.6,
        0.5555555555555556,
        1.0404406708129705,
        0.9261302404034122,
        1.0497484108008053
    ],
    "4": [
        0.4777777777777778,
        0.047619047619047616,
        0.8541666666666666,
        0.8150330492361043,
        0.8671511307639452,
        1.0423761213303204
    ],
    "5": [
        0.5222222222222223,
        0.5263157894736842,
        0.5151515151515151,
        1.1804098999753705,
        0.9780040625231602,
        1.064734270853694
    ],
    "6": [
        0.5555555555555556,
        0.9615384615384616,
        0.0,
        1.6400519848291186,
        0.8575783994845456,
        1.1305789178140042
    ],
    "7": [
        0.5777777777777777,
        0.875,
        0.34,
        1.348714089437035,
        0.9289094236928562,
        1.1545703884307477
    ],
    "8": [
        0.4666666666666667,
        0.7560975609756098,
        0.22448979591836735,
        0.9688604735446511,
        0.951386072544974,
        1.0833847541861696
    ],
    "9": [
        0.5333333333333333,
        0.425,
        0.62,
        1.159114831431202,
        0.9399775357549068,
        1.0873652710390624
    ],
    "10": [
        0.45555555555555555,
        0.5319148936170213,
        0.37209302325581395,
        1.3180000910275596,
        0.9135810102599939,
        1.1272836103363235
    ],
    "11": [
        0.5666666666666667,
        0.38181818181818183,
        0.8571428571428571,
        1.2963247927056603,
        0.9398616925512996,
        1.112765044031118
    ]
}