{
    "0": [
        0.4888888888888889,
        0.8333333333333334,
        0.09523809523809523,
        1.1664275101442068,
        0.8428994816087272,
        1.2316190464924501
    ],
    "1": [
        0.5333333333333333,
        1.0,
        0.0,
        1.2368427783198614,
        0.8976005373352774,
        1.1422964360284107
    ],
    "2": [
        0.4,
        0.10638297872340426,
        0.7209302325581395,
        0.9131529207915297,
        0.9399594511998197,
        1.0534479686807725
    ],
    "3": [
        0.5,
        0.7777777777777778,
        0.2222222222222222,
        1.0114447527694026,
        0.9261302404034122,
        1.0497484108008053
    ],
    "4": [
        0.5222222222222223,
        0.30952380952380953,
        0.7083333333333334,
        0.5705427867816358,
        0.8671511307639452,
        1.1172803093662986
    ],
    "5": [
        0.5555555555555556,
        0.5964912280701754,
        0.48484848484848486,
        1.0770149907259947,
        0.9510629311205345,
        1.064734270853694
    ],
    "6": [
        0.5555555555555556,
        0.9230769230769231,
        0.05263157894736842,
        1.5500359750456323,
        0.8575783994845456,
        1.1305789178140042
    ],
    "7": [
        0.45555555555555555,
        0.85,
        0.14,
        1.074746985997268,
        0.9213085471592081,
        1.1545703884307477
    ],
    "8": [
        0.5555555555555556,
        0.43902439024390244,
        0.6530612244897959,
        1.0385221285008457,
        0.951386072544974,
        1.0833847541861696
    ],
    "9": [
        0.4888888888888889,
        0.25,
        0.68,
        0.9171553609218973,
        0.9441287787096084,
        1.0475966430219024
    ],
    "10": [
        0.5333333333333333,
        0.8085106382978723,
        0.23255813953488372,
        1.4541893846329623,
        0.9135810102599939,
        1.1272836103363235
    ],
    "11": [
        0.5666666666666667,
        0.8545454545454545,
        0.11428571428571428,
        1.2178227168374083,
        0.8966930841710028,
        1.112765044031118
    ]
}