{
    "0": [
        0.4444444444444444,
        0.22916666666666666,
        0.6904761904761905,
        0.6818528787501946,
        0.8428994816087272,
        1.1193362550136103
    ],
    "1": [
        0.5444444444444444,
        1.0,
        0.023809523809523808,
        1.139501485687856,
        0.8976005373352774,
        1.1422964360284107
    ],
    "2": [
        0.5333333333333333,
        0.9361702127659575,
        0.09302325581395349,
        0.7596951349436706,
        0.8967653668208868,
        1.0921731396767407
    ],
    "3": [
        0.5444444444444444,
        0.5111111111111111,
        0.5777777777777777,
        0.974950876899296,
        0.9261302404034122,
        1.0415837032379744
    ],
    "4": [
        0.4777777777777778,
        0.23809523809523808,
        0.6875,
        0.6016609621626527,
        0.8671511307639452,
        1.1172803093662986
    ],
    "5": [
        0.4,
        0.21052631578947367,
        0.7272727272727273,
        1.0746500841805715,
        0.981492462634456,
        1.064734270853694
    ],
    "6": [
        0.4777777777777778,
        0.5384615384615384,
        0.39473684210526316,
        1.0312017253670482,
        0.8575783994845456,
        1.1270765377324055
    ],
    "7": [
        0.4888888888888889,
        0.9,
        0.16,
        0.9869254332690217,
        0.8860396298987725,
        1.1545703884307477
    ],
    "8": [
        0.4888888888888889,
        0.8048780487804879,
        0.22448979591836735,
        0.9959196942878457,
        0.951386072544974,
        1.0996684803621701
    ],
    "9": [
        0.5222222222222223,
        0.325,
        0.68,
        1.1957760345602002,
        0.9102666786883837,
        1.1823974075935249
    ],
    "10": [
        0.4777777777777778,
        0.14893617021276595,
        0.8372093023255814,
        1.0789103174824204,
        0.9135810102599939,
        1.1272836103363235
    ],
    "11": [
        0.6,
        0.8363636363636363,
        0.22857142857142856,
        1.122652277449369,
        0.8966930841710028,
        1.112765044031118
    ]
}