{
    "0": [
        0.45555555555555555,
        0.4583333333333333,
        0.4523809523809524,
        0.6093492809611409,
        0.8428994816087272,
        1.1193362550136103
    ],
    "1": [
        0.5111111111111111,
        0.6875,
        0.30952380952380953,
        1.3335552693129016,
        0.8976005373352774,
        1.1422964360284107
    ],
    "2": [
        0.4888888888888889,
        0.6382978723404256,
        0.32558139534883723,
        0.7028846586852597,
        0.8967653668208868,
        1.0921731396767407
    ],
    "3": [
        0.5111111111111111,
        0.9555555555555556,
        0.06666666666666667,
        0.9973227910446887,
        0.9261302404034122,
        1.0497484108008053
    ],
    "4": [
        0.5333333333333333,
        0.19047619047619047,
        0.8333333333333334,
        0.7393739033835556,
        0.8671511307639452,
        1.1172803093662986
    ],
    "5": [
        0.43333333333333335,
        0.3157894736842105,
        0.6363636363636364,
        1.056013396437587,
        0.9780040625231602,
        1.064734270853694
    ],
    "6": [
        0.5666666666666667,
        0.9423076923076923,
        0.05263157894736842,
        1.4405134675431106,
        0.8575783994845456,
        1.1305789178140042
    ],
    "7": [
        0.4777777777777778,
        0.875,
        0.16,
        0.9124979972569345,
        0.8860396298987725,
        1.1545703884307477
    ],
    "8": [
        0.4777777777777778,
        0.7560975609756098,
        0.24489795918367346,
        1.1513274737799342,
        0.951386072544974,
        1.0996684803621701
    ],
    "9": [
        0.5222222222222223,
        0.475,
        0.56,
        1.3876785276170054,
        0.9302193023206287,
        1.1823974075935249
    ],
    "10": [
        0.5111111111111111,
        0.2553191489361702,
        0.7906976744186046,
        1.1870114357390602,
        0.9135810102599939,
        1.1272836103363235
    ],
    "11": [
        0.5111111111111111,
        0.4909090909090909,
        0.5428571428571428,
        1.3803964815914385,
        0.9398616925512996,
        1.112765044031118
    ]
}