{
    "0": [
        0.5111111111111111,
        0.8958333333333334,
        0.07142857142857142,
        1.0725620113320373,
        0.8428994816087272,
        1.2316190464924501
    ],
    "1": [
        0.6,
        0.9375,
        0.21428571428571427,
        1.3925674157289722,
        0.8976005373352774,
        1.1422964360284107
    ],
    "2": [
        0.5333333333333333,
        0.6382978723404256,
        0.4186046511627907,
        0.9915278362669555,
        0.9029473490481763,
        1.0921731396767407
    ],
    "3": [
        0.5888888888888889,
        0.6222222222222222,
        0.5555555555555556,
        1.104234726931332,
        0.9261302404034122,
        1.0497484108008053
    ],
    "4": [
        0.4666666666666667,
        0.9047619047619048,
        0.08333333333333333,
        0.6111376315933533,
        0.8671511307639452,
        1.1172803093662986
    ],
    "5": [
        0.4888888888888889,
        0.3508771929824561,
        0.7272727272727273,
        1.0751374817321964,
        0.9510629311205345,
        1.064734270853694
    ],
    "6": [
        0.5777777777777777,
        0.9615384615384616,
        0.05263157894736842,
        1.7216754282422289,
        0.8575783994845456,
        1.1305789178140042
    ],
    "7": [
        0.5111111111111111,
        0.875,
        0.22,
        1.0347188389741415,
        0.8860396298987725,
        1.1545703884307477
    ],
    "8": [
        0.5,
        0.8048780487804879,
        0.24489795918367346,
        0.9135097390163457,
        0.951386072544974,
        1.0833847541861696
    ],
    "9": [
        0.5,
        0.65,
        0.38,
        0.7999094983295648,
        0.614238250602748,
        1.1823974075935249
    ],
    "10": [
        0.5111111111111111,
        0.1276595744680851,
        0.9302325581395349,
        1.1865161081483153,
        0.9135810102599939,
        1.1272836103363235
    ],
    "11": [
        0.5222222222222223,
        0.5818181818181818,
        0.42857142857142855,
        1.182591975451699,
        0.8966930841710028,
        1.112765044031118
    ]
}