{
    "0": [
        0.5333333333333333,
        0.5833333333333334,
        0.47619047619047616,
        1.7670624461194286,
        0.8796590351586018,
        1.2316190464924501
    ],
    "1": [
        0.5333333333333333,
        1.0,
        0.0,
        1.2368427783198614,
        0.8976005373352774,
        1.1422964360284107
    ],
    "2": [
        0.4444444444444444,
        0.2978723404255319,
        0.6046511627906976,
        0.7918211042539538,
        0.8967653668208868,
        1.0537517108668841
    ],
    "3": [
        0.5111111111111111,
        0.8888888888888888,
        0.13333333333333333,
        0.9377249033486105,
        0.9261302404034122,
        1.0497484108008053
    ],
    "4": [
        0.5111111111111111,
        0.7857142857142857,
        0.2708333333333333,
        0.6394742057167123,
        0.8671511307639452,
        1.1172803093662986
    ],
    "5": [
        0.4222222222222222,
        0.21052631578947367,
        0.7878787878787878,
        1.0623122135071148,
        0.981492462634456,
        1.064734270853694
    ],
    "6": [
        0.43333333333333335,
        0.5576923076923077,
        0.2631578947368421,
        1.3078617576793483,
        0.901987449185666,
        1.1305789178140042
    ],
    "7": [
        0.5333333333333333,
        0.875,
        0.26,
        1.0671838499908626,
        0.8860396298987725,
        1.1545703884307477
    ],
    "8": [
        0.5222222222222223,
        0.3902439024390244,
        0.6326530612244898,
        0.8438759804426418,
        0.951386072544974,
        1.0397782609385222
    ],
    "9": [
        0.6,
        0.5,
        0.68,
        1.1575613394212152,
        0.9302193023206287,
        1.0873652710390624
    ],
    "10": [
        0.5111111111111111,
        0.425531914893617,
        0.6046511627906976,
        1.3052593472880063,
        0.9372473116814342,
        1.1272836103363235
    ],
    "11": [
        0.5777777777777777,
        0.5818181818181818,
        0.5714285714285714,
        1.3285197121950336,
        0.9398616925512996,
        1.112765044031118
    ]
}