{
    "0": [
        0.5555555555555556,
        0.5416666666666666,
        0.5714285714285714,
        2.0742567724035834,
        0.9034652714751406,
        1.2316190464924501
    ],
    "1": [
        0.5333333333333333,
        1.0,
        0.0,
        1.2368427783198614,
        0.8976005373352774,
        1.1422964360284107
    ],
    "2": [
        0.6111111111111112,
        0.8085106382978723,
        0.3953488372093023,
        0.9692417910147679,
        0.8967653668208868,
        1.0921731396767407
    ],
    "3": [
        0.4888888888888889,
        0.8888888888888888,
        0.08888888888888889,
        1.0432031013041547,
        0.9261302404034122,
        1.0497484108008053
    ],
    "4": [
        0.4777777777777778,
        0.047619047619047616,
        0.8541666666666666,
        0.8129085490184762,
        0.8671511307639452,
        1.0423761213303204
    ],
    "5": [
        0.6222222222222222,
        0.9122807017543859,
        0.12121212121212122,
        1.4469096577153264,
        0.9201515999964976,
        1.1754155175665129
    ],
    "6": [
        0.4,
        0.19230769230769232,
        0.6842105263157895,
        1.162652164169358,
        0.9045573023657182,
        1.1305789178140042
    ],
    "7": [
        0.45555555555555555,
        0.925,
        0.08,
        0.9344734822952983,
        0.8860396298987725,
        1.1545703884307477
    ],
    "8": [
        0.4888888888888889,
        0.926829268292683,
        0.12244897959183673,
        1.0905435763941667,
        0.951386072544974,
        1.0996684803621701
    ],
    "9": [
        0.5333333333333333,
        0.575,
        0.5,
        0.9662864403983086,
        0.614238250602748,
        1.1823974075935249
    ],
    "10": [
        0.5111111111111111,
        0.2765957446808511,
        0.7674418604651163,
        1.1405000703810022,
        0.9135810102599939,
        1.1272836103363235
    ],
    "11": [
        0.5666666666666667,
        0.4727272727272727,
        0.7142857142857143,
        1.374367620214908,
        0.9398616925512996,
        1.112765044031118
    ]
}